00000000  7f 45 4c 46 01 01 01 00  00 00 00 00 00 00 00 00  |.ELF............|
00000010  02 00 03 00 01 00 00 00  00 00 03 00 34 00 00 00  |............4...|
00000020  74 ef 00 00 00 00 00 00  34 00 20 00 04 00 28 00  |t.......4. ...(.|
00000030  0f 00 0e 00 01 00 00 00  00 10 00 00 00 00 03 00  |................|
00000040  00 00 03 00 b1 31 00 00  b1 31 00 00 05 00 00 00  |.....1...1......|
00000050  00 10 00 00 01 00 00 00  00 50 00 00 00 40 03 00  |.........P...@..|
00000060  00 40 03 00 84 07 00 00  84 07 00 00 04 00 00 00  |.@..............|
00000070  00 10 00 00 01 00 00 00  00 60 00 00 00 50 03 00  |.........`...P..|
00000080  00 50 03 00 01 00 00 00  3c 10 00 00 06 00 00 00  |.P......<.......|
00000090  00 10 00 00 51 e5 74 64  00 00 00 00 00 00 00 00  |....Q.td........|
000000a0  00 00 00 00 00 00 00 00  00 00 00 00 06 00 00 00  |................|
000000b0  10 00 00 00 00 00 00 00  00 00 00 00 00 00 00 00  |................|
000000c0  00 00 00 00 00 00 00 00  00 00 00 00 00 00 00 00  |................|
*
00001000  12 01 03 00 5b 2a 03 00  55 89 e5 81 ec 98 00 00  |....[*..U.......|
00001010  00 83 7d 08 00 78 08 8b  45 08 83 f8 0e 76 31 83  |..}..x..E....v1.|
00001020  ec 04 ff 75 08 68 54 41  03 00 8d 85 70 ff ff ff  |...u.hTA....p...|
00001030  50 e8 9b 2a 00 00 83 c4  10 83 ec 0c 8d 85 70 ff  |P..*..........p.|
00001040  ff ff 50 e8 0a 29 00 00  83 c4 10 e9 c0 00 00 00  |..P..)..........|
00001050  8b 55 08 89 d0 01 c0 01  d0 c1 e0 02 05 a0 40 03  |.U............@.|
00001060  00 89 45 f4 8b 45 f4 0f  b6 40 08 0f b6 c0 83 ec  |..E..E...@......|
00001070  0c 50 e8 9c 29 00 00 83  c4 10 89 45 f0 83 7d f0  |.P..)......E..}.|
00001080  00 79 31 8b 45 f4 8b 00  83 ec 04 50 68 6a 41 03  |.y1.E......PhjA.|
00001090  00 8d 85 70 ff ff ff 50  e8 34 2a 00 00 83 c4 10  |...p...P.4*.....|
000010a0  83 ec 0c 8d 85 70 ff ff  ff 50 e8 a3 28 00 00 83  |.....p...P..(...|
000010b0  c4 10 eb 5c 83 7d f0 00  75 49 8b 45 f4 8b 50 04  |...\.}..uI.E..P.|
000010c0  8b 45 f4 8b 00 83 ec 08  52 50 e8 4c 29 00 00 83  |.E......RP.L)...|
000010d0  c4 10 8b 45 f4 8b 00 83  ec 04 50 68 88 41 03 00  |...E......Ph.A..|
000010e0  8d 85 70 ff ff ff 50 e8  e5 29 00 00 83 c4 10 83  |..p...P..)......|
000010f0  ec 0c 8d 85 70 ff ff ff  50 e8 54 28 00 00 83 c4  |....p...P.T(....|
00001100  10 eb 0d 8b 45 08 8b 55  f0 89 14 85 00 60 03 00  |....E..U.....`..|
00001110  c9 c3 55 89 e5 81 ec b8  00 00 00 c7 85 54 ff ff  |..U..........T..|
00001120  ff 00 00 00 00 c7 85 58  ff ff ff 00 00 00 00 c7  |.......X........|
00001130  85 5c ff ff ff 00 00 00  00 c7 85 60 ff ff ff 00  |.\.........`....|
00001140  00 00 00 c7 85 64 ff ff  ff 00 00 00 00 83 ec 0c  |.....d..........|
00001150  8d 85 54 ff ff ff 50 6a  05 6a 0d ff 75 08 6a 02  |..T...Pj.j..u.j.|
00001160  e8 5a 25 00 00 83 c4 20  89 45 ec 83 7d ec 02 75  |.Z%.... .E..}..u|
00001170  0e 8b 85 58 ff ff ff 0f  b6 00 a2 00 50 03 00 83  |...X........P...|
00001180  ec 0c 68 a3 41 03 00 e8  2f 28 00 00 83 c4 10 8b  |..h.A.../(......|
00001190  85 54 ff ff ff 83 ec 04  50 68 bd 41 03 00 8d 85  |.T......Ph.A....|
000011a0  68 ff ff ff 50 e8 27 29  00 00 83 c4 10 83 ec 0c  |h...P.')........|
000011b0  8d 85 68 ff ff ff 50 e8  96 27 00 00 83 c4 10 c7  |..h...P..'......|
000011c0  45 f4 00 00 00 00 eb 12  83 ec 0c ff 75 f4 e8 35  |E...........u..5|
000011d0  fe ff ff 83 c4 10 83 45  f4 01 8b 45 f4 83 f8 0e  |.......E...E....|
000011e0  76 e6 83 ec 0c 68 da 41  03 00 e8 cc 27 00 00 83  |v....h.A....'...|
000011f0  c4 10 8b 85 54 ff ff ff  83 ec 04 50 68 e4 41 03  |....T......Ph.A.|
00001200  00 8d 85 68 ff ff ff 50  e8 c4 28 00 00 83 c4 10  |...h...P..(.....|
00001210  83 ec 0c 8d 85 68 ff ff  ff 50 e8 33 27 00 00 83  |.....h...P.3'...|
00001220  c4 10 83 ec 0c 8d 85 50  ff ff ff 50 e8 da 27 00  |.......P...P..'.|
00001230  00 83 c4 10 89 45 e8 83  7d e8 00 7f 32 8b 85 54  |.....E..}...2..T|
00001240  ff ff ff ff 75 e8 50 68  06 42 03 00 8d 85 68 ff  |....u.Ph.B....h.|
00001250  ff ff 50 e8 79 28 00 00  83 c4 10 83 ec 0c 8d 85  |..P.y(..........|
00001260  68 ff ff ff 50 e8 e8 26  00 00 83 c4 10 eb b3 8b  |h...P..&........|
00001270  95 50 ff ff ff 8b 85 54  ff ff ff 83 ec 0c 52 ff  |.P.....T......R.|
00001280  75 e8 50 68 21 42 03 00  8d 85 68 ff ff ff 50 e8  |u.Ph!B....h...P.|
00001290  3d 28 00 00 83 c4 20 83  ec 0c 8d 85 68 ff ff ff  |=(.... .....h...|
000012a0  50 e8 ac 26 00 00 83 c4  10 c7 45 f0 00 00 00 00  |P..&......E.....|
000012b0  eb 36 8b 45 f0 8b 04 85  00 60 03 00 39 45 e8 75  |.6.E.....`..9E.u|
000012c0  23 8b 45 f0 c7 04 85 00  60 03 00 00 00 00 00 83  |#.E.....`.......|
000012d0  7d f0 00 75 20 83 ec 0c  6a 00 e8 29 fd ff ff 83  |}..u ...j..)....|
000012e0  c4 10 eb 11 83 45 f0 01  8b 45 f0 83 f8 0e 76 c2  |.....E...E....v.|
000012f0  e9 2d ff ff ff 90 e9 27  ff ff ff 55 89 e5 81 ec  |.-.....'...U....|
00001300  98 00 00 00 c6 45 ea 2e  e8 2e 27 00 00 89 45 f0  |.....E....'...E.|
00001310  e8 2e 27 00 00 89 45 ec  83 ec 0c 6a 00 e8 29 27  |..'...E....j..)'|
00001320  00 00 83 c4 10 88 45 eb  0f b6 45 eb 83 ec 0c ff  |......E...E.....|
00001330  75 ec 50 ff 75 f0 68 36  42 03 00 8d 85 6a ff ff  |u.P.u.h6B....j..|
00001340  ff 50 e8 8a 27 00 00 83  c4 20 83 ec 0c 8d 85 6a  |.P..'.... .....j|
00001350  ff ff ff 50 e8 f9 25 00  00 83 c4 10 83 ec 04 6a  |...P..%........j|
00001360  01 8d 45 ea 50 6a 01 e8  bf 26 00 00 83 c4 10 c7  |..E.Pj...&......|
00001370  45 f4 00 00 00 00 eb 04  83 45 f4 01 81 7d f4 ff  |E........E...}..|
00001380  e0 f5 05 7e f3 83 ec 04  6a 01 8d 45 ea 50 6a 01  |...~....j..E.Pj.|
00001390  e8 96 26 00 00 83 c4 10  eb d5 55 89 e5 81 ec c8  |..&.......U.....|
000013a0  00 00 00 c7 45 f4 1e 00  00 00 c6 45 f3 31 c7 85  |....E......E.1..|
000013b0  48 ff ff ff 00 00 00 00  c7 85 4c ff ff ff 00 00  |H.........L.....|
000013c0  00 00 c7 85 50 ff ff ff  00 00 00 00 c7 85 54 ff  |....P.........T.|
000013d0  ff ff 00 00 00 00 c7 85  58 ff ff ff 00 00 00 00  |........X.......|
000013e0  83 ec 0c 8d 85 48 ff ff  ff 50 6a 05 6a 0d ff 75  |.....H...Pj.j..u|
000013f0  08 6a 03 e8 c7 22 00 00  83 c4 20 89 45 e0 83 7d  |.j...".... .E..}|
00001400  e0 02 74 1d 83 7d e0 03  75 28 8b 85 50 ff ff ff  |..t..}..u(..P...|
00001410  83 ec 08 6a 0a 50 e8 2b  29 00 00 83 c4 10 89 45  |...j.P.+)......E|
00001420  f4 8b 85 4c ff ff ff 0f  b6 00 88 45 f3 e9 9e 00  |...L.......E....|
00001430  00 00 8b 85 48 ff ff ff  ff 75 e0 50 68 50 42 03  |....H....u.PhPB.|
00001440  00 8d 85 5c ff ff ff 50  e8 84 26 00 00 83 c4 10  |...\...P..&.....|
00001450  83 ec 0c 8d 85 5c ff ff  ff 50 e8 f3 24 00 00 83  |.....\...P..$...|
00001460  c4 10 c7 45 ec 01 00 00  00 eb 4d 8b 45 ec 8b 84  |...E......M.E...|
00001470  85 48 ff ff ff 85 c0 74  0c 8b 45 ec 8b 84 85 48  |.H.....t..E....H|
00001480  ff ff ff eb 05 b8 64 42  03 00 83 ec 04 50 68 6b  |......dB.....Phk|
00001490  42 03 00 8d 85 5c ff ff  ff 50 e8 32 26 00 00 83  |B....\...P.2&...|
000014a0  c4 10 83 ec 0c 8d 85 5c  ff ff ff 50 e8 a1 24 00  |.......\...P..$.|
000014b0  00 83 c4 10 83 45 ec 01  8b 45 ec 3b 45 e0 7e ab  |.....E...E.;E.~.|
000014c0  83 ec 0c 68 6f 42 03 00  e8 85 24 00 00 83 c4 10  |...hoB....$.....|
000014d0  0f be 45 f3 83 ec 0c 50  e8 bd 24 00 00 83 c4 10  |..E....P..$.....|
000014e0  89 45 dc 83 7d dc 01 74  2e 0f be 45 f3 ff 75 dc  |.E..}..t...E..u.|
000014f0  50 68 71 42 03 00 8d 85  5c ff ff ff 50 e8 cf 25  |PhqB....\...P..%|
00001500  00 00 83 c4 10 83 ec 0c  8d 85 5c ff ff ff 50 e8  |..........\...P.|
00001510  3e 24 00 00 83 c4 10 c7  45 e8 00 00 00 00 eb 61  |>$......E......a|
00001520  c7 45 e4 00 00 00 00 eb  04 83 45 e4 01 81 7d e4  |.E........E...}.|
00001530  9f 25 26 00 7e f3 0f be  45 f3 83 ec 0c 50 e8 57  |.%&.~...E....P.W|
00001540  24 00 00 83 c4 10 89 45  dc 83 7d dc 01 74 2e 0f  |$......E..}..t..|
00001550  be 45 f3 ff 75 dc 50 68  8e 42 03 00 8d 85 5c ff  |.E..u.Ph.B....\.|
00001560  ff ff 50 e8 69 25 00 00  83 c4 10 83 ec 0c 8d 85  |..P.i%..........|
00001570  5c ff ff ff 50 e8 d8 23  00 00 83 c4 10 83 45 e8  |\...P..#......E.|
00001580  01 8b 45 e8 3b 45 f4 7c  97 0f be 45 f3 83 e8 0f  |..E.;E.|...E....|
00001590  83 ec 0c 50 e8 6a 24 00  00 83 c4 10 c7 85 44 ff  |...P.j$.......D.|
000015a0  ff ff 2a 31 2a 00 0f b6  45 f3 88 85 45 ff ff ff  |..*1*...E...E...|
000015b0  83 ec 04 6a 03 8d 85 44  ff ff ff 50 6a 01 e8 68  |...j...D...Pj..h|
000015c0  24 00 00 83 c4 10 89 45  dc 83 7d dc 03 74 2e 0f  |$......E..}..t..|
000015d0  be 45 f3 ff 75 dc 50 68  ac 42 03 00 8d 85 5c ff  |.E..u.Ph.B....\.|
000015e0  ff ff 50 e8 e9 24 00 00  83 c4 10 83 ec 0c 8d 85  |..P..$..........|
000015f0  5c ff ff ff 50 e8 58 23  00 00 83 c4 10 b8 63 00  |\...P.X#......c.|
00001600  00 00 c9 c3 55 89 e5 81  ec b8 00 00 00 c7 45 f4  |....U.........E.|
00001610  1e 00 00 00 c6 45 f3 32  c7 85 48 ff ff ff 00 00  |.....E.2..H.....|
00001620  00 00 c7 85 4c ff ff ff  00 00 00 00 c7 85 50 ff  |....L.........P.|
00001630  ff ff 00 00 00 00 c7 85  54 ff ff ff 00 00 00 00  |........T.......|
00001640  c7 85 58 ff ff ff 00 00  00 00 83 ec 0c 8d 85 48  |..X............H|
00001650  ff ff ff 50 6a 05 6a 0d  ff 75 08 6a 03 e8 5d 20  |...Pj.j..u.j..] |
00001660  00 00 83 c4 20 89 45 e0  83 7d e0 02 74 1d 83 7d  |.... .E..}..t..}|
00001670  e0 03 75 28 8b 85 50 ff  ff ff 83 ec 08 6a 0a 50  |..u(..P......j.P|
00001680  e8 c1 26 00 00 83 c4 10  89 45 f4 8b 85 4c ff ff  |..&......E...L..|
00001690  ff 0f b6 00 88 45 f3 e9  9e 00 00 00 8b 85 48 ff  |.....E........H.|
000016a0  ff ff ff 75 e0 50 68 cb  42 03 00 8d 85 5c ff ff  |...u.Ph.B....\..|
000016b0  ff 50 e8 1a 24 00 00 83  c4 10 83 ec 0c 8d 85 5c  |.P..$..........\|
000016c0  ff ff ff 50 e8 89 22 00  00 83 c4 10 c7 45 ec 00  |...P.."......E..|
000016d0  00 00 00 eb 4d 8b 45 ec  8b 84 85 48 ff ff ff 85  |....M.E....H....|
000016e0  c0 74 0c 8b 45 ec 8b 84  85 48 ff ff ff eb 05 b8  |.t..E....H......|
000016f0  df 42 03 00 83 ec 04 50  68 e6 42 03 00 8d 85 5c  |.B.....Ph.B....\|
00001700  ff ff ff 50 e8 c8 23 00  00 83 c4 10 83 ec 0c 8d  |...P..#.........|
00001710  85 5c ff ff ff 50 e8 37  22 00 00 83 c4 10 83 45  |.\...P.7"......E|
00001720  ec 01 8b 45 ec 3b 45 e0  7e ab 83 ec 0c 68 ea 42  |...E.;E.~....h.B|
00001730  03 00 e8 1b 22 00 00 83  c4 10 0f be 45 f3 83 ec  |....".......E...|
00001740  0c 50 e8 53 22 00 00 83  c4 10 89 45 dc 83 7d dc  |.P.S"......E..}.|
00001750  01 74 2e 0f be 45 f3 ff  75 dc 50 68 ec 42 03 00  |.t...E..u.Ph.B..|
00001760  8d 85 5c ff ff ff 50 e8  65 23 00 00 83 c4 10 83  |..\...P.e#......|
00001770  ec 0c 8d 85 5c ff ff ff  50 e8 d4 21 00 00 83 c4  |....\...P..!....|
00001780  10 c7 45 e8 00 00 00 00  eb 61 c7 45 e4 00 00 00  |..E......a.E....|
00001790  00 eb 04 83 45 e4 01 81  7d e4 9f 25 26 00 7e f3  |....E...}..%&.~.|
000017a0  0f be 45 f3 83 ec 0c 50  e8 ed 21 00 00 83 c4 10  |..E....P..!.....|
000017b0  89 45 dc 83 7d dc 01 74  2e 0f be 45 f3 ff 75 dc  |.E..}..t...E..u.|
000017c0  50 68 09 43 03 00 8d 85  5c ff ff ff 50 e8 ff 22  |Ph.C....\...P.."|
000017d0  00 00 83 c4 10 83 ec 0c  8d 85 5c ff ff ff 50 e8  |..........\...P.|
000017e0  6e 21 00 00 83 c4 10 83  45 e8 01 8b 45 e8 3b 45  |n!......E...E.;E|
000017f0  f4 7c 97 0f be 45 f3 83  e8 08 c9 c3 55 89 e5 81  |.|...E......U...|
00001800  ec b8 00 00 00 c6 45 df  33 c7 45 e8 0a 00 00 00  |......E.3.E.....|
00001810  c7 45 f4 1e 00 00 00 c7  85 48 ff ff ff 00 00 00  |.E.......H......|
00001820  00 c7 85 4c ff ff ff 00  00 00 00 c7 85 50 ff ff  |...L.........P..|
00001830  ff 00 00 00 00 c7 85 54  ff ff ff 00 00 00 00 c7  |.......T........|
00001840  85 58 ff ff ff 00 00 00  00 83 ec 0c 8d 85 48 ff  |.X............H.|
00001850  ff ff 50 6a 05 6a 0d ff  75 08 6a 03 e8 5e 1e 00  |..Pj.j..u.j..^..|
00001860  00 83 c4 20 89 45 e4 83  7d e4 02 74 1d 83 7d e4  |... .E..}..t..}.|
00001870  03 75 28 8b 85 50 ff ff  ff 83 ec 08 6a 0a 50 e8  |.u(..P......j.P.|
00001880  c2 24 00 00 83 c4 10 89  45 f4 8b 85 4c ff ff ff  |.$......E...L...|
00001890  0f b6 00 88 45 df e9 9e  00 00 00 8b 85 48 ff ff  |....E........H..|
000018a0  ff ff 75 e4 50 68 26 43  03 00 8d 85 5f ff ff ff  |..u.Ph&C...._...|
000018b0  50 e8 1b 22 00 00 83 c4  10 83 ec 0c 8d 85 5f ff  |P..".........._.|
000018c0  ff ff 50 e8 8a 20 00 00  83 c4 10 c7 45 f0 00 00  |..P.. ......E...|
000018d0  00 00 eb 4d 8b 45 f0 8b  84 85 48 ff ff ff 85 c0  |...M.E....H.....|
000018e0  74 0c 8b 45 f0 8b 84 85  48 ff ff ff eb 05 b8 3a  |t..E....H......:|
000018f0  43 03 00 83 ec 04 50 68  41 43 03 00 8d 85 5f ff  |C.....PhAC...._.|
00001900  ff ff 50 e8 c9 21 00 00  83 c4 10 83 ec 0c 8d 85  |..P..!..........|
00001910  5f ff ff ff 50 e8 38 20  00 00 83 c4 10 83 45 f0  |_...P.8 ......E.|
00001920  01 8b 45 f0 3b 45 e4 7e  ab 83 ec 0c 68 45 43 03  |..E.;E.~....hEC.|
00001930  00 e8 1c 20 00 00 83 c4  10 0f b6 45 df 0f be c0  |... .......E....|
00001940  83 ec 0c 50 e8 51 20 00  00 83 c4 10 89 45 e0 83  |...P.Q ......E..|
00001950  7d e0 01 74 31 0f b6 45  df 0f be c0 ff 75 e0 50  |}..t1..E.....u.P|
00001960  68 47 43 03 00 8d 85 5f  ff ff ff 50 e8 60 21 00  |hGC...._...P.`!.|
00001970  00 83 c4 10 83 ec 0c 8d  85 5f ff ff ff 50 e8 cf  |........._...P..|
00001980  1f 00 00 83 c4 10 83 ec  04 6a 01 8d 45 df 50 6a  |.........j..E.Pj|
00001990  01 e8 95 20 00 00 83 c4  10 c7 45 ec 00 00 00 00  |... ......E.....|
000019a0  eb 2c 8b 45 e8 69 c0 e8  03 00 00 83 ec 0c 50 e8  |.,.E.i........P.|
000019b0  7f 20 00 00 83 c4 10 83  ec 04 6a 01 8d 45 df 50  |. ........j..E.P|
000019c0  6a 01 e8 64 20 00 00 83  c4 10 83 45 ec 01 8b 45  |j..d ......E...E|
000019d0  ec 3b 45 f4 7c cc 83 ec  0c 6a 00 e8 23 20 00 00  |.;E.|....j..# ..|
000019e0  83 c4 10 b8 2a 00 00 00  c9 c3 55 89 e5 81 ec c8  |....*.....U.....|
000019f0  00 00 00 c7 45 f4 00 00  00 00 c7 45 f0 05 00 00  |....E......E....|
00001a00  00 c6 45 ef 68 c7 85 40  ff ff ff 00 00 00 00 c7  |..E.h..@........|
00001a10  85 44 ff ff ff 00 00 00  00 c7 85 48 ff ff ff 00  |.D.........H....|
00001a20  00 00 00 c7 85 4c ff ff  ff 00 00 00 00 c7 85 50  |.....L.........P|
00001a30  ff ff ff 00 00 00 00 83  ec 0c 8d 85 40 ff ff ff  |............@...|
00001a40  50 6a 05 6a 0d ff 75 08  6a 03 e8 70 1c 00 00 83  |Pj.j..u.j..p....|
00001a50  c4 20 89 45 e0 8b 85 40  ff ff ff 89 45 dc 83 7d  |. .E...@....E..}|
00001a60  e0 02 74 1d 83 7d e0 03  75 28 8b 85 48 ff ff ff  |..t..}..u(..H...|
00001a70  83 ec 08 6a 0a 50 e8 cb  22 00 00 83 c4 10 89 45  |...j.P.."......E|
00001a80  f0 8b 85 44 ff ff ff 0f  b6 00 88 45 ef e9 9a 00  |...D.......E....|
00001a90  00 00 ff 75 e0 ff 75 dc  68 68 43 03 00 8d 85 54  |...u..u.hhC....T|
00001aa0  ff ff ff 50 e8 28 20 00  00 83 c4 10 83 ec 0c 8d  |...P.( .........|
00001ab0  85 54 ff ff ff 50 e8 97  1e 00 00 83 c4 10 c7 45  |.T...P.........E|
00001ac0  e8 00 00 00 00 eb 4d 8b  45 e0 8b 84 85 40 ff ff  |......M.E....@..|
00001ad0  ff 85 c0 74 0c 8b 45 e0  8b 84 85 40 ff ff ff eb  |...t..E....@....|
00001ae0  05 b8 7c 43 03 00 83 ec  04 50 68 83 43 03 00 8d  |..|C.....Ph.C...|
00001af0  85 54 ff ff ff 50 e8 d6  1f 00 00 83 c4 10 83 ec  |.T...P..........|
00001b00  0c 8d 85 54 ff ff ff 50  e8 45 1e 00 00 83 c4 10  |...T...P.E......|
00001b10  83 45 e8 01 8b 45 e8 3b  45 e0 7e ab 83 ec 0c 68  |.E...E.;E.~....h|
00001b20  87 43 03 00 e8 29 1e 00  00 83 c4 10 0f be 45 ef  |.C...)........E.|
00001b30  83 ec 0c 50 e8 61 1e 00  00 83 c4 10 c7 45 d8 89  |...P.a.......E..|
00001b40  43 03 00 c7 45 e4 00 00  00 00 eb 53 b8 d3 24 03  |C...E......S..$.|
00001b50  00 83 ec 08 ff 75 d8 50  e8 0b 1d 00 00 83 c4 10  |.....u.P........|
00001b60  89 45 d4 83 7d d4 00 79  32 0f be 45 ef ff 75 d4  |.E..}..y2..E..u.|
00001b70  50 68 94 43 03 00 8d 85  54 ff ff ff 50 e8 4f 1f  |Ph.C....T...P.O.|
00001b80  00 00 83 c4 10 83 ec 0c  8d 85 54 ff ff ff 50 e8  |..........T...P.|
00001b90  be 1d 00 00 83 c4 10 83  45 f4 01 83 45 e4 01 8b  |........E...E...|
00001ba0  45 e4 3b 45 f0 7c a5 83  ec 0c 6a 00 e8 82 1e 00  |E.;E.|....j.....|
00001bb0  00 83 c4 10 0f be 45 ef  83 ec 0c 50 e8 d9 1d 00  |......E....P....|
00001bc0  00 83 c4 10 83 ec 0c ff  75 f4 e8 34 1e 00 00 83  |........u..4....|
00001bd0  c4 10 b8 2a 00 00 00 c9  c3 55 89 e5 81 ec 98 01  |...*.....U......|
00001be0  00 00 c7 45 f4 05 00 00  00 c6 45 cf 69 c7 45 e0  |...E......E.i.E.|
00001bf0  05 00 00 00 c7 85 4b ff  ff ff 2a 3f 2a 00 c7 45  |......K...*?*..E|
00001c00  f0 00 00 00 00 c7 85 6c  fe ff ff 00 00 00 00 c7  |.......l........|
00001c10  85 70 fe ff ff 00 00 00  00 c7 85 74 fe ff ff 00  |.p.........t....|
00001c20  00 00 00 c7 85 78 fe ff  ff 00 00 00 00 c7 85 7c  |.....x.........||
00001c30  fe ff ff 00 00 00 00 83  ec 0c 8d 85 6c fe ff ff  |............l...|
00001c40  50 6a 05 6a 0d ff 75 08  6a 03 e8 70 1a 00 00 83  |Pj.j..u.j..p....|
00001c50  c4 20 89 45 dc 83 7d dc  03 74 18 83 7d dc 03 7f  |. .E..}..t..}...|
00001c60  3a 83 7d dc 01 0f 84 d0  00 00 00 83 7d dc 02 74  |:.}.........}..t|
00001c70  19 eb 28 8b 85 74 fe ff  ff 83 ec 08 6a 0a 50 e8  |..(..t......j.P.|
00001c80  c2 20 00 00 83 c4 10 89  45 f4 8b 85 70 fe ff ff  |. ......E...p...|
00001c90  0f b6 00 88 45 cf e9 a1  00 00 00 8b 85 6c fe ff  |....E........l..|
00001ca0  ff ff 75 dc 50 68 b7 43  03 00 8d 85 4f ff ff ff  |..u.Ph.C....O...|
00001cb0  50 e8 1b 1e 00 00 83 c4  10 83 ec 0c 8d 85 4f ff  |P.............O.|
00001cc0  ff ff 50 e8 8a 1c 00 00  83 c4 10 c7 45 ec 00 00  |..P.........E...|
00001cd0  00 00 eb 4d 8b 45 ec 8b  84 85 6c fe ff ff 85 c0  |...M.E....l.....|
00001ce0  74 0c 8b 45 ec 8b 84 85  6c fe ff ff eb 05 b8 cb  |t..E....l.......|
00001cf0  43 03 00 83 ec 04 50 68  d2 43 03 00 8d 85 4f ff  |C.....Ph.C....O.|
00001d00  ff ff 50 e8 c9 1d 00 00  83 c4 10 83 ec 0c 8d 85  |..P.............|
00001d10  4f ff ff ff 50 e8 38 1c  00 00 83 c4 10 83 45 ec  |O...P.8.......E.|
00001d20  01 8b 45 ec 3b 45 dc 7e  ab 83 ec 0c 68 d6 43 03  |..E.;E.~....h.C.|
00001d30  00 e8 1c 1c 00 00 83 c4  10 eb 01 90 0f b6 45 cf  |..............E.|
00001d40  88 85 4c ff ff ff 83 ec  04 6a 01 8d 45 cf 50 6a  |..L......j..E.Pj|
00001d50  01 e8 d5 1c 00 00 83 c4  10 c7 45 d8 d8 43 03 00  |..........E..C..|
00001d60  c7 45 e8 00 00 00 00 eb  5b b8 14 1f 03 00 83 ec  |.E......[.......|
00001d70  08 ff 75 d8 50 e8 ee 1a  00 00 83 c4 10 89 45 d0  |..u.P.........E.|
00001d80  83 7d d0 00 79 14 83 ec  0c 8d 85 4b ff ff ff 50  |.}..y......K...P|
00001d90  e8 26 1c 00 00 83 c4 10  eb 26 0f b6 45 cf 0f be  |.&.......&..E...|
00001da0  c0 83 ec 0c 50 e8 f0 1b  00 00 83 c4 10 8b 45 f0  |....P.........E.|
00001db0  8d 50 01 89 55 f0 8b 55  d0 89 94 85 80 fe ff ff  |.P..U..U........|
00001dc0  83 45 e8 01 8b 45 e8 3b  45 f4 7c 9d 8b 45 e0 69  |.E...E.;E.|..E.i|
00001dd0  c0 e8 03 00 00 83 ec 0c  50 e8 55 1c 00 00 83 c4  |........P.U.....|
00001de0  10 83 ec 0c 6a 00 e8 20  1c 00 00 83 c4 10 89 45  |....j.. .......E|
00001df0  d4 83 7d d4 fc 74 7d c7  45 e4 00 00 00 00 eb 52  |..}..t}.E......R|
00001e00  8b 45 e4 8b 84 85 80 fe  ff ff 39 45 d4 75 3f 8b  |.E........9E.u?.|
00001e10  45 e4 8b 94 85 80 fe ff  ff 0f b6 45 cf 0f be c0  |E..........E....|
00001e20  83 ec 0c 52 ff 75 e4 50  68 e5 43 03 00 8d 85 4f  |...R.u.Ph.C....O|
00001e30  ff ff ff 50 e8 98 1c 00  00 83 c4 20 83 ec 0c 8d  |...P....... ....|
00001e40  85 4f ff ff ff 50 e8 07  1b 00 00 83 c4 10 83 45  |.O...P.........E|
00001e50  e4 01 8b 45 e4 3b 45 f4  7c a6 8b 45 e0 69 c0 e8  |...E.;E.|..E.i..|
00001e60  03 00 00 83 ec 0c 50 e8  c7 1b 00 00 83 c4 10 e9  |......P.........|
00001e70  6d ff ff ff 90 83 ec 0c  6a 00 e8 84 1b 00 00 83  |m.......j.......|
00001e80  c4 10 b8 2a 00 00 00 c9  c3 55 89 e5 81 ec b8 00  |...*.....U......|
00001e90  00 00 c7 45 f4 32 00 00  00 c6 45 df 6a c7 85 48  |...E.2....E.j..H|
00001ea0  ff ff ff 00 00 00 00 c7  85 4c ff ff ff 00 00 00  |.........L......|
00001eb0  00 c7 85 50 ff ff ff 00  00 00 00 c7 85 54 ff ff  |...P.........T..|
00001ec0  ff 00 00 00 00 c7 85 58  ff ff ff 00 00 00 00 83  |.......X........|
00001ed0  ec 0c 8d 85 48 ff ff ff  50 6a 05 6a 0d ff 75 08  |....H...Pj.j..u.|
00001ee0  6a 03 e8 d8 17 00 00 83  c4 20 89 45 e8 83 7d e8  |j........ .E..}.|
00001ef0  02 74 1d 83 7d e8 03 75  28 8b 85 50 ff ff ff 83  |.t..}..u(..P....|
00001f00  ec 08 6a 0a 50 e8 3c 1e  00 00 83 c4 10 89 45 f4  |..j.P.<.......E.|
00001f10  8b 85 4c ff ff ff 0f b6  00 88 45 df e9 9e 00 00  |..L.......E.....|
00001f20  00 8b 85 48 ff ff ff ff  75 e8 50 68 fb 43 03 00  |...H....u.Ph.C..|
00001f30  8d 85 5f ff ff ff 50 e8  95 1b 00 00 83 c4 10 83  |.._...P.........|
00001f40  ec 0c 8d 85 5f ff ff ff  50 e8 04 1a 00 00 83 c4  |...._...P.......|
00001f50  10 c7 45 f0 00 00 00 00  eb 4d 8b 45 f0 8b 84 85  |..E......M.E....|
00001f60  48 ff ff ff 85 c0 74 0c  8b 45 f0 8b 84 85 48 ff  |H.....t..E....H.|
00001f70  ff ff eb 05 b8 0f 44 03  00 83 ec 04 50 68 16 44  |......D.....Ph.D|
00001f80  03 00 8d 85 5f ff ff ff  50 e8 43 1b 00 00 83 c4  |...._...P.C.....|
00001f90  10 83 ec 0c 8d 85 5f ff  ff ff 50 e8 b2 19 00 00  |......_...P.....|
00001fa0  83 c4 10 83 45 f0 01 8b  45 f0 3b 45 e8 7e ab 83  |....E...E.;E.~..|
00001fb0  ec 0c 68 1a 44 03 00 e8  96 19 00 00 83 c4 10 83  |..h.D...........|
00001fc0  ec 04 6a 01 8d 45 df 50  6a 01 e8 5c 1a 00 00 83  |..j..E.Pj..\....|
00001fd0  c4 10 c7 45 e4 1c 44 03  00 c7 45 ec 00 00 00 00  |...E..D...E.....|
00001fe0  eb 4a b8 0a 23 03 00 83  ec 08 ff 75 e4 50 e8 75  |.J..#......u.P.u|
00001ff0  18 00 00 83 c4 10 89 45  e0 83 7d e0 00 79 16 83  |.......E..}..y..|
00002000  ec 04 6a 03 68 27 44 03  00 6a 01 e8 1b 1a 00 00  |..j.h'D..j......|
00002010  83 c4 10 eb 13 83 ec 04  6a 01 8d 45 df 50 6a 01  |........j..E.Pj.|
00002020  e8 06 1a 00 00 83 c4 10  83 45 ec 01 8b 45 ec 3b  |.........E...E.;|
00002030  45 f4 7c ae 83 ec 0c 6a  00 e8 c5 19 00 00 83 c4  |E.|....j........|
00002040  10 b8 2a 00 00 00 c9 c3  55 89 e5 83 ec 68 c7 45  |..*.....U....h.E|
00002050  f4 05 00 00 00 c6 45 df  34 c7 45 e8 1e 00 00 00  |......E.4.E.....|
00002060  c7 45 db 2a 34 2a 00 c7  45 a4 00 00 00 00 c7 45  |.E.*4*..E......E|
00002070  a8 00 00 00 00 c7 45 ac  00 00 00 00 c7 45 b0 00  |......E......E..|
00002080  00 00 00 c7 45 b4 00 00  00 00 83 ec 0c 8d 45 a4  |....E.........E.|
00002090  50 6a 05 6a 0d ff 75 08  6a 03 e8 20 16 00 00 83  |Pj.j..u.j.. ....|
000020a0  c4 20 89 45 e4 83 7d e4  02 74 1a 83 7d e4 03 75  |. .E..}..t..}..u|
000020b0  22 8b 45 ac 83 ec 08 6a  0a 50 e8 87 1c 00 00 83  |".E....j.P......|
000020c0  c4 10 89 45 f4 8b 45 a8  0f b6 00 88 45 df e9 8a  |...E..E.....E...|
000020d0  00 00 00 ff 75 e4 68 2b  44 03 00 68 32 44 03 00  |....u.h+D..h2D..|
000020e0  8d 45 bb 50 e8 e8 19 00  00 83 c4 10 83 ec 0c 8d  |.E.P............|
000020f0  45 bb 50 e8 5a 18 00 00  83 c4 10 c7 45 f0 00 00  |E.P.Z.......E...|
00002100  00 00 eb 41 8b 45 f0 8b  44 85 a4 85 c0 74 09 8b  |...A.E..D....t..|
00002110  45 f0 8b 44 85 a4 eb 05  b8 46 44 03 00 83 ec 04  |E..D.....FD.....|
00002120  50 68 4d 44 03 00 8d 45  bb 50 e8 a2 19 00 00 83  |PhMD...E.P......|
00002130  c4 10 83 ec 0c 8d 45 bb  50 e8 14 18 00 00 83 c4  |......E.P.......|
00002140  10 83 45 f0 01 8b 45 f0  3b 45 e4 7e b7 83 ec 0c  |..E...E.;E.~....|
00002150  68 51 44 03 00 e8 f8 17  00 00 83 c4 10 83 ec 04  |hQD.............|
00002160  6a 01 8d 45 df 50 6a 01  e8 be 18 00 00 83 c4 10  |j..E.Pj.........|
00002170  c7 45 ec 00 00 00 00 e9  89 00 00 00 83 ec 04 6a  |.E.............j|
00002180  01 8d 45 df 50 6a 01 e8  9f 18 00 00 83 c4 10 8b  |..E.Pj..........|
00002190  45 ec 83 c0 64 83 ec 04  50 68 53 44 03 00 8d 45  |E...d...PhSD...E|
000021a0  bb 50 e8 2a 19 00 00 83  c4 10 ba 4d 21 03 00 83  |.P.*.......M!...|
000021b0  ec 08 8d 45 bb 50 52 e8  ac 16 00 00 83 c4 10 89  |...E.PR.........|
000021c0  45 e0 83 7d e0 00 79 11  83 ec 0c 8d 45 db 50 e8  |E..}..y.....E.P.|
000021d0  e7 17 00 00 83 c4 10 eb  13 83 ec 04 6a 01 8d 45  |............j..E|
000021e0  df 50 6a 01 e8 42 18 00  00 83 c4 10 8b 45 e8 69  |.Pj..B.......E.i|
000021f0  c0 e8 03 00 00 83 ec 0c  50 e8 35 18 00 00 83 c4  |........P.5.....|
00002200  10 83 45 ec 01 8b 45 ec  3b 45 f4 0f 8c 6b ff ff  |..E...E.;E...k..|
00002210  ff 83 ec 0c 6a 00 e8 e8  17 00 00 83 c4 10 b8 2a  |....j..........*|
00002220  00 00 00 c9 c3 55 89 e5  81 ec c8 00 00 00 c7 45  |.....U.........E|
00002230  f4 05 00 00 00 c6 45 d7  35 c7 45 f0 00 00 00 00  |......E.5.E.....|
00002240  c7 45 d2 2a 35 77 2a c6  45 d6 00 c7 45 cd 2a 35  |.E.*5w*.E...E.*5|
00002250  7a 2a c6 45 d1 00 c7 85  38 ff ff ff 00 00 00 00  |z*.E....8.......|
00002260  c7 85 3c ff ff ff 00 00  00 00 c7 85 40 ff ff ff  |..<.........@...|
00002270  00 00 00 00 c7 85 44 ff  ff ff 00 00 00 00 c7 85  |......D.........|
00002280  48 ff ff ff 00 00 00 00  83 ec 0c 8d 85 38 ff ff  |H............8..|
00002290  ff 50 6a 05 6a 0d ff 75  08 6a 04 e8 1f 14 00 00  |.Pj.j..u.j......|
000022a0  83 c4 20 89 45 e4 83 7d  e4 04 74 14 83 7d e4 04  |.. .E..}..t..}..|
000022b0  7f 4a 83 7d e4 02 74 33  83 7d e4 03 74 16 eb 3c  |.J.}..t3.}..t..<|
000022c0  8b 85 44 ff ff ff 0f b6  00 3c 74 0f 94 c0 0f b6  |..D......<t.....|
000022d0  c0 89 45 f0 8b 85 40 ff  ff ff 83 ec 08 6a 0a 50  |..E...@......j.P|
000022e0  e8 61 1a 00 00 83 c4 10  89 45 f4 8b 85 3c ff ff  |.a.......E...<..|
000022f0  ff 0f b6 00 88 45 d7 e9  9e 00 00 00 8b 85 38 ff  |.....E........8.|
00002300  ff ff ff 75 e4 50 68 5e  44 03 00 8d 85 4d ff ff  |...u.Ph^D....M..|
00002310  ff 50 e8 ba 17 00 00 83  c4 10 83 ec 0c 8d 85 4d  |.P.............M|
00002320  ff ff ff 50 e8 29 16 00  00 83 c4 10 c7 45 ec 00  |...P.).......E..|
00002330  00 00 00 eb 4d 8b 45 ec  8b 84 85 38 ff ff ff 85  |....M.E....8....|
00002340  c0 74 0c 8b 45 ec 8b 84  85 38 ff ff ff eb 05 b8  |.t..E....8......|
00002350  72 44 03 00 83 ec 04 50  68 79 44 03 00 8d 85 4d  |rD.....PhyD....M|
00002360  ff ff ff 50 e8 68 17 00  00 83 c4 10 83 ec 0c 8d  |...P.h..........|
00002370  85 4d ff ff ff 50 e8 d7  15 00 00 83 c4 10 83 45  |.M...P.........E|
00002380  ec 01 8b 45 ec 3b 45 e4  7e ab 83 ec 0c 68 7d 44  |...E.;E.~....h}D|
00002390  03 00 e8 bb 15 00 00 83  c4 10 0f b6 45 d7 88 45  |............E..E|
000023a0  ce 0f b6 45 ce 88 45 d3  83 ec 04 6a 01 8d 45 d7  |...E..E....j..E.|
000023b0  50 6a 01 e8 73 16 00 00  83 c4 10 c7 45 e0 7f 44  |Pj..s.......E..D|
000023c0  03 00 c7 45 dc 8c 44 03  00 c7 45 e8 00 00 00 00  |...E..D...E.....|
000023d0  eb 75 83 ec 04 6a 01 8d  45 d7 50 6a 01 e8 49 16  |.u...j..E.Pj..I.|
000023e0  00 00 83 c4 10 b8 14 1f  03 00 83 ec 08 ff 75 e0  |..............u.|
000023f0  50 e8 72 14 00 00 83 c4  10 89 45 d8 83 7d d8 00  |P.r.......E..}..|
00002400  7f 0f 83 ec 0c 8d 45 d2  50 e8 ad 15 00 00 83 c4  |......E.P.......|
00002410  10 83 7d f0 00 74 2c b8  d3 24 03 00 83 ec 08 ff  |..}..t,..$......|
00002420  75 dc 50 e8 40 14 00 00  83 c4 10 89 45 d8 83 7d  |u.P.@.......E..}|
00002430  d8 00 7f 0f 83 ec 0c 8d  45 cd 50 e8 7b 15 00 00  |........E.P.{...|
00002440  83 c4 10 83 45 e8 01 8b  45 e8 3b 45 f4 7c 83 83  |....E...E.;E.|..|
00002450  ec 0c 6a 00 e8 aa 15 00  00 83 c4 10 b8 2a 00 00  |..j..........*..|
00002460  00 c9 c3 55 89 e5 81 ec  b8 00 00 00 c7 45 f4 03  |...U.........E..|
00002470  00 00 00 c6 45 df 70 c7  45 f0 02 00 00 00 c7 85  |....E.p.E.......|
00002480  48 ff ff ff 00 00 00 00  c7 85 4c ff ff ff 00 00  |H.........L.....|
00002490  00 00 c7 85 50 ff ff ff  00 00 00 00 c7 85 54 ff  |....P.........T.|
000024a0  ff ff 00 00 00 00 c7 85  58 ff ff ff 00 00 00 00  |........X.......|
000024b0  83 ec 0c 8d 85 48 ff ff  ff 50 6a 05 6a 0d ff 75  |.....H...Pj.j..u|
000024c0  08 6a 04 e8 f7 11 00 00  83 c4 20 89 45 e4 83 7d  |.j........ .E..}|
000024d0  e4 04 74 14 83 7d e4 04  7f 4d 83 7d e4 02 74 36  |..t..}...M.}..t6|
000024e0  83 7d e4 03 74 19 eb 3f  8b 85 54 ff ff ff 83 ec  |.}..t..?..T.....|
000024f0  08 6a 0a 50 e8 4d 18 00  00 83 c4 10 89 45 f0 8b  |.j.P.M.......E..|
00002500  85 50 ff ff ff 83 ec 08  6a 0a 50 e8 36 18 00 00  |.P......j.P.6...|
00002510  83 c4 10 89 45 f4 8b 85  4c ff ff ff 0f b6 00 88  |....E...L.......|
00002520  45 df e9 9e 00 00 00 8b  85 48 ff ff ff ff 75 e4  |E........H....u.|
00002530  50 68 97 44 03 00 8d 85  5f ff ff ff 50 e8 8f 15  |Ph.D...._...P...|
00002540  00 00 83 c4 10 83 ec 0c  8d 85 5f ff ff ff 50 e8  |.........._...P.|
00002550  fe 13 00 00 83 c4 10 c7  45 ec 00 00 00 00 eb 4d  |........E......M|
00002560  8b 45 ec 8b 84 85 48 ff  ff ff 85 c0 74 0c 8b 45  |.E....H.....t..E|
00002570  ec 8b 84 85 48 ff ff ff  eb 05 b8 ab 44 03 00 83  |....H.......D...|
00002580  ec 04 50 68 b2 44 03 00  8d 85 5f ff ff ff 50 e8  |..Ph.D...._...P.|
00002590  3d 15 00 00 83 c4 10 83  ec 0c 8d 85 5f ff ff ff  |=..........._...|
000025a0  50 e8 ac 13 00 00 83 c4  10 83 45 ec 01 8b 45 ec  |P.........E...E.|
000025b0  3b 45 e4 7e ab 83 ec 0c  68 b6 44 03 00 e8 90 13  |;E.~....h.D.....|
000025c0  00 00 83 c4 10 e8 79 14  00 00 89 45 e0 83 ec 04  |......y....E....|
000025d0  ff 75 e0 68 b8 44 03 00  8d 85 5f ff ff ff 50 e8  |.u.h.D...._...P.|
000025e0  ed 14 00 00 83 c4 10 83  ec 0c 8d 85 5f ff ff ff  |............_...|
000025f0  50 e8 c5 13 00 00 83 c4  10 c7 45 e8 00 00 00 00  |P.........E.....|
00002600  eb 2c 8b 45 f0 69 c0 e8  03 00 00 83 ec 0c 50 e8  |.,.E.i........P.|
00002610  1f 14 00 00 83 c4 10 83  ec 04 6a 01 8d 45 df 50  |..........j..E.P|
00002620  6a 01 e8 04 14 00 00 83  c4 10 83 45 e8 01 8b 45  |j..........E...E|
00002630  e8 3b 45 f4 7c cc 83 ec  0c 6a 00 e8 c3 13 00 00  |.;E.|....j......|
00002640  83 c4 10 b8 2a 00 00 00  c9 c3 55 89 e5 81 ec a8  |....*.....U.....|
00002650  00 00 00 c6 45 ef 71 c7  85 58 ff ff ff 00 00 00  |....E.q..X......|
00002660  00 c7 85 5c ff ff ff 00  00 00 00 c7 85 60 ff ff  |...\.........`..|
00002670  ff 00 00 00 00 c7 85 64  ff ff ff 00 00 00 00 c7  |.......d........|
00002680  85 68 ff ff ff 00 00 00  00 83 ec 0c 8d 85 58 ff  |.h............X.|
00002690  ff ff 50 6a 05 6a 0d ff  75 08 6a 02 e8 1e 10 00  |..Pj.j..u.j.....|
000026a0  00 83 c4 20 89 45 f0 83  7d f0 02 75 11 8b 85 5c  |... .E..}..u...\|
000026b0  ff ff ff 0f b6 00 88 45  ef e9 9e 00 00 00 8b 85  |.......E........|
000026c0  58 ff ff ff ff 75 f0 50  68 c0 44 03 00 8d 85 6f  |X....u.Ph.D....o|
000026d0  ff ff ff 50 e8 f8 13 00  00 83 c4 10 83 ec 0c 8d  |...P............|
000026e0  85 6f ff ff ff 50 e8 67  12 00 00 83 c4 10 c7 45  |.o...P.g.......E|
000026f0  f4 00 00 00 00 eb 4d 8b  45 f4 8b 84 85 58 ff ff  |......M.E....X..|
00002700  ff 85 c0 74 0c 8b 45 f4  8b 84 85 58 ff ff ff eb  |...t..E....X....|
00002710  05 b8 d4 44 03 00 83 ec  04 50 68 db 44 03 00 8d  |...D.....Ph.D...|
00002720  85 6f ff ff ff 50 e8 a6  13 00 00 83 c4 10 83 ec  |.o...P..........|
00002730  0c 8d 85 6f ff ff ff 50  e8 15 12 00 00 83 c4 10  |...o...P........|
00002740  83 45 f4 01 8b 45 f4 3b  45 f0 7e ab 83 ec 0c 68  |.E...E.;E.~....h|
00002750  df 44 03 00 e8 f9 11 00  00 83 c4 10 83 ec 04 6a  |.D.............j|
00002760  01 8d 45 ef 50 6a 01 e8  bf 12 00 00 83 c4 10 e8  |..E.Pj..........|
00002770  df 12 00 00 0f b6 45 ef  0f be c0 83 ec 04 50 68  |......E.......Ph|
00002780  e4 44 03 00 8d 85 6f ff  ff ff 50 e8 41 13 00 00  |.D....o...P.A...|
00002790  83 c4 10 83 ec 0c 8d 85  6f ff ff ff 50 e8 b0 11  |........o...P...|
000027a0  00 00 83 c4 10 83 ec 0c  6a 01 e8 54 12 00 00 83  |........j..T....|
000027b0  c4 10 b8 2a 00 00 00 c9  c3 55 89 e5 81 ec b8 00  |...*.....U......|
000027c0  00 00 c6 45 f7 72 c7 45  f0 0a 00 00 00 c7 45 ec  |...E.r.E......E.|
000027d0  63 00 00 00 c7 85 48 ff  ff ff 00 00 00 00 c7 85  |c.....H.........|
000027e0  4c ff ff ff 00 00 00 00  c7 85 50 ff ff ff 00 00  |L.........P.....|
000027f0  00 00 c7 85 54 ff ff ff  00 00 00 00 c7 85 58 ff  |....T.........X.|
00002800  ff ff 00 00 00 00 83 ec  0c 8d 85 48 ff ff ff 50  |...........H...P|
00002810  6a 05 6a 0d ff 75 08 6a  04 e8 a1 0e 00 00 83 c4  |j.j..u.j........|
00002820  20 89 45 e4 83 7d e4 04  74 14 83 7d e4 04 7f 4d  | .E..}..t..}...M|
00002830  83 7d e4 02 74 36 83 7d  e4 03 74 19 eb 3f 8b 85  |.}..t6.}..t..?..|
00002840  54 ff ff ff 83 ec 08 6a  0a 50 e8 f7 14 00 00 83  |T......j.P......|
00002850  c4 10 89 45 f0 8b 85 50  ff ff ff 83 ec 08 6a 0a  |...E...P......j.|
00002860  50 e8 e0 14 00 00 83 c4  10 89 45 ec 8b 85 4c ff  |P.........E...L.|
00002870  ff ff 0f b6 00 88 45 f7  e9 9e 00 00 00 8b 85 48  |......E........H|
00002880  ff ff ff ff 75 e4 50 68  0f 45 03 00 8d 85 5c ff  |....u.Ph.E....\.|
00002890  ff ff 50 e8 39 12 00 00  83 c4 10 83 ec 0c 8d 85  |..P.9...........|
000028a0  5c ff ff ff 50 e8 a8 10  00 00 83 c4 10 c7 45 e8  |\...P.........E.|
000028b0  00 00 00 00 eb 4d 8b 45  e8 8b 84 85 48 ff ff ff  |.....M.E....H...|
000028c0  85 c0 74 0c 8b 45 e8 8b  84 85 48 ff ff ff eb 05  |..t..E....H.....|
000028d0  b8 23 45 03 00 83 ec 04  50 68 2a 45 03 00 8d 85  |.#E.....Ph*E....|
000028e0  5c ff ff ff 50 e8 e7 11  00 00 83 c4 10 83 ec 0c  |\...P...........|
000028f0  8d 85 5c ff ff ff 50 e8  56 10 00 00 83 c4 10 83  |..\...P.V.......|
00002900  45 e8 01 8b 45 e8 3b 45  e4 7e ab 83 ec 0c 68 2e  |E...E.;E.~....h.|
00002910  45 03 00 e8 3a 10 00 00  83 c4 10 e8 1b 11 00 00  |E...:...........|
00002920  89 45 e0 0f be 45 f7 83  ec 0c ff 75 e0 ff 75 ec  |.E...E.....u..u.|
00002930  50 68 30 45 03 00 8d 85  5c ff ff ff 50 e8 8f 11  |Ph0E....\...P...|
00002940  00 00 83 c4 20 83 ec 0c  8d 85 5c ff ff ff 50 e8  |.... .....\...P.|
00002950  67 10 00 00 83 c4 10 8b  45 f0 69 c0 e8 03 00 00  |g.......E.i.....|
00002960  83 ec 0c 50 e8 ca 10 00  00 83 c4 10 83 7d ec 04  |...P.........}..|
00002970  7f 6c 83 45 ec 01 83 ec  0c 68 80 00 00 00 e8 90  |.l.E.....h......|
00002980  10 00 00 83 c4 10 89 45  dc 83 7d dc ff 74 08 83  |.......E..}..t..|
00002990  7d dc 00 74 86 eb 2e ff  75 dc ff 75 e0 68 3b 45  |}..t....u..u.h;E|
000029a0  03 00 8d 85 5c ff ff ff  50 e8 23 11 00 00 83 c4  |....\...P.#.....|
000029b0  10 83 ec 0c 8d 85 5c ff  ff ff 50 e8 92 0f 00 00  |......\...P.....|
000029c0  83 c4 10 eb 19 83 6d ec  01 8b 45 f0 69 c0 e8 03  |......m...E.i...|
000029d0  00 00 83 ec 0c 50 e8 58  10 00 00 83 c4 10 e8 58  |.....P.X.......X|
000029e0  10 00 00 89 45 e0 0f be  45 f7 83 ec 0c ff 75 e0  |....E...E.....u.|
000029f0  ff 75 ec 50 68 30 45 03  00 8d 85 5c ff ff ff 50  |.u.Ph0E....\...P|
00002a00  e8 cc 10 00 00 83 c4 20  83 ec 0c 8d 85 5c ff ff  |....... .....\..|
00002a10  ff 50 e8 a4 0f 00 00 83  c4 10 83 ec 0c 6a 00 e8  |.P...........j..|
00002a20  df 0f 00 00 83 c4 10 b8  2a 00 00 00 c9 c3 55 89  |........*.....U.|
00002a30  e5 81 ec b8 00 00 00 c6  45 e7 73 c7 45 f4 14 00  |........E.s.E...|
00002a40  00 00 c7 85 50 ff ff ff  00 00 00 00 c7 85 54 ff  |....P.........T.|
00002a50  ff ff 00 00 00 00 c7 85  58 ff ff ff 00 00 00 00  |........X.......|
00002a60  c7 85 5c ff ff ff 00 00  00 00 c7 85 60 ff ff ff  |..\.........`...|
00002a70  00 00 00 00 83 ec 0c 8d  85 50 ff ff ff 50 6a 05  |.........P...Pj.|
00002a80  6a 0d ff 75 08 6a 03 e8  33 0c 00 00 83 c4 20 89  |j..u.j..3..... .|
00002a90  45 ec 8b 85 50 ff ff ff  89 45 e8 83 7d ec 02 74  |E...P....E..}..t|
00002aa0  1d 83 7d ec 03 75 28 8b  85 58 ff ff ff 83 ec 08  |..}..u(..X......|
00002ab0  6a 0a 50 e8 8e 12 00 00  83 c4 10 89 45 f4 8b 85  |j.P.........E...|
00002ac0  54 ff ff ff 0f b6 00 88  45 e7 e9 9a 00 00 00 ff  |T.......E.......|
00002ad0  75 ec ff 75 e8 68 52 45  03 00 8d 85 67 ff ff ff  |u..u.hRE....g...|
00002ae0  50 e8 eb 0f 00 00 83 c4  10 83 ec 0c 8d 85 67 ff  |P.............g.|
00002af0  ff ff 50 e8 5a 0e 00 00  83 c4 10 c7 45 f0 00 00  |..P.Z.......E...|
00002b00  00 00 eb 4d 8b 45 f0 8b  84 85 50 ff ff ff 85 c0  |...M.E....P.....|
00002b10  74 0c 8b 45 f0 8b 84 85  50 ff ff ff eb 05 b8 66  |t..E....P......f|
00002b20  45 03 00 83 ec 04 50 68  6d 45 03 00 8d 85 67 ff  |E.....PhmE....g.|
00002b30  ff ff 50 e8 99 0f 00 00  83 c4 10 83 ec 0c 8d 85  |..P.............|
00002b40  67 ff ff ff 50 e8 08 0e  00 00 83 c4 10 83 45 f0  |g...P.........E.|
00002b50  01 8b 45 f0 3b 45 ec 7e  ab 83 ec 0c 68 71 45 03  |..E.;E.~....hqE.|
00002b60  00 e8 ec 0d 00 00 83 c4  10 83 ec 04 6a 01 8d 45  |............j..E|
00002b70  e7 50 6a 01 e8 b2 0e 00  00 83 c4 10 8b 45 f4 69  |.Pj..........E.i|
00002b80  c0 e8 03 00 00 83 ec 0c  50 ff 75 f4 ff 75 e8 68  |........P.u..u.h|
00002b90  73 45 03 00 8d 85 67 ff  ff ff 50 e8 31 0f 00 00  |sE....g...P.1...|
00002ba0  83 c4 20 83 ec 0c 8d 85  67 ff ff ff 50 e8 a0 0d  |.. .....g...P...|
00002bb0  00 00 83 c4 10 8b 45 f4  69 c0 e8 03 00 00 83 ec  |......E.i.......|
00002bc0  0c 50 e8 6c 0e 00 00 83  c4 10 83 ec 04 6a 01 8d  |.P.l.........j..|
00002bd0  45 e7 50 6a 01 e8 51 0e  00 00 83 c4 10 eb d6 55  |E.Pj..Q........U|
00002be0  89 e5 81 ec a8 01 00 00  c7 45 f4 03 00 00 00 c6  |.........E......|
00002bf0  45 c7 36 c7 45 d8 08 00  00 00 c7 45 f0 00 00 00  |E.6.E......E....|
00002c00  00 c7 85 78 fe ff ff 2a  3f 2a 00 c7 85 64 fe ff  |...x...*?*...d..|
00002c10  ff 00 00 00 00 c7 85 68  fe ff ff 00 00 00 00 c7  |.......h........|
00002c20  85 6c fe ff ff 00 00 00  00 c7 85 70 fe ff ff 00  |.l.........p....|
00002c30  00 00 00 c7 85 74 fe ff  ff 00 00 00 00 83 ec 0c  |.....t..........|
00002c40  8d 85 64 fe ff ff 50 6a  05 6a 0d ff 75 08 6a 03  |..d...Pj.j..u.j.|
00002c50  e8 6a 0a 00 00 83 c4 20  89 45 d4 83 7d d4 02 74  |.j..... .E..}..t|
00002c60  1d 83 7d d4 03 75 28 8b  85 6c fe ff ff 83 ec 08  |..}..u(..l......|
00002c70  6a 0a 50 e8 ce 10 00 00  83 c4 10 89 45 f4 8b 85  |j.P.........E...|
00002c80  68 fe ff ff 0f b6 00 88  45 c7 e9 9e 00 00 00 8b  |h.......E.......|
00002c90  85 64 fe ff ff ff 75 d4  50 68 88 45 03 00 8d 85  |.d....u.Ph.E....|
00002ca0  47 ff ff ff 50 e8 27 0e  00 00 83 c4 10 83 ec 0c  |G...P.'.........|
00002cb0  8d 85 47 ff ff ff 50 e8  96 0c 00 00 83 c4 10 c7  |..G...P.........|
00002cc0  45 ec 00 00 00 00 eb 4d  8b 45 ec 8b 84 85 64 fe  |E......M.E....d.|
00002cd0  ff ff 85 c0 74 0c 8b 45  ec 8b 84 85 64 fe ff ff  |....t..E....d...|
00002ce0  eb 05 b8 9c 45 03 00 83  ec 04 50 68 a3 45 03 00  |....E.....Ph.E..|
00002cf0  8d 85 47 ff ff ff 50 e8  d5 0d 00 00 83 c4 10 83  |..G...P.........|
00002d00  ec 0c 8d 85 47 ff ff ff  50 e8 44 0c 00 00 83 c4  |....G...P.D.....|
00002d10  10 83 45 ec 01 8b 45 ec  3b 45 d4 7e ab 83 ec 0c  |..E...E.;E.~....|
00002d20  68 a7 45 03 00 e8 28 0c  00 00 83 c4 10 0f b6 45  |h.E...(........E|
00002d30  c7 88 85 79 fe ff ff 83  ec 04 6a 01 8d 45 c7 50  |...y......j..E.P|
00002d40  6a 01 e8 e4 0c 00 00 83  c4 10 c7 45 d0 a9 45 03  |j..........E..E.|
00002d50  00 c7 45 e8 00 00 00 00  eb 48 b8 14 1f 03 00 83  |..E......H......|
00002d60  ec 08 ff 75 d0 50 e8 fd  0a 00 00 83 c4 10 89 45  |...u.P.........E|
00002d70  c8 83 7d c8 00 79 14 83  ec 0c 8d 85 78 fe ff ff  |..}..y......x...|
00002d80  50 e8 35 0c 00 00 83 c4  10 eb 13 8b 45 f0 8d 50  |P.5.........E..P|
00002d90  01 89 55 f0 8b 55 c8 89  94 85 7c fe ff ff 83 45  |..U..U....|....E|
00002da0  e8 01 8b 45 e8 3b 45 f4  7c b0 8b 45 d8 69 c0 e8  |...E.;E.|..E.i..|
00002db0  03 00 00 83 ec 0c 50 e8  77 0c 00 00 83 c4 10 c7  |......P.w.......|
00002dc0  45 e4 00 00 00 00 c7 85  60 fe ff ff fe ca 00 00  |E.......`.......|
00002dd0  83 ec 0c 8d 85 60 fe ff  ff 50 e8 2c 0c 00 00 83  |.....`...P.,....|
00002de0  c4 10 89 45 cc 83 7d cc  00 7f 61 83 7d cc fc 74  |...E..}...a.}..t|
00002df0  37 8b 85 60 fe ff ff 89  c1 8b 95 60 fe ff ff 0f  |7..`.......`....|
00002e00  b6 45 c7 0f be c0 83 ec  08 51 52 ff 75 cc 50 68  |.E.......QR.u.Ph|
00002e10  b8 45 03 00 8d 85 47 ff  ff ff 50 e8 b1 0c 00 00  |.E....G...P.....|
00002e20  83 c4 20 e9 d8 00 00 00  0f b6 45 c7 0f be c0 83  |.. .......E.....|
00002e30  ec 04 50 68 dd 45 03 00  8d 85 47 ff ff ff 50 e8  |..Ph.E....G...P.|
00002e40  8d 0c 00 00 83 c4 10 e9  b4 00 00 00 c7 45 e0 ff  |.............E..|
00002e50  ff ff ff c7 45 dc 00 00  00 00 eb 1d 8b 45 dc 8b  |....E........E..|
00002e60  94 85 7c fe ff ff 8b 45  cc 39 c2 75 08 8b 45 dc  |..|....E.9.u..E.|
00002e70  89 45 e0 eb 0c 83 45 dc  01 8b 45 dc 3b 45 f0 7c  |.E....E...E.;E.||
00002e80  db 83 7d e0 00 79 2b 8b  95 60 fe ff ff 0f b6 45  |..}..y+..`.....E|
00002e90  c7 0f be c0 83 ec 0c 52  ff 75 cc 50 68 f4 45 03  |.......R.u.Ph.E.|
00002ea0  00 8d 85 47 ff ff ff 50  e8 24 0c 00 00 83 c4 20  |...G...P.$..... |
00002eb0  eb 2c 8b 95 60 fe ff ff  0f b6 45 c7 0f be c0 83  |.,..`.....E.....|
00002ec0  ec 08 52 ff 75 cc ff 75  e0 50 68 20 46 03 00 8d  |..R.u..u.Ph F...|
00002ed0  85 47 ff ff ff 50 e8 f6  0b 00 00 83 c4 20 83 ec  |.G...P....... ..|
00002ee0  0c 8d 85 47 ff ff ff 50  e8 65 0a 00 00 83 c4 10  |...G...P.e......|
00002ef0  83 45 e4 01 8b 45 e4 3b  45 f0 0f 8c c6 fe ff ff  |.E...E.;E.......|
00002f00  83 ec 0c 6a 00 e8 f9 0a  00 00 83 c4 10 b8 2a 00  |...j..........*.|
00002f10  00 00 c9 c3 55 89 e5 81  ec c8 00 00 00 c7 45 f4  |....U.........E.|
00002f20  14 00 00 00 c6 45 db 77  c7 45 f0 03 00 00 00 c7  |.....E.w.E......|
00002f30  85 44 ff ff ff 00 00 00  00 c7 85 48 ff ff ff 00  |.D.........H....|
00002f40  00 00 00 c7 85 4c ff ff  ff 00 00 00 00 c7 85 50  |.....L.........P|
00002f50  ff ff ff 00 00 00 00 c7  85 54 ff ff ff 00 00 00  |.........T......|
00002f60  00 83 ec 0c 8d 85 44 ff  ff ff 50 6a 05 6a 0d ff  |......D...Pj.j..|
00002f70  75 08 6a 04 e8 46 07 00  00 83 c4 20 89 45 e4 83  |u.j..F..... .E..|
00002f80  7d e4 04 74 14 83 7d e4  04 7f 4d 83 7d e4 02 74  |}..t..}...M.}..t|
00002f90  36 83 7d e4 03 74 19 eb  3f 8b 85 50 ff ff ff 83  |6.}..t..?..P....|
00002fa0  ec 08 6a 0a 50 e8 9c 0d  00 00 83 c4 10 89 45 f0  |..j.P.........E.|
00002fb0  8b 85 4c ff ff ff 83 ec  08 6a 0a 50 e8 85 0d 00  |..L......j.P....|
00002fc0  00 83 c4 10 89 45 f4 8b  85 48 ff ff ff 0f b6 00  |.....E...H......|
00002fd0  88 45 db e9 9e 00 00 00  8b 85 44 ff ff ff ff 75  |.E........D....u|
00002fe0  e4 50 68 40 46 03 00 8d  85 5b ff ff ff 50 e8 de  |.Ph@F....[...P..|
00002ff0  0a 00 00 83 c4 10 83 ec  0c 8d 85 5b ff ff ff 50  |...........[...P|
00003000  e8 4d 09 00 00 83 c4 10  c7 45 ec 00 00 00 00 eb  |.M.......E......|
00003010  4d 8b 45 ec 8b 84 85 44  ff ff ff 85 c0 74 0c 8b  |M.E....D.....t..|
00003020  45 ec 8b 84 85 44 ff ff  ff eb 05 b8 54 46 03 00  |E....D......TF..|
00003030  83 ec 04 50 68 5b 46 03  00 8d 85 5b ff ff ff 50  |...Ph[F....[...P|
00003040  e8 8c 0a 00 00 83 c4 10  83 ec 0c 8d 85 5b ff ff  |.............[..|
00003050  ff 50 e8 fb 08 00 00 83  c4 10 83 45 ec 01 8b 45  |.P.........E...E|
00003060  ec 3b 45 e4 7e ab 83 ec  0c 68 5f 46 03 00 e8 df  |.;E.~....h_F....|
00003070  08 00 00 83 c4 10 e8 c0  09 00 00 89 45 e0 e8 c0  |............E...|
00003080  09 00 00 89 45 dc 0f b6  45 db 0f be c0 83 ec 0c  |....E...E.......|
00003090  ff 75 dc ff 75 e0 50 68  61 46 03 00 8d 85 5b ff  |.u..u.PhaF....[.|
000030a0  ff ff 50 e8 29 0a 00 00  83 c4 20 83 ec 0c 8d 85  |..P.)..... .....|
000030b0  5b ff ff ff 50 e8 01 09  00 00 83 c4 10 83 ec 04  |[...P...........|
000030c0  6a 01 8d 45 db 50 6a 01  e8 5e 09 00 00 83 c4 10  |j..E.Pj..^......|
000030d0  c7 45 e8 00 00 00 00 eb  58 e8 65 09 00 00 89 45  |.E......X.e....E|
000030e0  dc 0f b6 45 db 0f be c0  83 ec 0c ff 75 dc ff 75  |...E........u..u|
000030f0  e0 50 68 6c 46 03 00 8d  85 5b ff ff ff 50 e8 ce  |.PhlF....[...P..|
00003100  09 00 00 83 c4 20 83 ec  0c 8d 85 5b ff ff ff 50  |..... .....[...P|
00003110  e8 a6 08 00 00 83 c4 10  8b 45 f0 69 c0 e8 03 00  |.........E.i....|
00003120  00 83 ec 0c 50 e8 09 09  00 00 83 c4 10 83 45 e8  |....P.........E.|
00003130  01 8b 45 e8 3b 45 f4 7c  a0 83 ec 0c 6a 00 e8 c0  |..E.;E.|....j...|
00003140  08 00 00 83 c4 10 b8 2a  00 00 00 c9 c3 55 89 e5  |.......*.....U..|
00003150  81 ec b8 00 00 00 c7 45  f4 14 00 00 00 c6 45 f3  |.......E......E.|
00003160  78 c7 85 48 ff ff ff 00  00 00 00 c7 85 4c ff ff  |x..H.........L..|
00003170  ff 00 00 00 00 c7 85 50  ff ff ff 00 00 00 00 c7  |.......P........|
00003180  85 54 ff ff ff 00 00 00  00 c7 85 58 ff ff ff 00  |.T.........X....|
00003190  00 00 00 83 ec 0c 8d 85  48 ff ff ff 50 6a 05 6a  |........H...Pj.j|
000031a0  0d ff 75 08 6a 03 e8 14  05 00 00 83 c4 20 89 45  |..u.j........ .E|
000031b0  e0 83 7d e0 02 74 1d 83  7d e0 03 75 28 8b 85 50  |..}..t..}..u(..P|
000031c0  ff ff ff 83 ec 08 6a 0a  50 e8 78 0b 00 00 83 c4  |......j.P.x.....|
000031d0  10 89 45 f4 8b 85 4c ff  ff ff 0f b6 00 88 45 f3  |..E...L.......E.|
000031e0  e9 9e 00 00 00 8b 85 48  ff ff ff ff 75 e0 50 68  |.......H....u.Ph|
000031f0  78 46 03 00 8d 85 5c ff  ff ff 50 e8 d1 08 00 00  |xF....\...P.....|
00003200  83 c4 10 83 ec 0c 8d 85  5c ff ff ff 50 e8 40 07  |........\...P.@.|
00003210  00 00 83 c4 10 c7 45 ec  00 00 00 00 eb 4d 8b 45  |......E......M.E|
00003220  ec 8b 84 85 48 ff ff ff  85 c0 74 0c 8b 45 ec 8b  |....H.....t..E..|
00003230  84 85 48 ff ff ff eb 05  b8 8c 46 03 00 83 ec 04  |..H.......F.....|
00003240  50 68 93 46 03 00 8d 85  5c ff ff ff 50 e8 7f 08  |Ph.F....\...P...|
00003250  00 00 83 c4 10 83 ec 0c  8d 85 5c ff ff ff 50 e8  |..........\...P.|
00003260  ee 06 00 00 83 c4 10 83  45 ec 01 8b 45 ec 3b 45  |........E...E.;E|
00003270  e0 7e ab 83 ec 0c 68 97  46 03 00 e8 d2 06 00 00  |.~....h.F.......|
00003280  83 c4 10 e8 b3 07 00 00  89 45 dc 0f be 45 f3 ff  |.........E...E..|
00003290  75 dc 50 68 99 46 03 00  8d 85 5c ff ff ff 50 e8  |u.Ph.F....\...P.|
000032a0  2d 08 00 00 83 c4 10 83  ec 0c 8d 85 5c ff ff ff  |-...........\...|
000032b0  50 e8 05 07 00 00 83 c4  10 c7 45 e8 00 00 00 00  |P.........E.....|
000032c0  eb 2c 83 ec 0c 8d 85 5c  ff ff ff 50 e8 ea 06 00  |.,.....\...P....|
000032d0  00 83 c4 10 c7 45 e4 00  00 00 00 eb 04 83 45 e4  |.....E........E.|
000032e0  01 81 7d e4 9f 25 26 00  7e f3 83 45 e8 01 8b 45  |..}..%&.~..E...E|
000032f0  e8 3b 45 f4 7c cc 83 ec  0c 6a 0c e8 03 07 00 00  |.;E.|....j......|
00003300  83 c4 10 b8 2a 00 00 00  c9 c3 55 89 e5 81 ec b8  |....*.....U.....|
00003310  00 00 00 c7 45 f4 0a 00  00 00 c6 45 f3 79 c7 85  |....E......E.y..|
00003320  48 ff ff ff 00 00 00 00  c7 85 4c ff ff ff 00 00  |H.........L.....|
00003330  00 00 c7 85 50 ff ff ff  00 00 00 00 c7 85 54 ff  |....P.........T.|
00003340  ff ff 00 00 00 00 c7 85  58 ff ff ff 00 00 00 00  |........X.......|
00003350  83 ec 0c 8d 85 48 ff ff  ff 50 6a 05 6a 0d ff 75  |.....H...Pj.j..u|
00003360  08 6a 03 e8 57 03 00 00  83 c4 20 89 45 e0 83 7d  |.j..W..... .E..}|
00003370  e0 02 74 1d 83 7d e0 03  75 28 8b 85 50 ff ff ff  |..t..}..u(..P...|
00003380  83 ec 08 6a 0a 50 e8 bb  09 00 00 83 c4 10 89 45  |...j.P.........E|
00003390  f4 8b 85 4c ff ff ff 0f  b6 00 88 45 f3 e9 9a 00  |...L.......E....|
000033a0  00 00 83 ec 04 ff 75 e0  68 a1 46 03 00 8d 85 5c  |......u.h.F....\|
000033b0  ff ff ff 50 e8 18 07 00  00 83 c4 10 83 ec 0c 8d  |...P............|
000033c0  85 5c ff ff ff 50 e8 87  05 00 00 83 c4 10 c7 45  |.\...P.........E|
000033d0  ec 00 00 00 00 eb 4d 8b  45 ec 8b 84 85 48 ff ff  |......M.E....H..|
000033e0  ff 85 c0 74 0c 8b 45 ec  8b 84 85 48 ff ff ff eb  |...t..E....H....|
000033f0  05 b8 b4 46 03 00 83 ec  04 50 68 bb 46 03 00 8d  |...F.....Ph.F...|
00003400  85 5c ff ff ff 50 e8 c6  06 00 00 83 c4 10 83 ec  |.\...P..........|
00003410  0c 8d 85 5c ff ff ff 50  e8 35 05 00 00 83 c4 10  |...\...P.5......|
00003420  83 45 ec 01 8b 45 ec 3b  45 e0 7e ab 83 ec 0c 68  |.E...E.;E.~....h|
00003430  bf 46 03 00 e8 19 05 00  00 83 c4 10 e8 fa 05 00  |.F..............|
00003440  00 89 45 dc 0f be 45 f3  ff 75 dc 50 68 c1 46 03  |..E...E..u.Ph.F.|
00003450  00 8d 85 5c ff ff ff 50  e8 74 06 00 00 83 c4 10  |...\...P.t......|
00003460  83 ec 0c 8d 85 5c ff ff  ff 50 e8 4c 05 00 00 83  |.....\...P.L....|
00003470  c4 10 c7 45 e8 00 00 00  00 eb 3c 83 ec 0c 8d 85  |...E......<.....|
00003480  5c ff ff ff 50 e8 31 05  00 00 83 c4 10 c7 45 e4  |\...P.1.......E.|
00003490  00 00 00 00 eb 04 83 45  e4 01 81 7d e4 9f 25 26  |.......E...}..%&|
000034a0  00 7e f3 83 ec 0c 68 e8  03 00 00 e8 83 05 00 00  |.~....h.........|
000034b0  83 c4 10 83 45 e8 01 8b  45 e8 3b 45 f4 7c bc 83  |....E...E.;E.|..|
000034c0  ec 0c 6a 00 e8 3a 05 00  00 83 c4 10 b8 2a 00 00  |..j..:.......*..|
000034d0  00 c9 c3 55 89 e5 81 ec  b8 00 00 00 c7 45 f4 0a  |...U.........E..|
000034e0  00 00 00 c6 45 f3 7a c7  85 48 ff ff ff 00 00 00  |....E.z..H......|
000034f0  00 c7 85 4c ff ff ff 00  00 00 00 c7 85 50 ff ff  |...L.........P..|
00003500  ff 00 00 00 00 c7 85 54  ff ff ff 00 00 00 00 c7  |.......T........|
00003510  85 58 ff ff ff 00 00 00  00 83 ec 0c 8d 85 48 ff  |.X............H.|
00003520  ff ff 50 6a 05 6a 0d ff  75 08 6a 03 e8 8e 01 00  |..Pj.j..u.j.....|
00003530  00 83 c4 20 89 45 e0 83  7d e0 02 74 1d 83 7d e0  |... .E..}..t..}.|
00003540  03 75 28 8b 85 50 ff ff  ff 83 ec 08 6a 0a 50 e8  |.u(..P......j.P.|
00003550  f2 07 00 00 83 c4 10 89  45 f4 8b 85 4c ff ff ff  |........E...L...|
00003560  0f b6 00 88 45 f3 e9 9a  00 00 00 83 ec 04 ff 75  |....E..........u|
00003570  e0 68 c9 46 03 00 8d 85  5c ff ff ff 50 e8 4f 05  |.h.F....\...P.O.|
00003580  00 00 83 c4 10 83 ec 0c  8d 85 5c ff ff ff 50 e8  |..........\...P.|
00003590  be 03 00 00 83 c4 10 c7  45 ec 00 00 00 00 eb 4d  |........E......M|
000035a0  8b 45 ec 8b 84 85 48 ff  ff ff 85 c0 74 0c 8b 45  |.E....H.....t..E|
000035b0  ec 8b 84 85 48 ff ff ff  eb 05 b8 dc 46 03 00 83  |....H.......F...|
000035c0  ec 04 50 68 e3 46 03 00  8d 85 5c ff ff ff 50 e8  |..Ph.F....\...P.|
000035d0  fd 04 00 00 83 c4 10 83  ec 0c 8d 85 5c ff ff ff  |............\...|
000035e0  50 e8 6c 03 00 00 83 c4  10 83 45 ec 01 8b 45 ec  |P.l.......E...E.|
000035f0  3b 45 e0 7e ab 83 ec 0c  68 e7 46 03 00 e8 50 03  |;E.~....h.F...P.|
00003600  00 00 83 c4 10 e8 31 04  00 00 89 45 dc 0f be 45  |......1....E...E|
00003610  f3 ff 75 dc 50 68 e9 46  03 00 8d 85 5c ff ff ff  |..u.Ph.F....\...|
00003620  50 e8 ab 04 00 00 83 c4  10 83 ec 0c 8d 85 5c ff  |P.............\.|
00003630  ff ff 50 e8 83 03 00 00  83 c4 10 c7 45 e8 00 00  |..P.........E...|
00003640  00 00 eb 5f 0f be 45 f3  ff 75 e8 50 68 e9 46 03  |..._..E..u.Ph.F.|
00003650  00 8d 85 5c ff ff ff 50  e8 74 04 00 00 83 c4 10  |...\...P.t......|
00003660  83 ec 0c 8d 85 5c ff ff  ff 50 e8 4c 03 00 00 83  |.....\...P.L....|
00003670  c4 10 c7 45 e4 00 00 00  00 eb 04 83 45 e4 01 81  |...E........E...|
00003680  7d e4 9f 25 26 00 7e f3  8b 45 e8 83 e0 01 85 c0  |}..%&.~..E......|
00003690  74 0d 83 ec 0c 6a 00 e8  97 03 00 00 83 c4 10 83  |t....j..........|
000036a0  45 e8 01 8b 45 e8 3b 45  f4 7c 99 83 ec 0c 6a 00  |E...E.;E.|....j.|
000036b0  e8 4e 03 00 00 83 c4 10  b8 2a 00 00 00 c9 c3 55  |.N.......*.....U|
000036c0  89 e5 83 ec 14 8b 45 10  88 45 ec 83 7d 0c 00 75  |......E..E..}..u|
000036d0  0a b8 ff ff ff ff e9 85  00 00 00 8b 45 08 3b 45  |............E.;E|
000036e0  14 7c 07 b8 ff ff ff ff  eb 76 8b 45 0c 89 45 f8  |.|.......v.E..E.|
000036f0  c7 45 fc 00 00 00 00 eb  4b 8b 45 fc 8d 14 85 00  |.E......K.E.....|
00003700  00 00 00 8b 45 18 01 c2  8b 45 f8 89 02 eb 1d 8b  |....E....E......|
00003710  45 f8 0f b6 00 38 45 ec  75 0e 8b 45 f8 8d 50 01  |E....8E.u..E..P.|
00003720  89 55 f8 c6 00 00 eb 0e  83 45 f8 01 8b 45 f8 0f  |.U.......E...E..|
00003730  b6 00 84 c0 75 d9 8b 45  f8 0f b6 00 84 c0 74 19  |....u..E......t.|
00003740  83 45 fc 01 8b 45 fc 3b  45 08 7d 0e 8b 45 14 83  |.E...E.;E.}..E..|
00003750  e8 01 39 45 fc 7c a2 eb  01 90 8b 45 fc 83 c0 01  |..9E.|.....E....|
00003760  c9 c3 55 89 e5 83 ec 10  c7 45 fc 00 00 00 00 83  |..U......E......|
00003770  6d 10 01 e9 cf 00 00 00  8b 45 0c 8d 50 01 89 55  |m........E..P..U|
00003780  0c 0f b6 00 88 45 fb 80  7d fb 1f 76 1a 80 7d fb  |.....E..}..v..}.|
00003790  7e 77 14 8b 45 08 8d 50  01 89 55 08 0f b6 55 fb  |~w..E..P..U...U.|
000037a0  88 10 e9 9c 00 00 00 8b  45 08 8d 50 01 89 55 08  |........E..P..U.|
000037b0  c6 00 5c 83 45 fc 01 80  7d fb 0d 75 0e 8b 45 08  |..\.E...}..u..E.|
000037c0  8d 50 01 89 55 08 c6 00  72 eb 74 80 7d fb 09 75  |.P..U...r.t.}..u|
000037d0  0e 8b 45 08 8d 50 01 89  55 08 c6 00 74 eb 60 80  |..E..P..U...t.`.|
000037e0  7d fb 0a 75 0e 8b 45 08  8d 50 01 89 55 08 c6 00  |}..u..E..P..U...|
000037f0  6e eb 4c 8b 45 08 8d 50  01 89 55 08 c6 00 78 0f  |n.L.E..P..U...x.|
00003800  b6 45 fb c0 e8 04 0f b6  c0 83 e0 0f 89 c1 8b 45  |.E.............E|
00003810  08 8d 50 01 89 55 08 0f  b6 91 18 47 03 00 88 10  |..P..U.....G....|
00003820  0f b6 45 fb 83 e0 0f 89  c1 8b 45 08 8d 50 01 89  |..E.......E..P..|
00003830  55 08 0f b6 91 18 47 03  00 88 10 83 45 fc 02 83  |U.....G.....E...|
00003840  45 fc 01 83 45 fc 01 8b  45 0c 0f b6 00 84 c0 74  |E...E...E......t|
00003850  0c 8b 45 fc 3b 45 10 0f  82 1b ff ff ff 8b 45 08  |..E.;E........E.|
00003860  c6 00 00 8b 45 fc c9 c3  55 89 e5 81 ec 28 02 00  |....E...U....(..|
00003870  00 83 ec 0c 68 80 00 00  00 e8 95 01 00 00 83 c4  |....h...........|
00003880  10 89 45 f0 83 7d f0 00  74 08 8b 45 f0 e9 9d 00  |..E..}..t..E....|
00003890  00 00 83 ec 08 ff 75 0c  ff 75 08 e8 7b 01 00 00  |......u..u..{...|
000038a0  83 c4 10 e8 93 01 00 00  89 45 f0 8d 85 e0 fd ff  |.........E......|
000038b0  ff 89 45 f4 eb 17 8b 55  0c 8d 42 01 89 45 0c 8b  |..E....U..B..E..|
000038c0  45 f4 8d 48 01 89 4d f4  0f b6 12 88 10 8b 45 0c  |E..H..M.......E.|
000038d0  0f b6 00 3c 1f 7e 0a 8b  45 0c 0f b6 00 3c 7f 75  |...<.~..E....<.u|
000038e0  d5 8b 45 f4 c6 00 00 83  ec 0c 8d 85 e0 fd ff ff  |..E.............|
000038f0  50 ff 75 08 ff 75 f0 68  f4 46 03 00 8d 85 f0 fd  |P.u..u.h.F......|
00003900  ff ff 50 e8 c9 01 00 00  83 c4 20 83 ec 0c 8d 85  |..P....... .....|
00003910  f0 fd ff ff 50 e8 38 00  00 00 83 c4 10 83 ec 0c  |....P.8.........|
00003920  6a ff e8 dc 00 00 00 83  c4 10 b8 2a 00 00 00 c9  |j..........*....|
00003930  c3 55 89 e5 83 ec 18 8b  45 08 88 45 f4 83 ec 04  |.U......E..E....|
00003940  6a 01 8d 45 f4 50 6a 00  e8 de 00 00 00 83 c4 10  |j..E.Pj.........|
00003950  c9 c3 55 89 e5 83 ec 18  83 ec 0c ff 75 08 e8 7d  |..U.........u..}|
00003960  05 00 00 83 c4 10 89 45  f4 8b 45 f4 83 ec 04 50  |.......E..E....P|
00003970  ff 75 08 6a 00 e8 b1 00  00 00 83 c4 10 c9 c3 55  |.u.j...........U|
00003980  89 e5 83 ec 08 83 ec 04  ff 75 0c ff 75 08 6a 00  |.........u..u.j.|
00003990  e8 96 00 00 00 83 c4 10  c9 c3 55 89 e5 83 ec 18  |..........U.....|
000039a0  8b 45 08 88 45 f4 83 ec  04 6a 01 8d 45 f4 50 6a  |.E..E....j..E.Pj|
000039b0  01 e8 75 00 00 00 83 c4  10 c9 c3 55 89 e5 83 ec  |..u........U....|
000039c0  18 83 ec 0c ff 75 08 e8  14 05 00 00 83 c4 10 89  |.....u..........|
000039d0  45 f4 8b 45 f4 83 ec 04  50 ff 75 08 6a 01 e8 48  |E..E....P.u.j..H|
000039e0  00 00 00 83 c4 10 c9 c3  55 89 e5 83 ec 08 83 ec  |........U.......|
000039f0  04 ff 75 0c ff 75 08 6a  01 e8 2d 00 00 00 83 c4  |..u..u.j..-.....|
00003a00  10 c9 c3 b8 00 00 00 00  cd 80 c3 b8 01 00 00 00  |................|
00003a10  cd 80 c3 b8 02 00 00 00  cd 80 c3 b8 03 00 00 00  |................|
00003a20  cd 80 c3 b8 04 00 00 00  cd 80 c3 b8 05 00 00 00  |................|
00003a30  cd 80 c3 b8 06 00 00 00  cd 80 c3 b8 07 00 00 00  |................|
00003a40  cd 80 c3 b8 08 00 00 00  cd 80 c3 b8 09 00 00 00  |................|
00003a50  cd 80 c3 b8 ad 0b 00 00  cd 80 c3 83 ec 0c 50 e8  |..............P.|
00003a60  9f ff ff ff eb fe 55 89  e5 83 ec 10 c7 45 fc 00  |......U......E..|
00003a70  00 00 00 c7 45 f8 00 00  00 00 eb 44 8b 45 0c 25  |....E......D.E.%|
00003a80  00 00 00 f0 89 45 f4 83  7d fc 00 75 0c 83 7d f4  |.....E..}..u..}.|
00003a90  00 75 06 83 7d f8 07 75  1f 83 45 fc 01 c1 6d f4  |.u..}..u..E...m.|
00003aa0  1c 8b 45 08 8d 50 01 89  55 08 8b 55 f4 81 c2 18  |..E..P..U..U....|
00003ab0  47 03 00 0f b6 12 88 10  c1 65 0c 04 83 45 f8 01  |G........e...E..|
00003ac0  83 7d f8 07 7e b6 8b 45  08 c6 00 00 8b 45 fc c9  |.}..~..E.....E..|
00003ad0  c3 55 89 e5 83 ec 38 8d  45 0c 83 c0 04 89 45 f4  |.U....8.E.....E.|
00003ae0  e9 3f 02 00 00 80 7d f3  25 0f 85 26 02 00 00 c7  |.?....}.%..&....|
00003af0  45 ec 00 00 00 00 c7 45  e4 20 00 00 00 c7 45 e8  |E......E. ....E.|
00003b00  00 00 00 00 8b 45 0c 8d  50 01 89 55 0c 0f b6 00  |.....E..P..U....|
00003b10  88 45 f3 80 7d f3 2d 75  16 c7 45 ec 01 00 00 00  |.E..}.-u..E.....|
00003b20  8b 45 0c 8d 50 01 89 55  0c 0f b6 00 88 45 f3 80  |.E..P..U.....E..|
00003b30  7d f3 30 75 40 c7 45 e4  30 00 00 00 8b 45 0c 8d  |}.0u@.E.0....E..|
00003b40  50 01 89 55 0c 0f b6 00  88 45 f3 eb 28 8b 55 e8  |P..U.....E..(.U.|
00003b50  89 d0 c1 e0 02 01 d0 01  c0 89 45 e8 0f be 45 f3  |..........E...E.|
00003b60  83 e8 30 01 45 e8 8b 45  0c 8d 50 01 89 55 0c 0f  |..0.E..E..P..U..|
00003b70  b6 00 88 45 f3 80 7d f3  2f 7e 06 80 7d f3 39 7e  |...E..}./~..}.9~|
00003b80  cc 0f be 45 f3 83 e8 63  83 f8 15 0f 87 93 01 00  |...E...c........|
00003b90  00 8b 04 85 2c 47 03 00  ff e0 8b 45 f4 8d 50 04  |....,G.....E..P.|
00003ba0  89 55 f4 8b 00 88 45 f3  0f b6 45 f3 88 45 d0 c6  |.U....E...E..E..|
00003bb0  45 d1 00 83 ec 08 ff 75  e4 ff 75 ec ff 75 e8 6a  |E......u..u..u.j|
00003bc0  01 8d 45 d0 50 ff 75 08  e8 25 05 00 00 83 c4 20  |..E.P.u..%..... |
00003bd0  89 45 08 e9 4c 01 00 00  8b 45 f4 8d 50 04 89 55  |.E..L....E..P..U|
00003be0  f4 8b 00 83 ec 08 50 8d  45 d0 50 e8 14 03 00 00  |......P.E.P.....|
00003bf0  83 c4 10 89 45 e0 83 ec  08 ff 75 e4 ff 75 ec ff  |....E.....u..u..|
00003c00  75 e8 ff 75 e0 8d 45 d0  50 ff 75 08 e8 e1 04 00  |u..u..E.P.u.....|
00003c10  00 83 c4 20 89 45 08 e9  08 01 00 00 8b 45 f4 8d  |... .E.......E..|
00003c20  50 04 89 55 f4 8b 00 89  45 dc 83 ec 08 ff 75 e4  |P..U....E.....u.|
00003c30  ff 75 ec ff 75 e8 6a ff  ff 75 dc ff 75 08 e8 af  |.u..u.j..u..u...|
00003c40  04 00 00 83 c4 20 89 45  08 e9 d6 00 00 00 8b 45  |..... .E.......E|
00003c50  f4 8d 50 04 89 55 f4 8b  00 83 ec 08 50 8d 45 d0  |..P..U......P.E.|
00003c60  50 e8 00 fe ff ff 83 c4  10 89 45 e0 83 ec 08 ff  |P.........E.....|
00003c70  75 e4 ff 75 ec ff 75 e8  ff 75 e0 8d 45 d0 50 ff  |u..u..u..u..E.P.|
00003c80  75 08 e8 6b 04 00 00 83  c4 20 89 45 08 e9 92 00  |u..k..... .E....|
00003c90  00 00 8b 45 f4 8d 50 04  89 55 f4 8b 00 83 ec 08  |...E..P..U......|
00003ca0  50 8d 45 d0 50 e8 2e 03  00 00 83 c4 10 89 45 e0  |P.E.P.........E.|
00003cb0  83 ec 08 ff 75 e4 ff 75  ec ff 75 e8 ff 75 e0 8d  |....u..u..u..u..|
00003cc0  45 d0 50 ff 75 08 e8 27  04 00 00 83 c4 20 89 45  |E.P.u..'..... .E|
00003cd0  08 eb 51 8b 45 f4 8d 50  04 89 55 f4 8b 00 83 ec  |..Q.E..P..U.....|
00003ce0  08 50 8d 45 d0 50 e8 73  03 00 00 83 c4 10 89 45  |.P.E.P.s.......E|
00003cf0  e0 83 ec 08 ff 75 e4 ff  75 ec ff 75 e8 ff 75 e0  |.....u..u..u..u.|
00003d00  8d 45 d0 50 ff 75 08 e8  e6 03 00 00 83 c4 20 89  |.E.P.u........ .|
00003d10  45 08 90 eb 0f 8b 45 08  8d 50 01 89 55 08 0f b6  |E.....E..P..U...|
00003d20  55 f3 88 10 8b 45 0c 8d  50 01 89 55 0c 0f b6 00  |U....E..P..U....|
00003d30  88 45 f3 80 7d f3 00 0f  85 a8 fd ff ff 8b 45 08  |.E..}.........E.|
00003d40  c6 00 00 90 c9 c3 55 89  e5 57 56 53 83 ec 2c 8b  |......U..WVS..,.|
00003d50  5d 08 8b 7d 0c be 00 00  00 00 c6 45 d7 39 c7 45  |]..}.......E.9.E|
00003d60  e4 01 00 00 00 0f b6 03  3c 2d 75 0a c7 45 e4 ff  |........<-u..E..|
00003d70  ff ff ff 83 c3 01 83 ff  0a 0f 84 bf 00 00 00 89  |................|
00003d80  f8 83 c0 2f 88 45 d7 83  ff 10 75 2f c6 45 d7 46  |.../.E....u/.E.F|
00003d90  0f b6 03 3c 30 0f 85 a3  00 00 00 8d 43 01 0f b6  |...<0.......C...|
00003da0  00 3c 78 74 0e 8d 43 01  0f b6 00 3c 58 0f 85 8b  |.<xt..C....<X...|
00003db0  00 00 00 83 c3 02 e9 83  00 00 00 83 ff 02 75 7e  |..............u~|
00003dc0  0f b6 03 3c 30 75 77 8d  43 01 0f b6 00 3c 62 74  |...<0uw.C....<bt|
00003dd0  0a 8d 43 01 0f b6 00 3c  42 75 63 83 c3 02 eb 5e  |..C....<Buc....^|
00003de0  0f b6 03 3c 60 7e 0f 0f  b6 03 3c 7a 7f 08 0f b6  |...<`~....<z....|
00003df0  03 83 e0 df eb 03 0f b6  03 88 45 e3 0f be 45 e3  |..........E...E.|
00003e00  83 ec 08 50 68 18 47 03  00 e8 4b 00 00 00 83 c4  |...Ph.G...K.....|
00003e10  10 89 45 dc 83 7d dc 00  74 2d 8b 45 dc 0f b6 00  |..E..}..t-.E....|
00003e20  38 45 d7 7c 25 8b 45 dc  2d 18 47 03 00 89 45 d8  |8E.|%.E.-.G...E.|
00003e30  89 f2 0f af d7 8b 45 d8  8d 34 02 83 c3 01 0f b6  |......E..4......|
00003e40  03 84 c0 75 9b eb 04 90  eb 01 90 89 f0 0f af 45  |...u...........E|
00003e50  e4 8d 65 f4 5b 5e 5f 5d  c3 55 89 e5 8b 45 08 8b  |..e.[^_].U...E..|
00003e60  55 0c 89 d1 85 c0 75 13  b8 00 00 00 00 eb 18 0f  |U.....u.........|
00003e70  b6 10 38 d1 75 02 eb 0f  83 c0 01 0f b6 10 84 d2  |..8.u...........|
00003e80  75 ed b8 00 00 00 00 5d  c3 55 89 e5 56 53 83 ec  |u......].U..VS..|
00003e90  10 8b 75 08 8b 45 0c 88  45 f7 89 f3 85 f6 75 07  |..u..E..E.....u.|
00003ea0  b8 00 00 00 00 eb 32 83  ec 0c 56 e8 30 00 00 00  |......2...V.0...|
00003eb0  83 c4 10 83 e8 01 01 c3  eb 0f 0f b6 03 38 45 f7  |.............8E.|
00003ec0  75 04 89 d8 eb 13 83 eb  01 39 f3 72 07 0f b6 03  |u........9.r....|
00003ed0  84 c0 75 e6 b8 00 00 00  00 8d 65 f8 5b 5e 5d c3  |..u.......e.[^].|
00003ee0  55 89 e5 53 8b 55 08 bb  00 00 00 00 eb 03 83 c3  |U..S.U..........|
00003ef0  01 89 d0 8d 50 01 0f b6  00 84 c0 75 f1 89 d8 8b  |....P......u....|
00003f00  5d fc c9 c3 55 89 e5 83  ec 18 8b 45 08 89 45 f4  |]...U......E..E.|
00003f10  83 7d 0c 00 79 0f 8b 45  f4 8d 50 01 89 55 f4 c6  |.}..y..E..P..U..|
00003f20  00 2d f7 5d 0c 83 ec 08  ff 75 0c ff 75 f4 e8 14  |.-.].....u..u...|
00003f30  00 00 00 83 c4 10 89 45  f4 8b 45 f4 c6 00 00 8b  |.......E..E.....|
00003f40  45 f4 2b 45 08 c9 c3 55  89 e5 53 83 ec 14 8b 4d  |E.+E...U..S....M|
00003f50  0c ba 67 66 66 66 89 c8  f7 ea 89 d0 c1 f8 02 c1  |..gfff..........|
00003f60  f9 1f 89 ca 29 d0 89 45  f4 83 7d f4 00 79 0e c7  |....)..E..}..y..|
00003f70  45 f4 cc cc cc 0c c7 45  0c 08 00 00 00 83 7d f4  |E......E......}.|
00003f80  00 74 14 83 ec 08 ff 75  f4 ff 75 08 e8 b6 ff ff  |.t.....u..u.....|
00003f90  ff 83 c4 10 89 45 08 8b  4d 0c ba 67 66 66 66 89  |.....E..M..gfff.|
00003fa0  c8 f7 ea 89 d0 c1 f8 02  89 cb c1 fb 1f 29 d8 89  |.............)..|
00003fb0  c2 89 d0 c1 e0 02 01 d0  01 c0 29 c1 89 ca 89 d0  |..........).....|
00003fc0  8d 48 30 8b 45 08 8d 50  01 89 55 08 89 ca 88 10  |.H0.E..P..U.....|
00003fd0  8b 45 08 8b 5d fc c9 c3  55 89 e5 83 ec 10 c7 45  |.E..]...U......E|
00003fe0  f8 00 00 00 00 8b 45 08  89 45 f4 8b 45 0c 25 00  |......E..E..E.%.|
00003ff0  00 00 c0 89 45 f0 c1 6d  f0 1e c7 45 fc 00 00 00  |....E..m...E....|
00004000  00 eb 47 83 7d fc 0a 74  0c 83 7d f0 00 75 06 83  |..G.}..t..}..u..|
00004010  7d f8 00 74 1e c7 45 f8  01 00 00 00 83 65 f0 07  |}..t..E......e..|
00004020  8b 45 f0 8d 48 30 8b 45  f4 8d 50 01 89 55 f4 89  |.E..H0.E..P..U..|
00004030  ca 88 10 c1 65 0c 03 8b  45 0c 25 00 00 00 e0 89  |....e...E.%.....|
00004040  45 f0 c1 6d f0 1d 83 45  fc 01 83 7d fc 0a 7e b3  |E..m...E...}..~.|
00004050  8b 45 f4 c6 00 00 8b 45  f4 2b 45 08 c9 c3 55 89  |.E.....E.+E...U.|
00004060  e5 83 ec 18 8b 45 08 89  45 f4 83 ec 08 ff 75 0c  |.....E..E.....u.|
00004070  ff 75 f4 e8 14 00 00 00  83 c4 10 89 45 f4 8b 45  |.u..........E..E|
00004080  f4 c6 00 00 8b 45 f4 2b  45 08 c9 c3 55 89 e5 83  |.....E.+E...U...|
00004090  ec 18 8b 45 0c ba cd cc  cc cc f7 e2 89 d0 c1 e8  |...E............|
000040a0  03 89 45 f4 83 7d f4 00  74 15 8b 45 f4 83 ec 08  |..E..}..t..E....|
000040b0  50 ff 75 08 e8 8e fe ff  ff 83 c4 10 89 45 08 8b  |P.u..........E..|
000040c0  4d 0c ba cd cc cc cc 89  c8 f7 e2 c1 ea 03 89 d0  |M...............|
000040d0  c1 e0 02 01 d0 01 c0 29  c1 89 ca 89 d0 8d 48 30  |.......)......H0|
000040e0  8b 45 08 8d 50 01 89 55  08 89 ca 88 10 8b 45 08  |.E..P..U......E.|
000040f0  c9 c3 55 89 e5 83 ec 18  83 7d 10 00 79 11 83 ec  |..U......}..y...|
00004100  0c ff 75 0c e8 d7 fd ff  ff 83 c4 10 89 45 10 8b  |..u..........E..|
00004110  45 14 2b 45 10 89 45 f0  83 7d f0 00 7e 1d 83 7d  |E.+E..E..}..~..}|
00004120  18 00 75 17 83 ec 04 ff  75 1c ff 75 f0 ff 75 08  |..u.....u..u..u.|
00004130  e8 5a 00 00 00 83 c4 10  89 45 08 c7 45 f4 00 00  |.Z.......E..E...|
00004140  00 00 eb 1b 8b 55 f4 8b  45 0c 8d 0c 02 8b 45 08  |.....U..E.....E.|
00004150  8d 50 01 89 55 08 0f b6  11 88 10 83 45 f4 01 8b  |.P..U.......E...|
00004160  45 f4 3b 45 10 7c dd 83  7d f0 00 7e 1d 83 7d 18  |E.;E.|..}..~..}.|
00004170  00 74 17 83 ec 04 ff 75  1c ff 75 f0 ff 75 08 e8  |.t.....u..u..u..|
00004180  0b 00 00 00 83 c4 10 89  45 08 8b 45 08 c9 c3 55  |........E..E...U|
00004190  89 e5 eb 12 8b 45 08 8d  50 01 89 55 08 8b 55 10  |.....E..P..U..U.|
000041a0  88 10 83 6d 0c 01 83 7d  0c 00 7f e8 8b 45 08 5d  |...m...}.....E.]|
000041b0  c3 00 00 00 00 00 00 00  00 00 00 00 00 00 00 00  |................|
000041c0  00 00 00 00 00 00 00 00  00 00 00 00 00 00 00 00  |................|
*
00005000  69 64 6c 65 0d 2e 00 75  73 65 72 41 0d 41 0d 33  |idle...userA.A.3|
00005010  30 00 75 73 65 72 42 0d  42 0d 33 30 00 75 73 65  |0.userB.B.30.use|
00005020  72 43 0d 43 0d 33 30 00  75 73 65 72 44 0d 44 0d  |rC.C.30.userD.D.|
00005030  32 30 00 75 73 65 72 45  0d 45 0d 32 30 00 75 73  |20.userE.E.20.us|
00005040  65 72 46 0d 46 0d 32 30  00 75 73 65 72 47 0d 47  |erF.F.20.userG.G|
00005050  0d 31 30 00 75 73 65 72  48 0d 48 0d 34 00 75 73  |.10.userH.H.4.us|
00005060  65 72 49 0d 49 00 75 73  65 72 4a 0d 4a 00 75 73  |erI.I.userJ.J.us|
00005070  65 72 4b 0d 4b 0d 38 00  75 73 65 72 4c 0d 4c 0d  |erK.K.8.userL.L.|
00005080  35 00 75 73 65 72 52 0d  52 0d 32 30 0d 31 00 75  |5.userR.R.20.1.u|
00005090  73 65 72 53 0d 53 0d 31  33 00 00 00 00 00 00 00  |serS.S.13.......|
000050a0  fb 02 03 00 00 40 03 00  02 21 00 00 9a 03 03 00  |.....@...!......|
000050b0  07 40 03 00 01 61 00 00  9a 03 03 00 12 40 03 00  |.@...a.......@..|
000050c0  01 62 00 00 9a 03 03 00  1d 40 03 00 01 63 00 00  |.b.......@...c..|
000050d0  04 06 03 00 28 40 03 00  01 64 00 00 04 06 03 00  |....(@...d......|
000050e0  33 40 03 00 01 65 00 00  fc 07 03 00 3e 40 03 00  |3@...e......>@..|
000050f0  01 66 00 00 fc 07 03 00  49 40 03 00 01 67 00 00  |.f......I@...g..|
00005100  ea 09 03 00 54 40 03 00  01 68 00 00 d9 0b 03 00  |....T@...h......|
00005110  5e 40 03 00 01 69 00 00  89 0e 03 00 66 40 03 00  |^@...i......f@..|
00005120  01 6a 00 00 48 10 03 00  6e 40 03 00 01 6b 00 00  |.j..H...n@...k..|
00005130  48 10 03 00 78 40 03 00  01 6c 00 00 b9 17 03 00  |H...x@...l......|
00005140  82 40 03 00 01 72 00 00  2e 1a 03 00 8f 40 03 00  |.@...r.......@..|
00005150  01 73 00 00 49 4e 49 54  3a 20 70 72 6f 63 65 73  |.s..INIT: proces|
00005160  73 28 25 64 29 3f 3f 3f  0a 00 49 4e 49 54 3a 20  |s(%d)???..INIT: |
00005170  66 6f 72 6b 20 66 6f 72  20 30 78 25 30 38 78 20  |fork for 0x%08x |
00005180  66 61 69 6c 65 64 0a 00  49 4e 49 54 3a 20 65 78  |failed..INIT: ex|
00005190  65 63 28 30 78 25 30 38  78 29 20 66 61 69 6c 65  |ec(0x%08x) faile|
000051a0  64 0a 00 0a 0a 41 75 64  69 6f 2c 20 76 69 64 65  |d....Audio, vide|
000051b0  6f 2c 20 64 69 73 63 6f  21 0a 0a 0d 00 25 73 3a  |o, disco!....%s:|
000051c0  20 73 74 61 72 74 69 6e  67 20 75 73 65 72 20 70  | starting user p|
000051d0  72 6f 63 65 73 73 65 73  0a 00 20 21 21 21 0d 0a  |rocesses.. !!!..|
000051e0  0a 00 00 00 25 73 3a 20  74 72 61 6e 73 69 74 69  |....%s: transiti|
000051f0  6f 6e 69 6e 67 20 74 6f  20 77 61 69 74 28 29 20  |oning to wait() |
00005200  6d 6f 64 65 0a 00 25 73  3a 20 77 61 69 74 28 29  |mode..%s: wait()|
00005210  20 72 65 74 75 72 6e 65  64 20 25 64 3f 3f 3f 0a  | returned %d???.|
00005220  00 25 73 3a 20 70 69 64  20 25 64 20 65 78 69 74  |.%s: pid %d exit|
00005230  28 25 64 29 0a 00 69 64  6c 65 20 5b 25 64 5d 2c  |(%d)..idle [%d],|
00005240  20 73 74 61 72 74 65 64  20 40 20 25 75 0a 00 00  | started @ %u...|
00005250  25 73 3a 20 61 72 67 63  20 25 64 2c 20 61 72 67  |%s: argc %d, arg|
00005260  73 3a 20 00 28 6e 75 6c  6c 29 00 20 25 73 00 0a  |s: .(null). %s..|
00005270  00 3d 3d 20 25 63 2c 20  77 72 69 74 65 20 23 31  |.== %c, write #1|
00005280  20 72 65 74 75 72 6e 65  64 20 25 64 0a 00 3d 3d  | returned %d..==|
00005290  20 25 63 2c 20 77 72 69  74 65 20 23 32 20 72 65  | %c, write #2 re|
000052a0  74 75 72 6e 65 64 20 25  64 0a 00 00 55 73 65 72  |turned %d...User|
000052b0  20 25 63 2c 20 77 72 69  74 65 20 23 33 20 72 65  | %c, write #3 re|
000052c0  74 75 72 6e 65 64 20 25  64 0a 00 25 73 3a 20 61  |turned %d..%s: a|
000052d0  72 67 63 20 25 64 2c 20  61 72 67 73 3a 20 00 28  |rgc %d, args: .(|
000052e0  6e 75 6c 6c 29 00 20 25  73 00 0a 00 3d 3d 20 25  |null). %s...== %|
000052f0  63 2c 20 77 72 69 74 65  20 23 31 20 72 65 74 75  |c, write #1 retu|
00005300  72 6e 65 64 20 25 64 0a  00 3d 3d 20 25 63 2c 20  |rned %d..== %c, |
00005310  77 72 69 74 65 20 23 32  20 72 65 74 75 72 6e 65  |write #2 returne|
00005320  64 20 25 64 0a 00 25 73  3a 20 61 72 67 63 20 25  |d %d..%s: argc %|
00005330  64 2c 20 61 72 67 73 3a  20 00 28 6e 75 6c 6c 29  |d, args: .(null)|
00005340  00 20 25 73 00 0a 00 3d  3d 3d 20 25 63 2c 20 77  |. %s...=== %c, w|
00005350  72 69 74 65 20 23 31 20  72 65 74 75 72 6e 65 64  |rite #1 returned|
00005360  20 25 64 0a 00 00 00 00  25 73 3a 20 61 72 67 63  | %d.....%s: argc|
00005370  20 25 64 2c 20 61 72 67  73 3a 20 00 28 6e 75 6c  | %d, args: .(nul|
00005380  6c 29 00 20 25 73 00 0a  00 70 72 6f 67 5a 0d 5a  |l). %s...progZ.Z|
00005390  0d 31 30 00 21 21 20 25  63 20 73 70 61 77 6e 28  |.10.!! %c spawn(|
000053a0  29 20 66 61 69 6c 65 64  2c 20 72 65 74 75 72 6e  |) failed, return|
000053b0  65 64 20 25 64 0a 00 25  73 3a 20 61 72 67 63 20  |ed %d..%s: argc |
000053c0  25 64 2c 20 61 72 67 73  3a 20 00 28 6e 75 6c 6c  |%d, args: .(null|
000053d0  29 00 20 25 73 00 0a 00  70 72 6f 67 57 0d 57 0d  |). %s...progW.W.|
000053e0  31 30 0d 35 00 3d 3d 20  25 63 3a 20 63 68 69 6c  |10.5.== %c: chil|
000053f0  64 20 25 64 20 28 25 64  29 0a 00 25 73 3a 20 61  |d %d (%d)..%s: a|
00005400  72 67 63 20 25 64 2c 20  61 72 67 73 3a 20 00 28  |rgc %d, args: .(|
00005410  6e 75 6c 6c 29 00 20 25  73 00 0a 00 70 72 6f 67  |null). %s...prog|
00005420  59 0d 59 0d 31 30 00 21  6a 21 00 70 72 6f 67 4b  |Y.Y.10.!j!.progK|
00005430  4c 00 25 73 3a 20 61 72  67 63 20 25 64 2c 20 61  |L.%s: argc %d, a|
00005440  72 67 73 3a 20 00 28 6e  75 6c 6c 29 00 20 25 73  |rgs: .(null). %s|
00005450  00 0a 00 70 72 6f 67 58  0d 58 0d 25 64 00 25 73  |...progX.X.%d.%s|
00005460  3a 20 61 72 67 63 20 25  64 2c 20 61 72 67 73 3a  |: argc %d, args:|
00005470  20 00 28 6e 75 6c 6c 29  00 20 25 73 00 0a 00 70  | .(null). %s...p|
00005480  72 6f 67 57 0d 57 0d 31  35 0d 35 00 70 72 6f 67  |rogW.W.15.5.prog|
00005490  5a 0d 5a 0d 31 35 00 25  73 3a 20 61 72 67 63 20  |Z.Z.15.%s: argc |
000054a0  25 64 2c 20 61 72 67 73  3a 20 00 28 6e 75 6c 6c  |%d, args: .(null|
000054b0  29 00 20 25 73 00 0a 00  20 50 40 25 75 00 00 00  |). %s... P@%u...|
000054c0  25 73 3a 20 61 72 67 63  20 25 64 2c 20 61 72 67  |%s: argc %d, arg|
000054d0  73 3a 20 00 28 6e 75 6c  6c 29 00 20 25 73 00 0a  |s: .(null). %s..|
000054e0  00 00 00 00 21 21 21 21  21 20 25 63 20 72 65 74  |....!!!!! %c ret|
000054f0  75 72 6e 65 64 20 66 72  6f 6d 20 62 6f 67 75 73  |urned from bogus|
00005500  20 73 79 73 63 61 6c 6c  21 3f 21 3f 21 0a 00 25  | syscall!?!?!..%|
00005510  73 3a 20 61 72 67 63 20  25 64 2c 20 61 72 67 73  |s: argc %d, args|
00005520  3a 20 00 28 6e 75 6c 6c  29 00 20 25 73 00 0a 00  |: .(null). %s...|
00005530  20 25 63 5b 25 64 2c 25  64 5d 00 2a 2a 20 52 5b  | %c[%d,%d].** R[|
00005540  25 64 5d 20 66 6f 72 6b  20 63 6f 64 65 20 25 64  |%d] fork code %d|
00005550  0a 00 25 73 3a 20 61 72  67 63 20 25 64 2c 20 61  |..%s: argc %d, a|
00005560  72 67 73 3a 20 00 28 6e  75 6c 6c 29 00 20 25 73  |rgs: .(null). %s|
00005570  00 0a 00 25 73 20 73 6c  65 65 70 69 6e 67 20 25  |...%s sleeping %|
00005580  64 28 25 64 29 0a 00 00  25 73 3a 20 61 72 67 63  |d(%d)...%s: argc|
00005590  20 25 64 2c 20 61 72 67  73 3a 20 00 28 6e 75 6c  | %d, args: .(nul|
000055a0  6c 29 00 20 25 73 00 0a  00 70 72 6f 67 57 0d 57  |l). %s...progW.W|
000055b0  0d 31 30 0d 35 00 00 00  21 21 20 25 63 3a 20 77  |.10.5...!! %c: w|
000055c0  61 69 74 28 29 20 72 65  74 20 25 64 20 73 74 61  |ait() ret %d sta|
000055d0  74 75 73 20 25 64 20 28  25 78 29 0a 00 21 21 20  |tus %d (%x)..!! |
000055e0  25 63 3a 20 6e 6f 20 63  68 69 6c 64 72 65 6e 0a  |%c: no children.|
000055f0  00 00 00 00 21 21 20 25  63 3a 20 63 68 69 6c 64  |....!! %c: child|
00005600  20 50 49 44 20 25 64 20  73 74 61 74 75 73 20 25  | PID %d status %|
00005610  64 2c 20 4e 4f 54 20 46  4f 55 4e 44 0a 00 00 00  |d, NOT FOUND....|
00005620  3d 3d 20 25 63 3a 20 63  68 69 6c 64 20 25 64 20  |== %c: child %d |
00005630  28 25 64 29 20 73 74 61  74 75 73 20 25 64 0a 00  |(%d) status %d..|
00005640  25 73 3a 20 61 72 67 63  20 25 64 2c 20 61 72 67  |%s: argc %d, arg|
00005650  73 3a 20 00 28 6e 75 6c  6c 29 00 20 25 73 00 0a  |s: .(null). %s..|
00005660  00 20 25 63 5b 25 64 2c  25 75 5d 00 20 25 63 5b  |. %c[%d,%u]. %c[|
00005670  25 64 2c 25 75 5d 20 00  25 73 3a 20 61 72 67 63  |%d,%u] .%s: argc|
00005680  20 25 64 2c 20 61 72 67  73 3a 20 00 28 6e 75 6c  | %d, args: .(nul|
00005690  6c 29 00 20 25 73 00 0a  00 20 25 63 5b 25 64 5d  |l). %s... %c[%d]|
000056a0  00 3f 3a 20 61 72 67 63  20 25 64 2c 20 61 72 67  |.?: argc %d, arg|
000056b0  73 3a 20 00 28 6e 75 6c  6c 29 00 20 25 73 00 0a  |s: .(null). %s..|
000056c0  00 20 25 63 5b 25 64 5d  00 3f 3a 20 61 72 67 63  |. %c[%d].?: argc|
000056d0  20 25 64 2c 20 61 72 67  73 3a 20 00 28 6e 75 6c  | %d, args: .(nul|
000056e0  6c 29 00 20 25 73 00 0a  00 20 25 63 5b 25 64 5d  |l). %s... %c[%d]|
000056f0  00 00 00 00 43 68 69 6c  64 20 25 64 20 65 78 65  |....Child %d exe|
00005700  63 28 25 30 38 78 2c 27  25 73 27 29 20 66 61 69  |c(%08x,'%s') fai|
00005710  6c 65 64 0a 00 00 00 00  30 31 32 33 34 35 36 37  |led.....01234567|
00005720  38 39 41 42 43 44 45 46  00 00 00 00 9a 2b 03 00  |89ABCDEF.....+..|
00005730  d8 2b 03 00 24 2d 03 00  24 2d 03 00 24 2d 03 00  |.+..$-..$-..$-..|
00005740  24 2d 03 00 24 2d 03 00  24 2d 03 00 24 2d 03 00  |$-..$-..$-..$-..|
00005750  24 2d 03 00 24 2d 03 00  24 2d 03 00 92 2c 03 00  |$-..$-..$-...,..|
00005760  24 2d 03 00 24 2d 03 00  24 2d 03 00 1c 2c 03 00  |$-..$-..$-...,..|
00005770  24 2d 03 00 d3 2c 03 00  24 2d 03 00 24 2d 03 00  |$-...,..$-..$-..|
00005780  4e 2c 03 00 00 00 00 00  00 00 00 00 00 00 00 00  |N,..............|
00005790  00 00 00 00 00 00 00 00  00 00 00 00 00 00 00 00  |................|
*
00006000  2b 3e 04 00 00 05 00 01  04 00 00 00 00 0f d3 00  |+>..............|
00006010  00 00 0c 15 00 00 00 00  00 00 00 08 00 03 00 f3  |................|
00006020  02 00 00 00 00 00 00 03  01 06 7c 00 00 00 0c 26  |..........|....&|
00006030  00 00 00 05 77 01 00 00  02 1e 20 3e 00 00 00 03  |....w..... >....|
00006040  01 08 73 00 00 00 03 02  05 b9 01 00 00 03 02 07  |..s.............|
00006050  90 00 00 00 05 e1 01 00  00 02 21 20 5f 00 00 00  |..........! _...|
00006060  10 04 05 69 6e 74 00 05  e0 01 00 00 02 22 20 72  |...int......." r|
00006070  00 00 00 03 04 07 66 00  00 00 03 08 05 99 01 00  |......f.........|
00006080  00 03 08 07 5c 00 00 00  03 04 07 61 00 00 00 05  |....\......a....|
00006090  48 00 00 00 02 2f 20 53  00 00 00 05 34 00 00 00  |H..../ S....4...|
000060a0  02 32 20 32 00 00 00 11  13 00 00 00 07 04 72 00  |.2 2..........r.|
000060b0  00 00 06 68 06 d7 00 00  00 06 bb 00 00 00 00 06  |...h............|
000060c0  cf 01 00 00 01 06 02 02  00 00 02 06 7f 01 00 00  |................|
000060d0  03 06 f5 01 00 00 80 00  12 4e 00 00 00 0c 03 96  |.........N......|
000060e0  10 15 01 00 00 09 3b 00  00 00 97 0b 66 00 00 00  |......;.....f...|
000060f0  00 09 2f 03 00 00 98 08  15 01 00 00 04 09 ad 00  |../.............|
00006100  00 00 99 09 9a 00 00 00  08 09 41 00 00 00 9a 07  |..........A.....|
00006110  26 00 00 00 09 00 07 26  00 00 00 05 55 00 00 00  |&......&....U...|
00006120  03 9b 03 d7 00 00 00 0c  1a 01 00 00 0a 26 01 00  |.............&..|
00006130  00 3b 01 00 00 0b 72 00  00 00 0e 00 0c 2b 01 00  |.;....r......+..|
00006140  00 04 c5 00 00 00 19 15  3b 01 00 00 05 03 a0 40  |........;......@|
00006150  03 00 0a 8e 00 00 00 61  01 00 00 0b 72 00 00 00  |.......a....r...|
00006160  0e 00 04 87 01 00 00 91  0e 51 01 00 00 05 03 00  |.........Q......|
00006170  60 03 00 08 63 68 00 94  0d 26 00 00 00 05 03 00  |`...ch...&......|
00006180  50 03 00 02 ce 00 00 00  04 5e 07 8e 00 00 00 98  |P........^......|
00006190  01 00 00 01 98 01 00 00  00 07 53 00 00 00 13 81  |..........S.....|
000061a0  00 00 00 04 14 01 05 5f  00 00 00 b4 01 00 00 01  |......._........|
000061b0  b4 01 00 00 00 07 2d 00  00 00 02 a3 00 00 00 04  |......-.........|
000061c0  33 05 5f 00 00 00 e3 01  00 00 01 5f 00 00 00 01  |3._........_....|
000061d0  15 01 00 00 01 26 00 00  00 01 5f 00 00 00 01 e3  |.....&...._.....|
000061e0  01 00 00 00 07 15 01 00  00 0d b6 00 00 00 04 79  |...............y|
000061f0  fe 01 00 00 01 66 00 00  00 01 15 01 00 00 00 02  |.....f..........|
00006200  72 01 00 00 04 6b 07 8e  00 00 00 14 02 00 00 01  |r....k..........|
00006210  9a 00 00 00 00 02 0b 02  00 00 04 f8 05 5f 00 00  |............._..|
00006220  00 2a 02 00 00 01 b4 01  00 00 00 0d 89 00 00 00  |.*..............|
00006230  05 f2 41 02 00 00 01 15  01 00 00 01 15 01 00 00  |..A.............|
00006240  14 00 02 ef 01 00 00 03  4d 01 5f 00 00 00 57 02  |........M._...W.|
00006250  00 00 01 15 01 00 00 00  02 e9 01 00 00 03 4c 39  |..............L9|
00006260  5f 00 00 00 6d 02 00 00  01 15 01 00 00 00 02 b2  |_...m...........|
00006270  01 00 00 03 4b 27 5f 00  00 00 83 02 00 00 01 15  |....K'_.........|
00006280  01 00 00 00 02 c3 01 00  00 03 4b 14 5f 00 00 00  |..........K._...|
00006290  99 02 00 00 01 15 01 00  00 00 02 c9 01 00 00 03  |................|
000062a0  4b 01 5f 00 00 00 af 02  00 00 01 15 01 00 00 00  |K._.............|
000062b0  02 ac 01 00 00 03 4a 39  5f 00 00 00 c5 02 00 00  |......J9_.......|
000062c0  01 15 01 00 00 00 02 28  00 00 00 03 4a 27 5f 00  |.......(....J'_.|
000062d0  00 00 db 02 00 00 01 15  01 00 00 00 02 00 00 00  |................|
000062e0  00 03 4a 14 5f 00 00 00  f1 02 00 00 01 15 01 00  |..J._...........|
000062f0  00 00 02 d8 01 00 00 03  4a 01 5f 00 00 00 07 03  |........J._.....|
00006300  00 00 01 15 01 00 00 00  02 1e 00 00 00 03 47 14  |..............G.|
00006310  5f 00 00 00 1d 03 00 00  01 15 01 00 00 00 15 a7  |_...............|
00006320  01 00 00 01 cd 01 5f 00  00 00 12 01 03 00 e9 01  |......_.........|
00006330  00 00 01 9c ce 03 00 00  16 2f 03 00 00 01 cd 01  |........./......|
00006340  15 01 00 00 02 91 00 08  62 75 66 00 ce 07 ce 03  |........buf.....|
00006350  00 00 03 91 e0 7e 04 2f  00 00 00 d1 02 de 03 00  |.....~./........|
00006360  00 03 91 cc 7e 04 13 02  00 00 d1 02 5f 00 00 00  |....~......._...|
00006370  02 91 64 17 bf 01 03 00  23 00 00 00 8d 03 00 00  |..d.....#.......|
00006380  08 69 78 00 e3 0b 5f 00  00 00 02 91 6c 00 0e 22  |.ix..._.....l.."|
00006390  02 03 00 d4 00 00 00 04  07 00 00 00 f5 0b 53 00  |..............S.|
000063a0  00 00 03 91 c8 7e 04 0e  00 00 00 f6 09 8e 00 00  |.....~..........|
000063b0  00 02 91 60 0e a9 02 03  00 4d 00 00 00 18 69 78  |...`.....M....ix|
000063c0  00 01 05 01 0d 5f 00 00  00 02 91 68 00 00 00 0a  |....._.....h....|
000063d0  26 00 00 00 de 03 00 00  0b 72 00 00 00 7f 00 0a  |&........r......|
000063e0  15 01 00 00 ee 03 00 00  0b 72 00 00 00 04 00 19  |.........r......|
000063f0  91 01 00 00 01 9c 0d 08  00 03 00 0a 01 00 00 01  |................|
00006400  9c 3c 04 00 00 1a 69 78  00 01 9c 1a 5f 00 00 00  |.<....ix...._...|
00006410  02 91 00 08 62 75 66 00  9e 07 ce 03 00 00 03 91  |....buf.........|
00006420  e8 7e 04 23 00 00 00 a7  10 3c 04 00 00 02 91 6c  |.~.#.....<.....l|
00006430  08 70 00 aa 08 8e 00 00  00 02 91 68 00 07 26 01  |.p.........h..&.|
00006440  00 00 00 bb 01 00 00 05  00 01 04 8e 01 00 00 09  |................|
00006450  d3 00 00 00 0c 47 00 00  00 00 00 00 00 fb 02 03  |.....G..........|
00006460  00 9f 00 00 00 35 01 00  00 01 01 06 7c 00 00 00  |.....5......|...|
00006470  0a 26 00 00 00 03 77 01  00 00 1e 3c 00 00 00 01  |.&....w....<....|
00006480  01 08 73 00 00 00 01 02  05 b9 01 00 00 01 02 07  |..s.............|
00006490  90 00 00 00 03 e1 01 00  00 21 5b 00 00 00 0b 04  |.........![.....|
000064a0  05 69 6e 74 00 03 e0 01  00 00 22 6c 00 00 00 01  |.int......"l....|
000064b0  04 07 66 00 00 00 01 08  05 99 01 00 00 01 08 07  |..f.............|
000064c0  5c 00 00 00 01 04 07 61  00 00 00 03 48 00 00 00  |\......a....H...|
000064d0  2f 51 00 00 00 03 34 00  00 00 32 32 00 00 00 03  |/Q....4...22....|
000064e0  2c 02 00 00 35 62 00 00  00 05 26 00 00 00 06 f8  |,...5b....&.....|
000064f0  02 00 00 95 5b 00 00 00  c9 00 00 00 02 62 00 00  |....[........b..|
00006500  00 02 c9 00 00 00 02 62  00 00 00 00 05 ce 00 00  |.......b........|
00006510  00 0c 06 0b 02 00 00 f8  5b 00 00 00 e3 00 00 00  |........[.......|
00006520  02 e3 00 00 00 00 05 2d  00 00 00 0d 89 00 00 00  |.......-........|
00006530  04 f2 06 00 01 00 00 02  a6 00 00 00 02 a6 00 00  |................|
00006540  00 0e 00 06 24 02 00 00  bc 5b 00 00 00 14 01 00  |....$....[......|
00006550  00 02 88 00 00 00 00 07  33 02 00 00 b1 08 9c 00  |........3.......|
00006560  00 00 07 18 02 00 00 a8  07 88 00 00 00 0f 1e 00  |................|
00006570  00 00 01 16 01 5b 00 00  00 fb 02 03 00 9f 00 00  |.....[..........|
00006580  00 01 9c b2 01 00 00 10  2f 03 00 00 01 16 01 a6  |......../.......|
00006590  00 00 00 02 91 00 04 63  68 00 19 07 26 00 00 00  |.......ch...&...|
000065a0  02 91 62 04 70 69 64 00  20 08 88 00 00 00 02 91  |..b.pid. .......|
000065b0  68 04 6e 6f 77 00 21 09  9c 00 00 00 02 91 64 08  |h.now.!.......d.|
000065c0  27 02 00 00 22 09 92 00  00 00 02 91 63 04 62 75  |'...".......c.bu|
000065d0  66 00 24 07 b2 01 00 00  03 91 e2 7e 11 6f 03 03  |f.$........~.o..|
000065e0  00 16 00 00 00 08 1f 02  00 00 30 03 5b 00 00 00  |..........0.[...|
000065f0  02 91 6c 00 00 12 26 00  00 00 13 6c 00 00 00 7f  |..l...&....l....|
00006600  00 00 46 02 00 00 05 00  01 04 9a 02 00 00 0c d3  |..F.............|
00006610  00 00 00 0c 53 00 00 00  00 00 00 00 9a 03 03 00  |....S...........|
00006620  6a 02 00 00 bd 01 00 00  02 01 06 7c 00 00 00 0d  |j..........|....|
00006630  26 00 00 00 02 01 08 73  00 00 00 02 02 05 b9 01  |&......s........|
00006640  00 00 02 02 07 90 00 00  00 08 e1 01 00 00 21 51  |..............!Q|
00006650  00 00 00 0e 04 05 69 6e  74 00 08 e0 01 00 00 22  |......int......"|
00006660  62 00 00 00 02 04 07 66  00 00 00 02 08 05 99 01  |b......f........|
00006670  00 00 02 08 07 5c 00 00  00 02 04 07 61 00 00 00  |.....\......a...|
00006680  04 26 00 00 00 05 f8 02  00 00 03 95 51 00 00 00  |.&..........Q...|
00006690  a2 00 00 00 01 58 00 00  00 01 a2 00 00 00 01 58  |.....X.........X|
000066a0  00 00 00 00 04 a7 00 00  00 0f 09 3b 02 00 00 03  |...........;....|
000066b0  53 b9 00 00 00 01 47 00  00 00 00 10 4e 02 00 00  |S.....G.....N...|
000066c0  03 0b 01 05 51 00 00 00  d0 00 00 00 01 26 00 00  |....Q........&..|
000066d0  00 00 05 0b 02 00 00 03  f8 51 00 00 00 e5 00 00  |.........Q......|
000066e0  00 01 e5 00 00 00 00 04  2d 00 00 00 09 89 00 00  |........-.......|
000066f0  00 04 f2 01 01 00 00 01  7e 00 00 00 01 7e 00 00  |........~....~..|
00006700  00 11 00 05 46 02 00 00  04 83 51 00 00 00 1b 01  |....F.....Q.....|
00006710  00 00 01 e5 00 00 00 01  51 00 00 00 00 05 a3 00  |........Q.......|
00006720  00 00 03 33 51 00 00 00  44 01 00 00 01 51 00 00  |...3Q...D....Q..|
00006730  00 01 7e 00 00 00 01 26  00 00 00 01 51 00 00 00  |..~....&....Q...|
00006740  01 44 01 00 00 00 04 7e  00 00 00 12 d8 01 00 00  |.D.....~........|
00006750  01 11 01 51 00 00 00 9a  03 03 00 6a 02 00 00 01  |...Q.......j....|
00006760  9c 1d 02 00 00 13 2f 03  00 00 01 11 01 7e 00 00  |....../......~..|
00006770  00 02 91 00 06 40 02 00  00 12 06 51 00 00 00 02  |.....@.....Q....|
00006780  91 6c 03 63 68 00 13 07  26 00 00 00 02 91 6b 03  |.l.ch...&.....k.|
00006790  62 75 66 00 14 07 1d 02  00 00 03 91 d4 7e 06 2f  |buf..........~./|
000067a0  00 00 00 17 02 2d 02 00  00 03 91 c0 7e 06 13 02  |.....-......~...|
000067b0  00 00 17 02 51 00 00 00  02 91 58 03 6e 00 29 06  |....Q.....X.n.).|
000067c0  51 00 00 00 02 91 54 03  6d 73 67 00 3f 07 3d 02  |Q.....T.msg.?.=.|
000067d0  00 00 03 91 bc 7e 14 62  04 03 00 5e 00 00 00 ee  |.....~.b...^....|
000067e0  01 00 00 03 69 00 21 0d  51 00 00 00 02 91 64 00  |....i.!.Q.....d.|
000067f0  0a 17 05 03 00 72 00 00  00 03 69 00 30 0b 51 00  |.....r....i.0.Q.|
00006800  00 00 02 91 60 0a 20 05  03 00 16 00 00 00 06 1f  |....`. .........|
00006810  02 00 00 31 03 51 00 00  00 02 91 5c 00 00 00 0b  |...1.Q.....\....|
00006820  26 00 00 00 2d 02 00 00  07 62 00 00 00 7f 00 0b  |&...-....b......|
00006830  7e 00 00 00 3d 02 00 00  07 62 00 00 00 04 00 15  |~...=....b......|
00006840  26 00 00 00 07 62 00 00  00 03 00 00 de 01 00 00  |&....b..........|
00006850  05 00 01 04 bb 03 00 00  09 d3 00 00 00 0c 62 00  |..............b.|
00006860  00 00 00 00 00 00 04 06  03 00 f8 01 00 00 cc 02  |................|
00006870  00 00 02 01 06 7c 00 00  00 0a 26 00 00 00 02 01  |.....|....&.....|
00006880  08 73 00 00 00 02 02 05  b9 01 00 00 02 02 07 90  |.s..............|
00006890  00 00 00 0b 04 05 69 6e  74 00 02 04 07 66 00 00  |......int....f..|
000068a0  00 02 08 05 99 01 00 00  02 08 07 5c 00 00 00 02  |...........\....|
000068b0  04 07 61 00 00 00 05 26  00 00 00 0c 4e 02 00 00  |..a....&....N...|
000068c0  02 0b 01 05 47 00 00 00  86 00 00 00 01 26 00 00  |....G........&..|
000068d0  00 00 06 0b 02 00 00 02  f8 47 00 00 00 9b 00 00  |.........G......|
000068e0  00 01 9b 00 00 00 00 05  2d 00 00 00 0d 89 00 00  |........-.......|
000068f0  00 03 f2 06 b8 00 00 00  01 6a 00 00 00 01 6a 00  |.........j....j.|
00006900  00 00 0e 00 06 46 02 00  00 03 83 47 00 00 00 d2  |.....F.....G....|
00006910  00 00 00 01 9b 00 00 00  01 47 00 00 00 00 06 a3  |.........G......|
00006920  00 00 00 02 33 47 00 00  00 fb 00 00 00 01 47 00  |....3G........G.|
00006930  00 00 01 6a 00 00 00 01  26 00 00 00 01 47 00 00  |...j....&....G..|
00006940  00 01 fb 00 00 00 00 05  6a 00 00 00 0f 00 00 00  |........j.......|
00006950  00 01 12 01 47 00 00 00  04 06 03 00 f8 01 00 00  |....G...........|
00006960  01 9c c5 01 00 00 10 2f  03 00 00 01 12 01 6a 00  |......./......j.|
00006970  00 00 02 91 00 03 6e 00  13 06 47 00 00 00 02 91  |......n...G.....|
00006980  54 04 40 02 00 00 14 06  47 00 00 00 02 91 6c 03  |T.@.....G.....l.|
00006990  63 68 00 15 07 26 00 00  00 02 91 6b 03 62 75 66  |ch...&.....k.buf|
000069a0  00 16 07 c5 01 00 00 03  91 d4 7e 04 2f 00 00 00  |..........~./...|
000069b0  19 02 d5 01 00 00 03 91  c0 7e 04 13 02 00 00 19  |.........~......|
000069c0  02 47 00 00 00 02 91 58  11 cc 06 03 00 5e 00 00  |.G.....X.....^..|
000069d0  00 96 01 00 00 03 69 00  22 0d 47 00 00 00 02 91  |......i.".G.....|
000069e0  64 00 07 81 07 03 00 72  00 00 00 03 69 00 31 0b  |d......r....i.1.|
000069f0  47 00 00 00 02 91 60 07  8a 07 03 00 16 00 00 00  |G.....`.........|
00006a00  04 1f 02 00 00 32 03 47  00 00 00 02 91 5c 00 00  |.....2.G.....\..|
00006a10  00 12 26 00 00 00 d5 01  00 00 08 4e 00 00 00 7f  |..&........N....|
00006a20  00 13 6a 00 00 00 08 4e  00 00 00 04 00 00 2e 02  |..j....N........|
00006a30  00 00 05 00 01 04 c5 04  00 00 0a d3 00 00 00 0c  |................|
00006a40  70 00 00 00 00 00 00 00  fc 07 03 00 ee 01 00 00  |p...............|
00006a50  bf 03 00 00 02 01 06 7c  00 00 00 0b 26 00 00 00  |.......|....&...|
00006a60  02 01 08 73 00 00 00 02  02 05 b9 01 00 00 02 02  |...s............|
00006a70  07 90 00 00 00 08 e1 01  00 00 21 51 00 00 00 0c  |..........!Q....|
00006a80  04 05 69 6e 74 00 08 e0  01 00 00 22 62 00 00 00  |..int......"b...|
00006a90  02 04 07 66 00 00 00 02  08 05 99 01 00 00 02 08  |...f............|
00006aa0  07 5c 00 00 00 02 04 07  61 00 00 00 04 26 00 00  |.\......a....&..|
00006ab0  00 06 3b 02 00 00 03 53  94 00 00 00 01 47 00 00  |..;....S.....G..|
00006ac0  00 00 06 57 02 00 00 03  9f a5 00 00 00 01 58 00  |...W..........X.|
00006ad0  00 00 00 05 f8 02 00 00  03 95 51 00 00 00 c4 00  |..........Q.....|
00006ae0  00 00 01 58 00 00 00 01  c4 00 00 00 01 58 00 00  |...X.........X..|
00006af0  00 00 04 c9 00 00 00 0d  0e 4e 02 00 00 03 0b 01  |.........N......|
00006b00  05 51 00 00 00 e1 00 00  00 01 26 00 00 00 00 05  |.Q........&.....|
00006b10  0b 02 00 00 03 f8 51 00  00 00 f6 00 00 00 01 f6  |......Q.........|
00006b20  00 00 00 00 04 2d 00 00  00 06 89 00 00 00 04 f2  |.....-..........|
00006b30  12 01 00 00 01 7e 00 00  00 01 7e 00 00 00 0f 00  |.....~....~.....|
00006b40  05 46 02 00 00 04 83 51  00 00 00 2c 01 00 00 01  |.F.....Q...,....|
00006b50  f6 00 00 00 01 51 00 00  00 00 05 a3 00 00 00 03  |.....Q..........|
00006b60  33 51 00 00 00 55 01 00  00 01 51 00 00 00 01 7e  |3Q...U....Q....~|
00006b70  00 00 00 01 26 00 00 00  01 51 00 00 00 01 55 01  |....&....Q....U.|
00006b80  00 00 00 04 7e 00 00 00  10 28 00 00 00 01 10 01  |....~....(......|
00006b90  51 00 00 00 fc 07 03 00  ee 01 00 00 01 9c 15 02  |Q...............|
00006ba0  00 00 11 2f 03 00 00 01  10 01 7e 00 00 00 02 91  |.../......~.....|
00006bb0  00 03 63 68 00 11 07 26  00 00 00 02 91 57 03 6e  |..ch...&.....W.n|
00006bc0  61 70 00 12 06 51 00 00  00 02 91 60 07 40 02 00  |ap...Q.....`.@..|
00006bd0  00 13 06 51 00 00 00 02  91 6c 03 62 75 66 00 14  |...Q.....l.buf..|
00006be0  07 15 02 00 00 03 91 d7  7e 07 2f 00 00 00 17 02  |........~./.....|
00006bf0  25 02 00 00 03 91 c0 7e  07 13 02 00 00 17 02 51  |%......~.......Q|
00006c00  00 00 00 02 91 5c 03 6e  00 28 06 51 00 00 00 02  |.....\.n.(.Q....|
00006c10  91 58 12 cb 08 03 00 5e  00 00 00 fe 01 00 00 03  |.X.....^........|
00006c20  69 00 20 0d 51 00 00 00  02 91 68 00 13 99 09 03  |i. .Q.....h.....|
00006c30  00 3d 00 00 00 03 69 00  30 0b 51 00 00 00 02 91  |.=....i.0.Q.....|
00006c40  64 00 00 14 26 00 00 00  25 02 00 00 09 62 00 00  |d...&...%....b..|
00006c50  00 7f 00 15 7e 00 00 00  09 62 00 00 00 04 00 00  |....~....b......|
00006c60  65 02 00 00 05 00 01 04  e6 05 00 00 0a d3 00 00  |e...............|
00006c70  00 0c 7e 00 00 00 00 00  00 00 ea 09 03 00 ef 01  |..~.............|
00006c80  00 00 b8 04 00 00 02 01  06 7c 00 00 00 0b 26 00  |.........|....&.|
00006c90  00 00 02 01 08 73 00 00  00 02 02 05 b9 01 00 00  |.....s..........|
00006ca0  02 02 07 90 00 00 00 06  e1 01 00 00 21 51 00 00  |............!Q..|
00006cb0  00 0c 04 05 69 6e 74 00  06 e0 01 00 00 22 62 00  |....int......"b.|
00006cc0  00 00 02 04 07 66 00 00  00 02 08 05 99 01 00 00  |.....f..........|
00006cd0  02 08 07 5c 00 00 00 02  04 07 61 00 00 00 06 48  |...\......a....H|
00006ce0  00 00 00 2f 47 00 00 00  07 26 00 00 00 08 3b 02  |.../G....&....;.|
00006cf0  00 00 03 53 9e 00 00 00  01 47 00 00 00 00 08 57  |...S.....G.....W|
00006d00  02 00 00 03 9f af 00 00  00 01 58 00 00 00 00 04  |..........X.....|
00006d10  62 02 00 00 03 e6 09 47  00 00 00 ca 00 00 00 01  |b......G........|
00006d20  58 00 00 00 01 88 00 00  00 00 04 68 02 00 00 04  |X..........h....|
00006d30  4e 14 51 00 00 00 e0 00  00 00 01 88 00 00 00 00  |N.Q.............|
00006d40  0d 4e 02 00 00 03 0b 01  05 51 00 00 00 f7 00 00  |.N.......Q......|
00006d50  00 01 26 00 00 00 00 04  0b 02 00 00 03 f8 05 51  |..&............Q|
00006d60  00 00 00 0d 01 00 00 01  0d 01 00 00 00 07 2d 00  |..............-.|
00006d70  00 00 08 89 00 00 00 05  f2 29 01 00 00 01 88 00  |.........)......|
00006d80  00 00 01 88 00 00 00 0e  00 04 46 02 00 00 05 83  |..........F.....|
00006d90  05 51 00 00 00 44 01 00  00 01 0d 01 00 00 01 51  |.Q...D.........Q|
00006da0  00 00 00 00 04 a3 00 00  00 03 33 05 51 00 00 00  |..........3.Q...|
00006db0  6e 01 00 00 01 51 00 00  00 01 88 00 00 00 01 26  |n....Q.........&|
00006dc0  00 00 00 01 51 00 00 00  01 6e 01 00 00 00 07 88  |....Q....n......|
00006dd0  00 00 00 0f ac 01 00 00  01 0f 01 51 00 00 00 ea  |...........Q....|
00006de0  09 03 00 ef 01 00 00 01  9c 4c 02 00 00 10 2f 03  |.........L..../.|
00006df0  00 00 01 0f 01 88 00 00  00 02 91 00 05 72 65 74  |.............ret|
00006e00  00 10 0a 47 00 00 00 02  91 6c 03 40 02 00 00 11  |...G.....l.@....|
00006e10  06 51 00 00 00 02 91 68  05 63 68 00 12 07 26 00  |.Q.....h.ch...&.|
00006e20  00 00 02 91 67 05 62 75  66 00 13 07 4c 02 00 00  |....g.buf...L...|
00006e30  03 91 cc 7e 03 0e 00 00  00 14 08 7e 00 00 00 02  |...~.......~....|
00006e40  91 4c 03 2f 00 00 00 17  02 5c 02 00 00 03 91 b8  |.L./.....\......|
00006e50  7e 03 13 02 00 00 17 02  51 00 00 00 02 91 58 03  |~.......Q.....X.|
00006e60  35 03 00 00 18 0e 0d 01  00 00 02 91 54 03 5d 02  |5...........T.].|
00006e70  00 00 2f 08 88 00 00 00  02 91 50 11 be 0a 03 00  |../.......P.....|
00006e80  5e 00 00 00 35 02 00 00  05 69 00 22 0d 51 00 00  |^...5....i.".Q..|
00006e90  00 02 91 60 00 12 43 0b  03 00 64 00 00 00 05 69  |...`..C...d....i|
00006ea0  00 31 0b 51 00 00 00 02  91 5c 00 00 13 26 00 00  |.1.Q.....\...&..|
00006eb0  00 5c 02 00 00 09 62 00  00 00 7f 00 14 88 00 00  |.\....b.........|
00006ec0  00 09 62 00 00 00 04 00  00 2d 03 00 00 05 00 01  |..b......-......|
00006ed0  04 01 07 00 00 0e d3 00  00 00 0c 8b 00 00 00 00  |................|
00006ee0  00 00 00 d9 0b 03 00 b0  02 00 00 b1 05 00 00 02  |................|
00006ef0  01 06 7c 00 00 00 0f 26  00 00 00 02 01 08 73 00  |..|....&......s.|
00006f00  00 00 02 02 05 b9 01 00  00 02 02 07 90 00 00 00  |................|
00006f10  08 e1 01 00 00 21 51 00  00 00 10 04 05 69 6e 74  |.....!Q......int|
00006f20  00 08 e0 01 00 00 22 62  00 00 00 02 04 07 66 00  |......"b......f.|
00006f30  00 00 02 08 05 99 01 00  00 02 08 07 5c 00 00 00  |............\...|
00006f40  02 04 07 61 00 00 00 08  48 00 00 00 2f 47 00 00  |...a....H.../G..|
00006f50  00 06 26 00 00 00 09 3b  02 00 00 03 53 9e 00 00  |..&....;....S...|
00006f60  00 01 47 00 00 00 00 04  ce 00 00 00 03 5e 07 7e  |..G..........^.~|
00006f70  00 00 00 b4 00 00 00 01  b4 00 00 00 00 06 47 00  |..............G.|
00006f80  00 00 09 57 02 00 00 03  9f ca 00 00 00 01 58 00  |...W..........X.|
00006f90  00 00 00 0b 4e 02 00 00  0b 01 51 00 00 00 df 00  |....N.....Q.....|
00006fa0  00 00 01 26 00 00 00 00  0b 81 00 00 00 14 01 51  |...&...........Q|
00006fb0  00 00 00 f4 00 00 00 01  f4 00 00 00 00 06 2d 00  |..............-.|
00006fc0  00 00 04 62 02 00 00 03  e6 09 47 00 00 00 14 01  |...b......G.....|
00006fd0  00 00 01 58 00 00 00 01  88 00 00 00 00 04 82 02  |...X............|
00006fe0  00 00 04 4d 27 51 00 00  00 2a 01 00 00 01 88 00  |...M'Q...*......|
00006ff0  00 00 00 04 f8 02 00 00  03 95 05 51 00 00 00 4a  |...........Q...J|
00007000  01 00 00 01 58 00 00 00  01 4a 01 00 00 01 58 00  |....X....J....X.|
00007010  00 00 00 06 4f 01 00 00  11 04 0b 02 00 00 03 f8  |....O...........|
00007020  05 51 00 00 00 66 01 00  00 01 f4 00 00 00 00 09  |.Q...f..........|
00007030  89 00 00 00 05 f2 7d 01  00 00 01 88 00 00 00 01  |......}.........|
00007040  88 00 00 00 12 00 04 46  02 00 00 05 83 05 51 00  |.......F......Q.|
00007050  00 00 98 01 00 00 01 f4  00 00 00 01 51 00 00 00  |............Q...|
00007060  00 04 a3 00 00 00 03 33  05 51 00 00 00 c2 01 00  |.......3.Q......|
00007070  00 01 51 00 00 00 01 88  00 00 00 01 26 00 00 00  |..Q.........&...|
00007080  01 51 00 00 00 01 c2 01  00 00 00 06 88 00 00 00  |.Q..............|
00007090  13 c9 01 00 00 01 14 01  51 00 00 00 d9 0b 03 00  |........Q.......|
000070a0  b0 02 00 00 01 9c f4 02  00 00 14 2f 03 00 00 01  |.........../....|
000070b0  14 01 88 00 00 00 02 91  00 05 40 02 00 00 15 06  |..........@.....|
000070c0  51 00 00 00 02 91 6c 03  63 68 00 16 07 26 00 00  |Q.....l.ch...&..|
000070d0  00 02 91 47 03 6e 61 70  00 17 06 51 00 00 00 02  |...G.nap...Q....|
000070e0  91 58 03 62 75 66 00 18  07 f4 02 00 00 03 91 c7  |.X.buf..........|
000070f0  7e 03 63 68 32 00 19 07  04 03 00 00 03 91 c3 7e  |~.ch2..........~|
00007100  05 6e 02 00 00 1a 08 14  03 00 00 03 91 f8 7c 05  |.n............|.|
00007110  77 02 00 00 1b 06 51 00  00 00 02 91 68 05 2f 00  |w.....Q.....h./.|
00007120  00 00 1e 02 24 03 00 00  03 91 e4 7c 05 13 02 00  |....$......|....|
00007130  00 1e 02 51 00 00 00 02  91 54 05 7d 02 00 00 39  |...Q.....T.}...9|
00007140  08 88 00 00 00 02 91 50  0c cb 0c 03 00 5e 00 00  |.......P.....^..|
00007150  00 99 02 00 00 03 69 00  29 0d 51 00 00 00 02 91  |......i.).Q.....|
00007160  64 00 0c 60 0d 03 00 6c  00 00 00 cb 02 00 00 03  |d..`...l........|
00007170  69 00 3b 0b 51 00 00 00  02 91 60 0d 69 0d 03 00  |i.;.Q.....`.i...|
00007180  57 00 00 00 05 0e 00 00  00 3c 09 7e 00 00 00 02  |W........<.~....|
00007190  91 48 00 00 15 0c 00 00  00 03 6e 00 4a 09 7e 00  |.H........n.J.~.|
000071a0  00 00 02 91 4c 0d f7 0d  03 00 63 00 00 00 03 69  |....L.....c....i|
000071b0  00 4f 0c 51 00 00 00 02  91 5c 00 00 00 0a 26 00  |.O.Q.....\....&.|
000071c0  00 00 04 03 00 00 07 62  00 00 00 7f 00 0a 26 00  |.......b......&.|
000071d0  00 00 14 03 00 00 07 62  00 00 00 03 00 0a 7e 00  |.......b......~.|
000071e0  00 00 24 03 00 00 07 62  00 00 00 31 00 16 88 00  |..$....b...1....|
000071f0  00 00 07 62 00 00 00 04  00 00 51 02 00 00 05 00  |...b......Q.....|
00007200  01 04 2a 08 00 00 0b d3  00 00 00 0c 98 00 00 00  |..*.............|
00007210  00 00 00 00 89 0e 03 00  bf 01 00 00 f7 06 00 00  |................|
00007220  02 01 06 7c 00 00 00 0c  26 00 00 00 02 01 08 73  |...|....&......s|
00007230  00 00 00 02 02 05 b9 01  00 00 02 02 07 90 00 00  |................|
00007240  00 07 e1 01 00 00 21 51  00 00 00 0d 04 05 69 6e  |......!Q......in|
00007250  74 00 07 e0 01 00 00 22  62 00 00 00 02 04 07 66  |t......"b......f|
00007260  00 00 00 02 08 05 99 01  00 00 02 08 07 5c 00 00  |.............\..|
00007270  00 02 04 07 61 00 00 00  07 48 00 00 00 2f 47 00  |....a....H.../G.|
00007280  00 00 05 26 00 00 00 08  3b 02 00 00 03 53 9e 00  |...&....;....S..|
00007290  00 00 01 47 00 00 00 00  03 62 02 00 00 03 e6 09  |...G.....b......|
000072a0  47 00 00 00 b9 00 00 00  01 58 00 00 00 01 88 00  |G........X......|
000072b0  00 00 00 03 8d 02 00 00  04 4e 01 51 00 00 00 cf  |.........N.Q....|
000072c0  00 00 00 01 88 00 00 00  00 03 f8 02 00 00 03 95  |................|
000072d0  05 51 00 00 00 ef 00 00  00 01 58 00 00 00 01 ef  |.Q........X.....|
000072e0  00 00 00 01 58 00 00 00  00 05 f4 00 00 00 0e 03  |....X...........|
000072f0  0b 02 00 00 03 f8 05 51  00 00 00 0b 01 00 00 01  |.......Q........|
00007300  0b 01 00 00 00 05 2d 00  00 00 08 89 00 00 00 05  |......-.........|
00007310  f2 27 01 00 00 01 88 00  00 00 01 88 00 00 00 0f  |.'..............|
00007320  00 03 46 02 00 00 05 83  05 51 00 00 00 42 01 00  |..F......Q...B..|
00007330  00 01 0b 01 00 00 01 51  00 00 00 00 03 a3 00 00  |.......Q........|
00007340  00 03 33 05 51 00 00 00  6c 01 00 00 01 51 00 00  |..3.Q...l....Q..|
00007350  00 01 88 00 00 00 01 26  00 00 00 01 51 00 00 00  |.......&....Q...|
00007360  01 6c 01 00 00 00 05 88  00 00 00 10 c3 01 00 00  |.l..............|
00007370  01 0f 01 51 00 00 00 89  0e 03 00 bf 01 00 00 01  |...Q............|
00007380  9c 38 02 00 00 11 2f 03  00 00 01 0f 01 88 00 00  |.8..../.........|
00007390  00 02 91 00 04 40 02 00  00 10 06 51 00 00 00 02  |.....@.....Q....|
000073a0  91 6c 06 63 68 00 11 07  26 00 00 00 02 91 57 06  |.l.ch...&.....W.|
000073b0  62 75 66 00 12 07 38 02  00 00 03 91 d7 7e 04 2f  |buf...8......~./|
000073c0  00 00 00 15 02 48 02 00  00 03 91 c0 7e 04 13 02  |.....H......~...|
000073d0  00 00 15 02 51 00 00 00  02 91 60 04 88 02 00 00  |....Q.....`.....|
000073e0  29 08 88 00 00 00 02 91  5c 12 51 0f 03 00 5e 00  |).......\.Q...^.|
000073f0  00 00 09 02 00 00 06 69  00 1e 0d 51 00 00 00 02  |.......i...Q....|
00007400  91 68 00 09 d9 0f 03 00  5b 00 00 00 06 69 00 2b  |.h......[....i.+|
00007410  0b 51 00 00 00 02 91 64  09 e2 0f 03 00 46 00 00  |.Q.....d.....F..|
00007420  00 04 0e 00 00 00 2c 09  7e 00 00 00 02 91 58 00  |......,.~.....X.|
00007430  00 00 13 26 00 00 00 48  02 00 00 0a 62 00 00 00  |...&...H....b...|
00007440  7f 00 14 88 00 00 00 0a  62 00 00 00 04 00 00 97  |........b.......|
00007450  02 00 00 05 00 01 04 33  09 00 00 0c d3 00 00 00  |.......3........|
00007460  0c a5 00 00 00 00 00 00  00 48 10 03 00 dd 01 00  |.........H......|
00007470  00 e5 07 00 00 02 01 06  7c 00 00 00 0d 26 00 00  |........|....&..|
00007480  00 02 01 08 73 00 00 00  02 02 05 b9 01 00 00 02  |....s...........|
00007490  02 07 90 00 00 00 07 e1  01 00 00 21 51 00 00 00  |...........!Q...|
000074a0  0e 04 05 69 6e 74 00 07  e0 01 00 00 22 62 00 00  |...int......"b..|
000074b0  00 02 04 07 66 00 00 00  02 08 05 99 01 00 00 02  |....f...........|
000074c0  08 07 5c 00 00 00 02 04  07 61 00 00 00 07 48 00  |..\......a....H.|
000074d0  00 00 2f 47 00 00 00 06  26 00 00 00 08 3b 02 00  |../G....&....;..|
000074e0  00 03 53 9e 00 00 00 01  47 00 00 00 00 08 57 02  |..S.....G.....W.|
000074f0  00 00 03 9f af 00 00 00  01 58 00 00 00 00 0f 81  |.........X......|
00007500  00 00 00 03 14 01 05 51  00 00 00 c6 00 00 00 01  |.......Q........|
00007510  c6 00 00 00 00 06 2d 00  00 00 03 62 02 00 00 03  |......-....b....|
00007520  e6 09 47 00 00 00 e6 00  00 00 01 58 00 00 00 01  |..G........X....|
00007530  88 00 00 00 00 03 93 02  00 00 04 4d 39 51 00 00  |...........M9Q..|
00007540  00 fc 00 00 00 01 88 00  00 00 00 03 f8 02 00 00  |................|
00007550  03 95 05 51 00 00 00 1c  01 00 00 01 58 00 00 00  |...Q........X...|
00007560  01 1c 01 00 00 01 58 00  00 00 00 06 21 01 00 00  |......X.....!...|
00007570  10 03 0b 02 00 00 03 f8  05 51 00 00 00 38 01 00  |.........Q...8..|
00007580  00 01 c6 00 00 00 00 08  89 00 00 00 05 f2 4f 01  |..............O.|
00007590  00 00 01 88 00 00 00 01  88 00 00 00 11 00 03 46  |...............F|
000075a0  02 00 00 05 83 05 51 00  00 00 6a 01 00 00 01 c6  |......Q...j.....|
000075b0  00 00 00 01 51 00 00 00  00 03 a3 00 00 00 03 33  |....Q..........3|
000075c0  05 51 00 00 00 94 01 00  00 01 51 00 00 00 01 88  |.Q........Q.....|
000075d0  00 00 00 01 26 00 00 00  01 51 00 00 00 01 94 01  |....&....Q......|
000075e0  00 00 00 06 88 00 00 00  12 b2 01 00 00 01 10 01  |................|
000075f0  51 00 00 00 48 10 03 00  dd 01 00 00 01 9c 6e 02  |Q...H.........n.|
00007600  00 00 13 2f 03 00 00 01  10 01 88 00 00 00 02 91  |.../............|
00007610  00 04 40 02 00 00 11 06  51 00 00 00 02 91 6c 05  |..@.....Q.....l.|
00007620  63 68 00 12 07 26 00 00  00 02 91 57 05 6e 61 70  |ch...&.....W.nap|
00007630  00 13 06 51 00 00 00 02  91 60 04 99 02 00 00 14  |...Q.....`......|
00007640  07 6e 02 00 00 02 91 53  05 62 75 66 00 15 07 7e  |.n.....S.buf...~|
00007650  02 00 00 03 91 b3 7f 04  2f 00 00 00 18 02 8e 02  |......../.......|
00007660  00 00 03 91 9c 7f 04 13  02 00 00 18 02 51 00 00  |.............Q..|
00007670  00 02 91 5c 14 fb 10 03  00 52 00 00 00 3f 02 00  |...\.....R...?..|
00007680  00 05 69 00 21 0d 51 00  00 00 02 91 68 00 0a 70  |..i.!.Q.....h..p|
00007690  11 03 00 a1 00 00 00 05  69 00 2b 0b 51 00 00 00  |........i.+.Q...|
000076a0  02 91 64 0a 7c 11 03 00  85 00 00 00 04 0e 00 00  |..d.|...........|
000076b0  00 31 09 7e 00 00 00 02  91 58 00 00 00 0b 26 00  |.1.~.....X....&.|
000076c0  00 00 7e 02 00 00 09 62  00 00 00 03 00 0b 26 00  |..~....b......&.|
000076d0  00 00 8e 02 00 00 09 62  00 00 00 1f 00 15 88 00  |.......b........|
000076e0  00 00 09 62 00 00 00 04  00 00 bc 02 00 00 05 00  |...b............|
000076f0  01 04 53 0a 00 00 0c d3  00 00 00 0c b3 00 00 00  |..S.............|
00007700  00 00 00 00 25 12 03 00  3e 02 00 00 ea 08 00 00  |....%...>.......|
00007710  03 01 06 7c 00 00 00 0d  26 00 00 00 03 01 08 73  |...|....&......s|
00007720  00 00 00 03 02 05 b9 01  00 00 03 02 07 90 00 00  |................|
00007730  00 08 e1 01 00 00 21 51  00 00 00 0e 04 05 69 6e  |......!Q......in|
00007740  74 00 08 e0 01 00 00 22  62 00 00 00 03 04 07 66  |t......"b......f|
00007750  00 00 00 03 08 05 99 01  00 00 03 08 07 5c 00 00  |.............\..|
00007760  00 03 04 07 61 00 00 00  05 26 00 00 00 09 3b 02  |....a....&....;.|
00007770  00 00 04 53 94 00 00 00  01 47 00 00 00 00 04 68  |...S.....G.....h|
00007780  02 00 00 03 4e 14 51 00  00 00 aa 00 00 00 01 7e  |....N.Q........~|
00007790  00 00 00 00 0f 81 00 00  00 04 14 01 05 51 00 00  |.............Q..|
000077a0  00 c1 00 00 00 01 c1 00  00 00 00 05 2d 00 00 00  |............-...|
000077b0  04 62 02 00 00 04 e6 09  47 00 00 00 e1 00 00 00  |.b......G.......|
000077c0  01 58 00 00 00 01 7e 00  00 00 00 04 82 02 00 00  |.X....~.........|
000077d0  03 4d 27 51 00 00 00 f7  00 00 00 01 7e 00 00 00  |.M'Q........~...|
000077e0  00 04 f8 02 00 00 04 95  05 51 00 00 00 17 01 00  |.........Q......|
000077f0  00 01 58 00 00 00 01 17  01 00 00 01 58 00 00 00  |..X.........X...|
00007800  00 05 1c 01 00 00 10 04  0b 02 00 00 04 f8 05 51  |...............Q|
00007810  00 00 00 33 01 00 00 01  c1 00 00 00 00 09 89 00  |...3............|
00007820  00 00 05 f2 4a 01 00 00  01 7e 00 00 00 01 7e 00  |....J....~....~.|
00007830  00 00 11 00 04 46 02 00  00 05 83 05 51 00 00 00  |.....F......Q...|
00007840  65 01 00 00 01 c1 00 00  00 01 51 00 00 00 00 04  |e.........Q.....|
00007850  a3 00 00 00 04 33 05 51  00 00 00 8f 01 00 00 01  |.....3.Q........|
00007860  51 00 00 00 01 7e 00 00  00 01 26 00 00 00 01 51  |Q....~....&....Q|
00007870  00 00 00 01 8f 01 00 00  00 05 7e 00 00 00 12 ae  |..........~.....|
00007880  02 00 00 01 12 01 51 00  00 00 25 12 03 00 3e 02  |......Q...%...>.|
00007890  00 00 01 9c 93 02 00 00  13 2f 03 00 00 01 12 01  |........./......|
000078a0  7e 00 00 00 02 91 00 02  40 02 00 00 13 06 51 00  |~.......@.....Q.|
000078b0  00 00 02 91 6c 06 63 68  00 14 07 26 00 00 00 02  |....l.ch...&....|
000078c0  91 4f 02 9e 02 00 00 15  06 51 00 00 00 02 91 68  |.O.......Q.....h|
000078d0  02 a4 02 00 00 16 07 93  02 00 00 02 91 4a 02 a9  |.............J..|
000078e0  02 00 00 17 07 93 02 00  00 02 91 45 06 62 75 66  |...........E.buf|
000078f0  00 18 07 a3 02 00 00 03  91 c5 7e 02 2f 00 00 00  |..........~./...|
00007900  1b 02 b3 02 00 00 03 91  b0 7e 02 13 02 00 00 1b  |.........~......|
00007910  02 51 00 00 00 02 91 5c  02 7d 02 00 00 36 08 7e  |.Q.....\.}...6.~|
00007920  00 00 00 02 91 58 02 5d  02 00 00 39 08 7e 00 00  |.....X.]...9.~..|
00007930  00 02 91 54 14 2c 13 03  00 5e 00 00 00 64 02 00  |...T.,...^...d..|
00007940  00 06 69 00 26 0d 51 00  00 00 02 91 64 00 0a c9  |..i.&.Q.....d...|
00007950  13 03 00 86 00 00 00 06  69 00 3b 0b 51 00 00 00  |........i.;.Q...|
00007960  02 91 60 0a d2 13 03 00  71 00 00 00 02 0e 00 00  |..`.....q.......|
00007970  00 3d 07 51 00 00 00 02  91 50 00 00 00 0b 26 00  |.=.Q.....P....&.|
00007980  00 00 a3 02 00 00 07 62  00 00 00 04 00 0b 26 00  |.......b......&.|
00007990  00 00 b3 02 00 00 07 62  00 00 00 7f 00 15 7e 00  |.......b......~.|
000079a0  00 00 07 62 00 00 00 04  00 00 46 02 00 00 05 00  |...b......F.....|
000079b0  01 04 73 0b 00 00 0a d3  00 00 00 0c c1 00 00 00  |..s.............|
000079c0  00 00 00 00 63 14 03 00  e7 01 00 00 06 0a 00 00  |....c...........|
000079d0  02 01 06 7c 00 00 00 0b  26 00 00 00 02 01 08 73  |...|....&......s|
000079e0  00 00 00 02 02 05 b9 01  00 00 02 02 07 90 00 00  |................|
000079f0  00 06 e1 01 00 00 21 51  00 00 00 0c 04 05 69 6e  |......!Q......in|
00007a00  74 00 06 e0 01 00 00 22  62 00 00 00 02 04 07 66  |t......"b......f|
00007a10  00 00 00 02 08 05 99 01  00 00 02 08 07 5c 00 00  |.............\..|
00007a20  00 02 04 07 61 00 00 00  06 2c 02 00 00 35 58 00  |....a....,...5X.|
00007a30  00 00 04 26 00 00 00 07  3b 02 00 00 03 53 9e 00  |...&....;....S..|
00007a40  00 00 01 47 00 00 00 00  05 f8 02 00 00 03 95 51  |...G...........Q|
00007a50  00 00 00 bd 00 00 00 01  58 00 00 00 01 bd 00 00  |........X.......|
00007a60  00 01 58 00 00 00 00 04  c2 00 00 00 0d 07 57 02  |..X...........W.|
00007a70  00 00 03 9f d4 00 00 00  01 58 00 00 00 00 0e 81  |.........X......|
00007a80  00 00 00 03 14 01 05 51  00 00 00 eb 00 00 00 01  |.......Q........|
00007a90  eb 00 00 00 00 04 2d 00  00 00 0f 33 02 00 00 03  |......-....3....|
00007aa0  b1 08 7e 00 00 00 05 0b  02 00 00 03 f8 51 00 00  |..~..........Q..|
00007ab0  00 11 01 00 00 01 eb 00  00 00 00 07 89 00 00 00  |................|
00007ac0  04 f2 28 01 00 00 01 88  00 00 00 01 88 00 00 00  |..(.............|
00007ad0  10 00 05 46 02 00 00 04  83 51 00 00 00 42 01 00  |...F.....Q...B..|
00007ae0  00 01 eb 00 00 00 01 51  00 00 00 00 05 a3 00 00  |.......Q........|
00007af0  00 03 33 51 00 00 00 6b  01 00 00 01 51 00 00 00  |..3Q...k....Q...|
00007b00  01 88 00 00 00 01 26 00  00 00 01 51 00 00 00 01  |......&....Q....|
00007b10  6b 01 00 00 00 04 88 00  00 00 11 b5 02 00 00 01  |k...............|
00007b20  10 01 51 00 00 00 63 14  03 00 e7 01 00 00 01 9c  |..Q...c.........|
00007b30  2d 02 00 00 12 2f 03 00  00 01 10 01 88 00 00 00  |-..../..........|
00007b40  02 91 00 08 40 02 00 00  11 06 51 00 00 00 02 91  |....@.....Q.....|
00007b50  6c 03 63 68 00 12 07 26  00 00 00 02 91 57 03 6e  |l.ch...&.....W.n|
00007b60  61 70 00 13 06 51 00 00  00 02 91 68 03 62 75 66  |ap...Q.....h.buf|
00007b70  00 14 07 2d 02 00 00 03  91 d7 7e 08 2f 00 00 00  |...-......~./...|
00007b80  17 02 3d 02 00 00 03 91  c0 7e 08 13 02 00 00 17  |..=......~......|
00007b90  02 51 00 00 00 02 91 5c  03 6e 6f 77 00 2a 09 7e  |.Q.....\.now.*.~|
00007ba0  00 00 00 02 91 58 13 57  15 03 00 5e 00 00 00 16  |.....X.W...^....|
00007bb0  02 00 00 03 69 00 22 0d  51 00 00 00 02 91 64 00  |....i.".Q.....d.|
00007bc0  14 f9 15 03 00 3d 00 00  00 03 69 00 2e 0b 51 00  |.....=....i...Q.|
00007bd0  00 00 02 91 60 00 00 15  26 00 00 00 3d 02 00 00  |....`...&...=...|
00007be0  09 62 00 00 00 7f 00 16  88 00 00 00 09 62 00 00  |.b...........b..|
00007bf0  00 04 00 00 ab 01 00 00  05 00 01 04 a9 0c 00 00  |................|
00007c00  0a d3 00 00 00 0c ce 00  00 00 00 00 00 00 4a 16  |..............J.|
00007c10  03 00 6f 01 00 00 01 0b  00 00 02 01 06 7c 00 00  |..o..........|..|
00007c20  00 0b 26 00 00 00 02 01  08 73 00 00 00 02 02 05  |..&......s......|
00007c30  b9 01 00 00 02 02 07 90  00 00 00 06 e1 01 00 00  |................|
00007c40  21 51 00 00 00 0c 04 05  69 6e 74 00 06 e0 01 00  |!Q......int.....|
00007c50  00 22 62 00 00 00 02 04  07 66 00 00 00 02 08 05  |."b......f......|
00007c60  99 01 00 00 02 08 07 5c  00 00 00 02 04 07 61 00  |.......\......a.|
00007c70  00 00 03 26 00 00 00 07  3b 02 00 00 03 53 94 00  |...&....;....S..|
00007c80  00 00 01 47 00 00 00 00  0d bb 02 00 00 03 cb 06  |...G............|
00007c90  04 f8 02 00 00 95 51 00  00 00 ba 00 00 00 01 58  |......Q........X|
00007ca0  00 00 00 01 ba 00 00 00  01 58 00 00 00 00 03 bf  |.........X......|
00007cb0  00 00 00 0e 04 0b 02 00  00 f8 51 00 00 00 d4 00  |..........Q.....|
00007cc0  00 00 01 d4 00 00 00 00  03 2d 00 00 00 07 89 00  |.........-......|
00007cd0  00 00 04 f2 f0 00 00 00  01 7e 00 00 00 01 7e 00  |.........~....~.|
00007ce0  00 00 0f 00 04 a3 00 00  00 33 51 00 00 00 18 01  |.........3Q.....|
00007cf0  00 00 01 51 00 00 00 01  7e 00 00 00 01 26 00 00  |...Q....~....&..|
00007d00  00 01 51 00 00 00 01 18  01 00 00 00 03 7e 00 00  |..Q..........~..|
00007d10  00 10 c1 02 00 00 01 0e  01 51 00 00 00 4a 16 03  |.........Q...J..|
00007d20  00 6f 01 00 00 01 9c 92  01 00 00 11 2f 03 00 00  |.o........../...|
00007d30  01 0e 01 7e 00 00 00 02  91 00 05 63 68 00 0f 07  |...~.......ch...|
00007d40  26 00 00 00 02 91 67 05  62 75 66 00 10 07 92 01  |&.....g.buf.....|
00007d50  00 00 03 91 e7 7e 08 2f  00 00 00 a2 01 00 00 03  |.....~./........|
00007d60  91 d0 7e 08 13 02 00 00  51 00 00 00 02 91 68 12  |..~.....Q.....h.|
00007d70  ee 16 03 00 5e 00 00 00  05 69 00 1a 0d 51 00 00  |....^....i...Q..|
00007d80  00 02 91 6c 00 00 13 26  00 00 00 a2 01 00 00 09  |...l...&........|
00007d90  62 00 00 00 7f 00 14 7e  00 00 00 09 62 00 00 00  |b......~....b...|
00007da0  04 00 00 8b 02 00 00 05  00 01 04 be 0d 00 00 0b  |................|
00007db0  d3 00 00 00 0c db 00 00  00 00 00 00 00 b9 17 03  |................|
00007dc0  00 75 02 00 00 bd 0b 00  00 02 01 06 7c 00 00 00  |.u..........|...|
00007dd0  0c 26 00 00 00 04 77 01  00 00 1e 3c 00 00 00 02  |.&....w....<....|
00007de0  01 08 73 00 00 00 02 02  05 b9 01 00 00 02 02 07  |..s.............|
00007df0  90 00 00 00 04 e1 01 00  00 21 5b 00 00 00 0d 04  |.........![.....|
00007e00  05 69 6e 74 00 04 e0 01  00 00 22 6c 00 00 00 02  |.int......"l....|
00007e10  04 07 66 00 00 00 02 08  05 99 01 00 00 02 08 07  |..f.............|
00007e20  5c 00 00 00 02 04 07 61  00 00 00 04 48 00 00 00  |\......a....H...|
00007e30  2f 51 00 00 00 04 34 00  00 00 32 32 00 00 00 0e  |/Q....4...22....|
00007e40  13 00 00 00 07 04 6c 00  00 00 05 68 06 cd 00 00  |......l....h....|
00007e50  00 05 bb 00 00 00 00 05  cf 01 00 00 01 05 02 02  |................|
00007e60  00 00 02 05 7f 01 00 00  03 05 f5 01 00 00 80 00  |................|
00007e70  07 26 00 00 00 08 3b 02  00 00 03 53 e3 00 00 00  |.&....;....S....|
00007e80  01 51 00 00 00 00 06 72  01 00 00 03 6b 07 88 00  |.Q.....r....k...|
00007e90  00 00 f9 00 00 00 01 92  00 00 00 00 08 57 02 00  |.............W..|
00007ea0  00 03 9f 0a 01 00 00 01  62 00 00 00 00 0f 81 00  |........b.......|
00007eb0  00 00 03 14 01 05 5b 00  00 00 21 01 00 00 01 21  |......[...!....!|
00007ec0  01 00 00 00 07 2d 00 00  00 10 18 02 00 00 03 a8  |.....-..........|
00007ed0  07 88 00 00 00 06 0b 02  00 00 03 f8 05 5b 00 00  |.............[..|
00007ee0  00 48 01 00 00 01 21 01  00 00 00 08 89 00 00 00  |.H....!.........|
00007ef0  04 f2 5f 01 00 00 01 cd  00 00 00 01 cd 00 00 00  |.._.............|
00007f00  11 00 06 46 02 00 00 04  83 05 5b 00 00 00 7a 01  |...F......[...z.|
00007f10  00 00 01 21 01 00 00 01  5b 00 00 00 00 06 a3 00  |...!....[.......|
00007f20  00 00 03 33 05 5b 00 00  00 a4 01 00 00 01 5b 00  |...3.[........[.|
00007f30  00 00 01 cd 00 00 00 01  26 00 00 00 01 5b 00 00  |........&....[..|
00007f40  00 01 a4 01 00 00 00 07  cd 00 00 00 12 e9 01 00  |................|
00007f50  00 01 12 01 5b 00 00 00  b9 17 03 00 75 02 00 00  |....[.......u...|
00007f60  01 9c 72 02 00 00 13 2f  03 00 00 01 12 01 cd 00  |..r..../........|
00007f70  00 00 02 91 00 03 63 68  00 13 07 26 00 00 00 02  |......ch...&....|
00007f80  91 6f 09 c7 02 00 00 14  06 5b 00 00 00 02 91 68  |.o.......[.....h|
00007f90  03 73 65 71 00 15 06 5b  00 00 00 02 91 64 03 62  |.seq...[.....d.b|
00007fa0  75 66 00 16 07 72 02 00  00 03 91 d4 7e 09 2f 00  |uf...r......~./.|
00007fb0  00 00 19 02 82 02 00 00  03 91 c0 7e 09 13 02 00  |...........~....|
00007fc0  00 19 02 5b 00 00 00 02  91 5c 03 70 69 64 00 3a  |...[.....\.pid.:|
00007fd0  08 88 00 00 00 02 91 58  14 cd 02 00 00 01 3c 02  |.......X......<.|
00007fe0  1b 19 03 00 15 ad 18 03  00 5e 00 00 00 5b 02 00  |.........^...[..|
00007ff0  00 03 69 00 24 0d 5b 00  00 00 02 91 60 00 16 72  |..i.$.[.....`..r|
00008000  19 03 00 6c 00 00 00 03  6e 00 49 09 88 00 00 00  |...l....n.I.....|
00008010  02 91 54 00 00 17 26 00  00 00 82 02 00 00 0a 6c  |..T...&........l|
00008020  00 00 00 7f 00 18 cd 00  00 00 0a 6c 00 00 00 04  |...........l....|
00008030  00 00 d8 01 00 00 05 00  01 04 1b 0f 00 00 09 d3  |................|
00008040  00 00 00 0c e8 00 00 00  00 00 00 00 2e 1a 03 00  |................|
00008050  b1 01 00 00 bc 0c 00 00  02 01 06 7c 00 00 00 0a  |...........|....|
00008060  26 00 00 00 02 01 08 73  00 00 00 02 02 05 b9 01  |&......s........|
00008070  00 00 02 02 07 90 00 00  00 0b 04 05 69 6e 74 00  |............int.|
00008080  0c e0 01 00 00 04 22 20  5a 00 00 00 02 04 07 66  |......" Z......f|
00008090  00 00 00 02 08 05 99 01  00 00 02 08 07 5c 00 00  |.............\..|
000080a0  00 02 04 07 61 00 00 00  03 26 00 00 00 07 57 02  |....a....&....W.|
000080b0  00 00 02 9f 8c 00 00 00  01 4e 00 00 00 00 04 f8  |.........N......|
000080c0  02 00 00 02 95 47 00 00  00 ab 00 00 00 01 4e 00  |.....G........N.|
000080d0  00 00 01 ab 00 00 00 01  4e 00 00 00 00 03 b0 00  |........N.......|
000080e0  00 00 0d 04 0b 02 00 00  02 f8 47 00 00 00 c6 00  |..........G.....|
000080f0  00 00 01 c6 00 00 00 00  03 2d 00 00 00 07 89 00  |.........-......|
00008100  00 00 03 f2 e2 00 00 00  01 76 00 00 00 01 76 00  |.........v....v.|
00008110  00 00 0e 00 04 46 02 00  00 03 83 47 00 00 00 fc  |.....F.....G....|
00008120  00 00 00 01 c6 00 00 00  01 47 00 00 00 00 04 a3  |.........G......|
00008130  00 00 00 02 33 47 00 00  00 25 01 00 00 01 47 00  |....3G...%....G.|
00008140  00 00 01 76 00 00 00 01  26 00 00 00 01 47 00 00  |...v....&....G..|
00008150  00 01 25 01 00 00 00 03  76 00 00 00 0f ef 01 00  |..%.....v.......|
00008160  00 01 0f 01 47 00 00 00  2e 1a 03 00 b1 01 00 00  |....G...........|
00008170  01 9c bf 01 00 00 10 2f  03 00 00 01 0f 01 76 00  |......./......v.|
00008180  00 00 02 91 00 05 63 68  00 10 07 26 00 00 00 02  |......ch...&....|
00008190  91 5f 05 6e 61 70 00 11  06 47 00 00 00 02 91 6c  |._.nap...G.....l|
000081a0  05 62 75 66 00 12 07 bf  01 00 00 03 91 df 7e 06  |.buf..........~.|
000081b0  2f 00 00 00 15 02 cf 01  00 00 03 91 c8 7e 06 13  |/............~..|
000081c0  02 00 00 15 02 47 00 00  00 02 91 64 06 35 03 00  |.....G.....d.5..|
000081d0  00 16 0e c6 00 00 00 02  91 60 11 fb 1a 03 00 5e  |.........`.....^|
000081e0  00 00 00 05 69 00 20 0d  47 00 00 00 02 91 68 00  |....i. .G.....h.|
000081f0  00 12 26 00 00 00 cf 01  00 00 08 5a 00 00 00 7f  |..&........Z....|
00008200  00 13 76 00 00 00 08 5a  00 00 00 04 00 00 53 03  |..v....Z......S.|
00008210  00 00 05 00 01 04 18 10  00 00 0d d3 00 00 00 0c  |................|
00008220  f5 00 00 00 00 00 00 00  df 1b 03 00 35 03 00 00  |............5...|
00008230  99 0d 00 00 04 01 06 7c  00 00 00 0e 26 00 00 00  |.......|....&...|
00008240  04 01 08 73 00 00 00 04  02 05 b9 01 00 00 04 02  |...s............|
00008250  07 90 00 00 00 07 e1 01  00 00 21 51 00 00 00 0f  |..........!Q....|
00008260  04 05 69 6e 74 00 07 e0  01 00 00 22 62 00 00 00  |..int......"b...|
00008270  04 04 07 66 00 00 00 04  08 05 99 01 00 00 04 08  |...f............|
00008280  07 5c 00 00 00 07 d5 02  00 00 28 62 00 00 00 04  |.\........(b....|
00008290  04 07 61 00 00 00 07 48  00 00 00 2f 47 00 00 00  |..a....H.../G...|
000082a0  06 26 00 00 00 09 3b 02  00 00 03 53 a8 00 00 00  |.&....;....S....|
000082b0  01 47 00 00 00 00 05 ce  00 00 00 03 5e 07 88 00  |.G..........^...|
000082c0  00 00 be 00 00 00 01 be  00 00 00 00 06 47 00 00  |.............G..|
000082d0  00 09 57 02 00 00 03 9f  d4 00 00 00 01 58 00 00  |..W..........X..|
000082e0  00 00 10 81 00 00 00 03  14 01 05 51 00 00 00 eb  |...........Q....|
000082f0  00 00 00 01 eb 00 00 00  00 06 2d 00 00 00 05 62  |..........-....b|
00008300  02 00 00 03 e6 09 47 00  00 00 0b 01 00 00 01 58  |......G........X|
00008310  00 00 00 01 92 00 00 00  00 05 82 02 00 00 04 4d  |...............M|
00008320  27 51 00 00 00 21 01 00  00 01 92 00 00 00 00 05  |'Q...!..........|
00008330  f8 02 00 00 03 95 05 51  00 00 00 41 01 00 00 01  |.......Q...A....|
00008340  58 00 00 00 01 41 01 00  00 01 58 00 00 00 00 06  |X....A....X.....|
00008350  46 01 00 00 11 05 0b 02  00 00 03 f8 05 51 00 00  |F............Q..|
00008360  00 5d 01 00 00 01 eb 00  00 00 00 09 89 00 00 00  |.]..............|
00008370  05 f2 74 01 00 00 01 92  00 00 00 01 92 00 00 00  |..t.............|
00008380  12 00 05 46 02 00 00 05  83 05 51 00 00 00 8f 01  |...F......Q.....|
00008390  00 00 01 eb 00 00 00 01  51 00 00 00 00 05 a3 00  |........Q.......|
000083a0  00 00 03 33 05 51 00 00  00 b9 01 00 00 01 51 00  |...3.Q........Q.|
000083b0  00 00 01 92 00 00 00 01  26 00 00 00 01 51 00 00  |........&....Q..|
000083c0  00 01 b9 01 00 00 00 06  92 00 00 00 13 e1 02 00  |................|
000083d0  00 01 15 01 51 00 00 00  df 1b 03 00 35 03 00 00  |....Q.......5...|
000083e0  01 9c 1a 03 00 00 14 2f  03 00 00 01 15 01 92 00  |......./........|
000083f0  00 00 02 91 00 02 40 02  00 00 16 06 51 00 00 00  |......@.....Q...|
00008400  02 91 6c 03 63 68 00 17  07 26 00 00 00 03 91 bf  |..l.ch...&......|
00008410  7f 03 6e 61 70 00 18 06  51 00 00 00 02 91 50 03  |..nap...Q.....P.|
00008420  62 75 66 00 19 07 1a 03  00 00 03 91 bf 7e 02 6e  |buf..........~.n|
00008430  02 00 00 1a 09 2a 03 00  00 03 91 f4 7c 02 77 02  |.....*......|.w.|
00008440  00 00 1b 06 51 00 00 00  02 91 68 03 63 68 32 00  |....Q.....h.ch2.|
00008450  1c 07 3a 03 00 00 03 91  f0 7c 02 2f 00 00 00 1f  |..:......|./....|
00008460  02 4a 03 00 00 03 91 dc  7c 02 13 02 00 00 1f 02  |.J......|.......|
00008470  51 00 00 00 02 91 4c 02  7d 02 00 00 36 08 92 00  |Q.....L.}...6...|
00008480  00 00 02 91 48 03 6e 00  47 06 51 00 00 00 02 91  |....H.n.G.Q.....|
00008490  5c 0c bf 1c 03 00 5e 00  00 00 9d 02 00 00 03 69  |\.....^........i|
000084a0  00 28 0d 51 00 00 00 02  91 64 00 0c 51 1d 03 00  |.(.Q.....d..Q...|
000084b0  59 00 00 00 cf 02 00 00  03 69 00 38 0b 51 00 00  |Y........i.8.Q..|
000084c0  00 02 91 60 0a 5a 1d 03  00 44 00 00 00 02 0e 00  |...`.Z...D......|
000084d0  00 00 39 07 51 00 00 00  02 91 40 00 00 0a c6 1d  |..9.Q.....@.....|
000084e0  03 00 2e 01 00 00 02 dc  02 00 00 4a 09 88 00 00  |...........J....|
000084f0  00 02 91 44 02 07 00 00  00 4b 0b 47 00 00 00 03  |...D.....K.G....|
00008500  91 d8 7c 0a 4c 1e 03 00  92 00 00 00 03 69 78 00  |..|.L........ix.|
00008510  63 08 51 00 00 00 02 91  58 03 69 00 65 08 51 00  |c.Q.....X.i.e.Q.|
00008520  00 00 02 91 54 00 00 00  0b 26 00 00 00 2a 03 00  |....T....&...*..|
00008530  00 08 62 00 00 00 7f 00  0b 77 00 00 00 3a 03 00  |..b......w...:..|
00008540  00 08 62 00 00 00 31 00  0b 26 00 00 00 4a 03 00  |..b...1..&...J..|
00008550  00 08 62 00 00 00 03 00  15 92 00 00 00 08 62 00  |..b...........b.|
00008560  00 00 04 00 00 68 02 00  00 05 00 01 04 38 11 00  |.....h.......8..|
00008570  00 0b d3 00 00 00 0c 04  01 00 00 00 00 00 00 14  |................|
00008580  1f 03 00 39 02 00 00 f3  0e 00 00 02 01 06 7c 00  |...9..........|.|
00008590  00 00 0c 26 00 00 00 02  01 08 73 00 00 00 02 02  |...&......s.....|
000085a0  05 b9 01 00 00 02 02 07  90 00 00 00 04 e1 01 00  |................|
000085b0  00 21 51 00 00 00 0d 04  05 69 6e 74 00 04 e0 01  |.!Q......int....|
000085c0  00 00 22 62 00 00 00 02  04 07 66 00 00 00 02 08  |.."b......f.....|
000085d0  05 99 01 00 00 02 08 07  5c 00 00 00 02 04 07 61  |........\......a|
000085e0  00 00 00 04 48 00 00 00  2f 47 00 00 00 04 2c 02  |....H.../G....,.|
000085f0  00 00 35 58 00 00 00 05  26 00 00 00 07 3b 02 00  |..5X....&....;..|
00008600  00 03 53 a8 00 00 00 01  47 00 00 00 00 07 57 02  |..S.....G.....W.|
00008610  00 00 03 9f b9 00 00 00  01 58 00 00 00 00 06 f8  |.........X......|
00008620  02 00 00 03 95 51 00 00  00 d8 00 00 00 01 58 00  |.....Q........X.|
00008630  00 00 01 d8 00 00 00 01  58 00 00 00 00 05 dd 00  |........X.......|
00008640  00 00 0e 0f 81 00 00 00  03 14 01 05 51 00 00 00  |............Q...|
00008650  f5 00 00 00 01 f5 00 00  00 00 05 2d 00 00 00 09  |...........-....|
00008660  33 02 00 00 b1 08 88 00  00 00 09 18 02 00 00 a8  |3...............|
00008670  07 7e 00 00 00 06 0b 02  00 00 03 f8 51 00 00 00  |.~..........Q...|
00008680  25 01 00 00 01 f5 00 00  00 00 07 89 00 00 00 04  |%...............|
00008690  f2 3c 01 00 00 01 92 00  00 00 01 92 00 00 00 10  |.<..............|
000086a0  00 06 46 02 00 00 04 83  51 00 00 00 56 01 00 00  |..F.....Q...V...|
000086b0  01 f5 00 00 00 01 51 00  00 00 00 06 a3 00 00 00  |......Q.........|
000086c0  03 33 51 00 00 00 7f 01  00 00 01 51 00 00 00 01  |.3Q........Q....|
000086d0  92 00 00 00 01 26 00 00  00 01 51 00 00 00 01 7f  |.....&....Q.....|
000086e0  01 00 00 00 05 92 00 00  00 11 82 02 00 00 01 11  |................|
000086f0  01 51 00 00 00 14 1f 03  00 39 02 00 00 01 9c 4f  |.Q.......9.....O|
00008700  02 00 00 12 2f 03 00 00  01 11 01 92 00 00 00 02  |..../...........|
00008710  91 00 08 40 02 00 00 12  06 51 00 00 00 02 91 6c  |...@.....Q.....l|
00008720  03 63 68 00 13 07 26 00  00 00 02 91 53 03 6e 61  |.ch...&.....S.na|
00008730  70 00 14 06 51 00 00 00  02 91 68 03 62 75 66 00  |p...Q.....h.buf.|
00008740  15 07 4f 02 00 00 03 91  d3 7e 08 2f 00 00 00 18  |..O......~./....|
00008750  02 5f 02 00 00 03 91 bc  7e 08 13 02 00 00 18 02  |._......~.......|
00008760  51 00 00 00 02 91 5c 03  70 69 64 00 2b 08 7e 00  |Q.....\.pid.+.~.|
00008770  00 00 02 91 58 03 6e 6f  77 00 2c 09 88 00 00 00  |....X.now.,.....|
00008780  02 91 54 13 08 20 03 00  5e 00 00 00 38 02 00 00  |..T.. ..^...8...|
00008790  03 69 00 23 0d 51 00 00  00 02 91 64 00 14 d0 20  |.i.#.Q.....d... |
000087a0  03 00 69 00 00 00 03 69  00 32 0b 51 00 00 00 02  |..i....i.2.Q....|
000087b0  91 60 00 00 15 26 00 00  00 5f 02 00 00 0a 62 00  |.`...&..._....b.|
000087c0  00 00 7f 00 16 92 00 00  00 0a 62 00 00 00 04 00  |..........b.....|
000087d0  00 10 02 00 00 05 00 01  04 6f 12 00 00 0b d3 00  |.........o......|
000087e0  00 00 0c 11 01 00 00 00  00 00 00 4d 21 03 00 bd  |...........M!...|
000087f0  01 00 00 04 10 00 00 02  01 06 7c 00 00 00 0c 26  |..........|....&|
00008800  00 00 00 02 01 08 73 00  00 00 02 02 05 b9 01 00  |......s.........|
00008810  00 02 02 07 90 00 00 00  07 e1 01 00 00 21 51 00  |.............!Q.|
00008820  00 00 0d 04 05 69 6e 74  00 02 04 07 66 00 00 00  |.....int....f...|
00008830  02 08 05 99 01 00 00 02  08 07 5c 00 00 00 02 04  |..........\.....|
00008840  07 61 00 00 00 07 48 00  00 00 2f 47 00 00 00 05  |.a....H.../G....|
00008850  26 00 00 00 08 3b 02 00  00 03 53 94 00 00 00 01  |&....;....S.....|
00008860  47 00 00 00 00 0e 81 00  00 00 03 14 01 05 51 00  |G.............Q.|
00008870  00 00 ab 00 00 00 01 ab  00 00 00 00 05 2d 00 00  |.............-..|
00008880  00 0f 18 02 00 00 03 a8  07 74 00 00 00 06 0b 02  |.........t......|
00008890  00 00 03 f8 51 00 00 00  d1 00 00 00 01 ab 00 00  |....Q...........|
000088a0  00 00 08 89 00 00 00 04  f2 e8 00 00 00 01 7e 00  |..............~.|
000088b0  00 00 01 7e 00 00 00 10  00 06 46 02 00 00 04 83  |...~......F.....|
000088c0  51 00 00 00 02 01 00 00  01 ab 00 00 00 01 51 00  |Q.............Q.|
000088d0  00 00 00 06 a3 00 00 00  03 33 51 00 00 00 2b 01  |.........3Q...+.|
000088e0  00 00 01 51 00 00 00 01  7e 00 00 00 01 26 00 00  |...Q....~....&..|
000088f0  00 01 51 00 00 00 01 2b  01 00 00 00 05 7e 00 00  |..Q....+.....~..|
00008900  00 11 93 02 00 00 01 10  01 51 00 00 00 4d 21 03  |.........Q...M!.|
00008910  00 bd 01 00 00 01 9c f7  01 00 00 12 2f 03 00 00  |............/...|
00008920  01 10 01 7e 00 00 00 02  91 00 04 40 02 00 00 11  |...~.......@....|
00008930  06 51 00 00 00 02 91 6c  03 63 68 00 12 07 26 00  |.Q.....l.ch...&.|
00008940  00 00 02 91 6b 03 62 75  66 00 13 07 f7 01 00 00  |....k.buf.......|
00008950  03 91 d4 7e 04 2f 00 00  00 16 02 07 02 00 00 03  |...~./..........|
00008960  91 c0 7e 04 13 02 00 00  16 02 51 00 00 00 02 91  |..~.......Q.....|
00008970  58 03 70 69 64 00 27 08  74 00 00 00 02 91 54 13  |X.pid.'.t.....T.|
00008980  15 22 03 00 5e 00 00 00  c8 01 00 00 03 69 00 1f  |."..^........i..|
00008990  0d 51 00 00 00 02 91 64  00 09 b9 22 03 00 3d 00  |.Q.....d..."..=.|
000089a0  00 00 03 69 00 2b 0b 51  00 00 00 02 91 60 09 d4  |...i.+.Q.....`..|
000089b0  22 03 00 16 00 00 00 04  1f 02 00 00 2d 03 51 00  |"...........-.Q.|
000089c0  00 00 02 91 5c 00 00 00  14 26 00 00 00 07 02 00  |....\....&......|
000089d0  00 0a 58 00 00 00 7f 00  15 7e 00 00 00 0a 58 00  |..X......~....X.|
000089e0  00 00 04 00 00 2b 02 00  00 05 00 01 04 a0 13 00  |.....+..........|
000089f0  00 0b d3 00 00 00 0c 1e  01 00 00 00 00 00 00 0a  |................|
00008a00  23 03 00 c9 01 00 00 ee  10 00 00 02 01 06 7c 00  |#.............|.|
00008a10  00 00 0c 26 00 00 00 02  01 08 73 00 00 00 02 02  |...&......s.....|
00008a20  05 b9 01 00 00 02 02 07  90 00 00 00 05 e1 01 00  |................|
00008a30  00 21 51 00 00 00 0d 04  05 69 6e 74 00 05 e0 01  |.!Q......int....|
00008a40  00 00 22 62 00 00 00 02  04 07 66 00 00 00 02 08  |.."b......f.....|
00008a50  05 99 01 00 00 02 08 07  5c 00 00 00 02 04 07 61  |........\......a|
00008a60  00 00 00 05 48 00 00 00  2f 47 00 00 00 06 26 00  |....H.../G....&.|
00008a70  00 00 07 3b 02 00 00 03  53 9e 00 00 00 01 47 00  |...;....S.....G.|
00008a80  00 00 00 07 57 02 00 00  03 9f af 00 00 00 01 58  |....W..........X|
00008a90  00 00 00 00 0e 81 00 00  00 03 14 01 05 51 00 00  |.............Q..|
00008aa0  00 c6 00 00 00 01 c6 00  00 00 00 06 2d 00 00 00  |............-...|
00008ab0  0f 18 02 00 00 03 a8 07  7e 00 00 00 08 0b 02 00  |........~.......|
00008ac0  00 03 f8 51 00 00 00 ec  00 00 00 01 c6 00 00 00  |...Q............|
00008ad0  00 07 89 00 00 00 04 f2  03 01 00 00 01 88 00 00  |................|
00008ae0  00 01 88 00 00 00 10 00  08 46 02 00 00 04 83 51  |.........F.....Q|
00008af0  00 00 00 1d 01 00 00 01  c6 00 00 00 01 51 00 00  |.............Q..|
00008b00  00 00 08 a3 00 00 00 03  33 51 00 00 00 46 01 00  |........3Q...F..|
00008b10  00 01 51 00 00 00 01 88  00 00 00 01 26 00 00 00  |..Q.........&...|
00008b20  01 51 00 00 00 01 46 01  00 00 00 06 88 00 00 00  |.Q....F.........|
00008b30  11 8d 02 00 00 01 10 01  51 00 00 00 0a 23 03 00  |........Q....#..|
00008b40  c9 01 00 00 01 9c 12 02  00 00 12 2f 03 00 00 01  |.........../....|
00008b50  10 01 88 00 00 00 02 91  00 04 40 02 00 00 11 06  |..........@.....|
00008b60  51 00 00 00 02 91 6c 03  63 68 00 12 07 26 00 00  |Q.....l.ch...&..|
00008b70  00 02 91 6b 03 62 75 66  00 13 07 12 02 00 00 03  |...k.buf........|
00008b80  91 d4 7e 04 2f 00 00 00  16 02 22 02 00 00 03 91  |..~./.....".....|
00008b90  c0 7e 04 13 02 00 00 16  02 51 00 00 00 02 91 58  |.~.......Q.....X|
00008ba0  03 70 69 64 00 27 08 7e  00 00 00 02 91 54 13 ce  |.pid.'.~.....T..|
00008bb0  23 03 00 5e 00 00 00 e3  01 00 00 03 69 00 1f 0d  |#..^........i...|
00008bc0  51 00 00 00 02 91 64 00  09 72 24 03 00 4d 00 00  |Q.....d..r$..M..|
00008bd0  00 03 69 00 2b 0b 51 00  00 00 02 91 60 09 8d 24  |..i.+.Q.....`..$|
00008be0  03 00 16 00 00 00 04 1f  02 00 00 2d 03 51 00 00  |...........-.Q..|
00008bf0  00 02 91 5c 00 00 00 14  26 00 00 00 22 02 00 00  |...\....&..."...|
00008c00  0a 62 00 00 00 7f 00 15  88 00 00 00 0a 62 00 00  |.b...........b..|
00008c10  00 04 00 00 2b 02 00 00  05 00 01 04 d1 14 00 00  |....+...........|
00008c20  0b d3 00 00 00 0c 2b 01  00 00 00 00 00 00 d3 24  |......+........$|
00008c30  03 00 ec 01 00 00 dd 11  00 00 02 01 06 7c 00 00  |.............|..|
00008c40  00 0c 26 00 00 00 02 01  08 73 00 00 00 02 02 05  |..&......s......|
00008c50  b9 01 00 00 02 02 07 90  00 00 00 05 e1 01 00 00  |................|
00008c60  21 51 00 00 00 0d 04 05  69 6e 74 00 05 e0 01 00  |!Q......int.....|
00008c70  00 22 62 00 00 00 02 04  07 66 00 00 00 02 08 05  |."b......f......|
00008c80  99 01 00 00 02 08 07 5c  00 00 00 02 04 07 61 00  |.......\......a.|
00008c90  00 00 05 48 00 00 00 2f  47 00 00 00 06 26 00 00  |...H.../G....&..|
00008ca0  00 07 3b 02 00 00 03 53  9e 00 00 00 01 47 00 00  |..;....S.....G..|
00008cb0  00 00 07 57 02 00 00 03  9f af 00 00 00 01 58 00  |...W..........X.|
00008cc0  00 00 00 0e 81 00 00 00  03 14 01 05 51 00 00 00  |............Q...|
00008cd0  c6 00 00 00 01 c6 00 00  00 00 06 2d 00 00 00 0f  |...........-....|
00008ce0  18 02 00 00 03 a8 07 7e  00 00 00 08 0b 02 00 00  |.......~........|
00008cf0  03 f8 51 00 00 00 ec 00  00 00 01 c6 00 00 00 00  |..Q.............|
00008d00  07 89 00 00 00 04 f2 03  01 00 00 01 88 00 00 00  |................|
00008d10  01 88 00 00 00 10 00 08  46 02 00 00 04 83 51 00  |........F.....Q.|
00008d20  00 00 1d 01 00 00 01 c6  00 00 00 01 51 00 00 00  |............Q...|
00008d30  00 08 a3 00 00 00 03 33  51 00 00 00 46 01 00 00  |.......3Q...F...|
00008d40  01 51 00 00 00 01 88 00  00 00 01 26 00 00 00 01  |.Q.........&....|
00008d50  51 00 00 00 01 46 01 00  00 00 06 88 00 00 00 11  |Q....F..........|
00008d60  68 02 00 00 01 14 01 51  00 00 00 d3 24 03 00 ec  |h......Q....$...|
00008d70  01 00 00 01 9c 12 02 00  00 12 2f 03 00 00 01 14  |........../.....|
00008d80  01 88 00 00 00 02 91 00  04 40 02 00 00 15 06 51  |.........@.....Q|
00008d90  00 00 00 02 91 6c 03 63  68 00 16 07 26 00 00 00  |.....l.ch...&...|
00008da0  02 91 6b 03 62 75 66 00  17 07 12 02 00 00 03 91  |..k.buf.........|
00008db0  d4 7e 04 2f 00 00 00 1a  02 22 02 00 00 03 91 c0  |.~./....."......|
00008dc0  7e 04 13 02 00 00 1a 02  51 00 00 00 02 91 58 03  |~.......Q.....X.|
00008dd0  70 69 64 00 2b 08 7e 00  00 00 02 91 54 13 97 25  |pid.+.~.....T..%|
00008de0  03 00 5e 00 00 00 e3 01  00 00 03 69 00 23 0d 51  |..^........i.#.Q|
00008df0  00 00 00 02 91 64 00 09  3b 26 03 00 70 00 00 00  |.....d..;&..p...|
00008e00  03 69 00 30 0b 51 00 00  00 02 91 60 09 72 26 03  |.i.0.Q.....`.r&.|
00008e10  00 16 00 00 00 04 1f 02  00 00 33 03 51 00 00 00  |..........3.Q...|
00008e20  02 91 5c 00 00 00 14 26  00 00 00 22 02 00 00 0a  |..\....&..."....|
00008e30  62 00 00 00 7f 00 15 88  00 00 00 0a 62 00 00 00  |b...........b...|
00008e40  04 00 00 37 04 00 00 05  00 01 04 02 16 00 00 0f  |...7............|
00008e50  d3 00 00 00 0c 38 01 00  00 00 00 00 00 bf 26 03  |.....8........&.|
00008e60  00 44 03 00 00 d4 12 00  00 03 01 06 7c 00 00 00  |.D..........|...|
00008e70  0d 26 00 00 00 06 77 01  00 00 1e 3c 00 00 00 03  |.&....w....<....|
00008e80  01 08 73 00 00 00 03 02  05 b9 01 00 00 03 02 07  |..s.............|
00008e90  90 00 00 00 06 e1 01 00  00 21 5b 00 00 00 10 04  |.........![.....|
00008ea0  05 69 6e 74 00 06 e0 01  00 00 22 6c 00 00 00 03  |.int......"l....|
00008eb0  04 07 66 00 00 00 03 08  05 99 01 00 00 03 08 07  |..f.............|
00008ec0  5c 00 00 00 06 20 03 00  00 27 3c 00 00 00 03 04  |\.... ...'<.....|
00008ed0  07 61 00 00 00 06 48 00  00 00 2f 51 00 00 00 06  |.a....H.../Q....|
00008ee0  34 00 00 00 32 32 00 00  00 11 13 00 00 00 07 04  |4...22..........|
00008ef0  6c 00 00 00 05 68 06 d7  00 00 00 08 bb 00 00 00  |l....h..........|
00008f00  00 08 cf 01 00 00 01 08  02 02 00 00 02 08 7f 01  |................|
00008f10  00 00 03 08 f5 01 00 00  80 00 09 26 00 00 00 0a  |...........&....|
00008f20  2d 00 00 00 e7 00 00 00  12 00 0d dc 00 00 00 13  |-...............|
00008f30  0a 03 00 00 03 30 13 e7  00 00 00 0b 19 03 00 00  |.....0..........|
00008f40  03 8c 0a 62 00 00 00 0e  01 00 00 01 0e 01 00 00  |...b............|
00008f50  00 09 2d 00 00 00 0b f8  02 00 00 04 95 05 5b 00  |..-...........[.|
00008f60  00 00 33 01 00 00 01 62  00 00 00 01 33 01 00 00  |..3....b....3...|
00008f70  01 62 00 00 00 00 09 38  01 00 00 14 0c 3b 02 00  |.b.....8.....;..|
00008f80  00 04 53 4a 01 00 00 01  51 00 00 00 00 0c 89 00  |..SJ....Q.......|
00008f90  00 00 03 f2 61 01 00 00  01 d7 00 00 00 01 d7 00  |....a...........|
00008fa0  00 00 15 00 16 18 02 00  00 04 a8 07 92 00 00 00  |................|
00008fb0  0c b6 00 00 00 04 79 83  01 00 00 01 62 00 00 00  |......y.....b...|
00008fc0  01 d7 00 00 00 00 0b 72  01 00 00 04 6b 07 92 00  |.......r....k...|
00008fd0  00 00 99 01 00 00 01 9c  00 00 00 00 17 03 03 00  |................|
00008fe0  00 01 09 01 05 5b 00 00  00 e8 29 03 00 1b 00 00  |.....[....).....|
00008ff0  00 01 9c d5 01 00 00 18  62 75 66 00 01 09 01 19  |........buf.....|
00009000  0e 01 00 00 02 91 00 19  14 03 00 00 01 09 01 27  |...............'|
00009010  62 00 00 00 02 91 04 00  07 81 00 00 00 fc 05 5b  |b..............[|
00009020  00 00 00 bb 29 03 00 2d  00 00 00 01 9c 0b 02 00  |....)..-........|
00009030  00 04 73 74 72 00 fc 1a  0e 01 00 00 02 91 00 02  |..str...........|
00009040  6c 65 6e 00 fd 06 5b 00  00 00 02 91 6c 00 07 4e  |len...[.....l..N|
00009050  02 00 00 f1 05 5b 00 00  00 9a 29 03 00 21 00 00  |.....[....)..!..|
00009060  00 01 9c 32 02 00 00 04  63 68 00 f1 14 26 00 00  |...2....ch...&..|
00009070  00 02 91 6c 00 07 f7 02  00 00 e6 05 5b 00 00 00  |...l........[...|
00009080  7f 29 03 00 1b 00 00 00  01 9c 68 02 00 00 04 62  |.)........h....b|
00009090  75 66 00 e6 19 0e 01 00  00 02 91 00 05 14 03 00  |uf..............|
000090a0  00 e6 27 62 00 00 00 02  91 04 00 07 0b 02 00 00  |..'b............|
000090b0  d9 05 5b 00 00 00 52 29  03 00 2d 00 00 00 01 9c  |..[...R)..-.....|
000090c0  9e 02 00 00 04 73 74 72  00 d9 1a 0e 01 00 00 02  |.....str........|
000090d0  91 00 02 6c 65 6e 00 da  06 5b 00 00 00 02 91 6c  |...len...[.....l|
000090e0  00 07 ee 02 00 00 cf 05  5b 00 00 00 31 29 03 00  |........[...1)..|
000090f0  21 00 00 00 01 9c c5 02  00 00 04 63 68 00 cf 14  |!..........ch...|
00009100  26 00 00 00 02 91 6c 00  07 62 02 00 00 a4 09 51  |&.....l..b.....Q|
00009110  00 00 00 68 28 03 00 c9  00 00 00 01 9c 35 03 00  |...h(........5..|
00009120  00 05 3a 03 00 00 a4 19  62 00 00 00 02 91 00 05  |..:.....b.......|
00009130  2f 03 00 00 a4 25 d7 00  00 00 02 91 04 02 70 69  |/....%........pi|
00009140  64 00 a7 08 92 00 00 00  02 91 68 02 62 75 66 00  |d.........h.buf.|
00009150  b6 07 35 03 00 00 03 91  e8 7b 1a 34 03 00 00 01  |..5......{.4....|
00009160  b7 07 46 03 00 00 03 91  d8 7b 02 62 70 00 b8 08  |..F......{.bp...|
00009170  d7 00 00 00 02 91 6c 00  0a 26 00 00 00 46 03 00  |......l..&...F..|
00009180  00 1b 6c 00 00 00 ff 01  00 0a 26 00 00 00 56 03  |..l.......&...V.|
00009190  00 00 1c 6c 00 00 00 0f  00 0e 28 03 00 00 70 5b  |...l......(...p[|
000091a0  00 00 00 62 27 03 00 06  01 00 00 01 9c be 03 00  |...b'...........|
000091b0  00 05 e9 02 00 00 70 18  d7 00 00 00 02 91 00 05  |......p.........|
000091c0  fe 02 00 00 70 24 d7 00  00 00 02 91 04 04 6d 61  |....p$........ma|
000091d0  78 00 70 33 62 00 00 00  02 91 08 02 6c 65 6e 00  |x.p3b.......len.|
000091e0  71 0b 62 00 00 00 02 91  74 1d 78 27 03 00 cf 00  |q.b.....t.x'....|
000091f0  00 00 02 63 68 00 75 0b  81 00 00 00 02 91 73 00  |...ch.u.......s.|
00009200  00 0e a3 00 00 00 28 5b  00 00 00 bf 26 03 00 a3  |......([....&...|
00009210  00 00 00 01 9c 35 04 00  00 05 13 02 00 00 28 14  |.....5........(.|
00009220  5b 00 00 00 02 91 00 05  2f 03 00 00 28 20 d7 00  |[......./...( ..|
00009230  00 00 02 91 04 04 73 65  70 00 28 2b 26 00 00 00  |......sep.(+&...|
00009240  02 91 64 04 6e 00 28 34  5b 00 00 00 02 91 0c 05  |..d.n.(4[.......|
00009250  2f 00 00 00 28 3d 35 04  00 00 02 91 10 02 69 00  |/...(=5.......i.|
00009260  41 06 5b 00 00 00 02 91  74 02 70 74 72 00 42 08  |A.[.....t.ptr.B.|
00009270  d7 00 00 00 02 91 70 00  09 d7 00 00 00 00 20 00  |......p....... .|
00009280  00 00 05 00 01 04 be 17  00 00 01 de 14 00 00 03  |................|
00009290  2a 03 00 63 3f 03 00 00  4a 03 00 00 5f 03 00 00  |*..c?...J..._...|
000092a0  01 80 2e 01 00 00 05 00  01 04 d2 17 00 00 06 d3  |................|
000092b0  00 00 00 0c 51 01 00 00  00 00 00 00 66 2a 03 00  |....Q.......f*..|
000092c0  6b 00 00 00 37 15 00 00  01 01 06 7c 00 00 00 02  |k...7......|....|
000092d0  26 00 00 00 01 01 08 73  00 00 00 01 02 05 b9 01  |&......s........|
000092e0  00 00 01 02 07 90 00 00  00 07 04 05 69 6e 74 00  |............int.|
000092f0  08 e0 01 00 00 02 22 20  5a 00 00 00 01 04 07 66  |......" Z......f|
00009300  00 00 00 01 08 05 99 01  00 00 01 08 07 5c 00 00  |.............\..|
00009310  00 01 04 07 61 00 00 00  09 04 26 00 00 00 03 2d  |....a.....&....-|
00009320  00 00 00 87 00 00 00 0a  00 02 7c 00 00 00 0b 0a  |..........|.....|
00009330  03 00 00 03 30 13 87 00  00 00 03 2d 00 00 00 a8  |....0......-....|
00009340  00 00 00 0c 5a 00 00 00  10 00 02 98 00 00 00 0d  |....Z...........|
00009350  8c 00 00 00 01 11 0c a8  00 00 00 05 03 18 47 03  |..............G.|
00009360  00 0e 6b 03 00 00 01 21  05 47 00 00 00 66 2a 03  |..k....!.G...f*.|
00009370  00 6b 00 00 00 01 9c 0f  62 75 66 00 01 21 13 76  |.k......buf..!.v|
00009380  00 00 00 02 91 00 10 7f  03 00 00 01 21 21 4e 00  |............!!N.|
00009390  00 00 02 91 04 11 72 03  00 00 01 22 06 47 00 00  |......r....".G..|
000093a0  00 02 91 74 04 73 2a 03  00 53 00 00 00 05 69 00  |...t.s*..S....i.|
000093b0  24 0b 47 00 00 00 02 91  70 04 7c 2a 03 00 40 00  |$.G.....p.|*..@.|
000093c0  00 00 05 76 61 6c 00 25  0c 4e 00 00 00 02 91 6c  |...val.%.N.....l|
000093d0  00 00 00 00 c0 01 00 00  05 00 01 04 bf 18 00 00  |................|
000093e0  09 d3 00 00 00 0c 5e 01  00 00 00 00 00 00 d1 2a  |......^........*|
000093f0  03 00 75 02 00 00 dc 15  00 00 02 01 06 7c 00 00  |..u..........|..|
00009400  00 02 01 08 73 00 00 00  02 02 05 b9 01 00 00 02  |....s...........|
00009410  02 07 90 00 00 00 06 e1  01 00 00 21 4c 00 00 00  |...........!L...|
00009420  0a 04 05 69 6e 74 00 06  e0 01 00 00 22 5d 00 00  |...int......"]..|
00009430  00 02 04 07 66 00 00 00  02 08 05 99 01 00 00 02  |....f...........|
00009440  08 07 5c 00 00 00 02 04  07 61 00 00 00 07 26 00  |..\......a....&.|
00009450  00 00 04 98 03 00 00 14  01 4c 00 00 00 98 00 00  |.........L......|
00009460  00 01 79 00 00 00 01 53  00 00 00 00 04 a6 03 00  |..y....S........|
00009470  00 52 01 4c 00 00 00 b2  00 00 00 01 79 00 00 00  |.R.L........y...|
00009480  01 53 00 00 00 00 04 6b  03 00 00 42 01 4c 00 00  |.S.....k...B.L..|
00009490  00 cc 00 00 00 01 79 00  00 00 01 53 00 00 00 00  |......y....S....|
000094a0  04 ad 03 00 00 32 01 4c  00 00 00 e6 00 00 00 01  |.....2.L........|
000094b0  79 00 00 00 01 42 00 00  00 00 0b 9f 03 00 00 03  |y....B..........|
000094c0  e0 07 79 00 00 00 15 01  00 00 01 79 00 00 00 01  |..y........y....|
000094d0  79 00 00 00 01 4c 00 00  00 01 4c 00 00 00 01 4c  |y....L....L....L|
000094e0  00 00 00 01 4c 00 00 00  00 0c 89 00 00 00 01 1f  |....L...........|
000094f0  06 d1 2a 03 00 75 02 00  00 01 9c b2 01 00 00 08  |..*..u..........|
00009500  64 73 74 00 14 79 00 00  00 02 91 00 08 66 6d 74  |dst..y.......fmt|
00009510  00 1f 79 00 00 00 02 91  04 0d 03 61 70 00 20 0b  |..y........ap. .|
00009520  b2 01 00 00 02 91 6c 03  62 75 66 00 21 07 b7 01  |......l.buf.!...|
00009530  00 00 02 91 48 03 63 68  00 22 07 26 00 00 00 02  |....H.ch.".&....|
00009540  91 6b 03 73 74 72 00 23  08 79 00 00 00 02 91 54  |.k.str.#.y.....T|
00009550  05 85 03 00 00 24 4c 00  00 00 02 91 64 05 b4 03  |.....$L.....d...|
00009560  00 00 25 4c 00 00 00 02  91 60 03 6c 65 6e 00 26  |..%L.....`.len.&|
00009570  06 4c 00 00 00 02 91 58  05 90 03 00 00 27 4c 00  |.L.....X.....'L.|
00009580  00 00 02 91 5c 00 07 42  00 00 00 0e 26 00 00 00  |....\..B....&...|
00009590  0f 5d 00 00 00 0b 00 00  31 01 00 00 05 00 01 04  |.]......1.......|
000095a0  a3 19 00 00 07 d3 00 00  00 0c 6b 01 00 00 00 00  |..........k.....|
000095b0  00 00 46 2d 03 00 13 01  00 00 01 17 00 00 01 01  |..F-............|
000095c0  06 7c 00 00 00 03 26 00  00 00 01 01 08 73 00 00  |.|....&......s..|
000095d0  00 01 02 05 b9 01 00 00  01 02 07 90 00 00 00 08  |................|
000095e0  04 05 69 6e 74 00 01 04  07 66 00 00 00 01 08 05  |..int....f......|
000095f0  99 01 00 00 01 08 07 5c  00 00 00 01 04 07 61 00  |.......\......a.|
00009600  00 00 04 26 00 00 00 09  2d 00 00 00 7a 00 00 00  |...&....-...z...|
00009610  0a 00 03 6f 00 00 00 0b  0a 03 00 00 02 30 13 7a  |...o.........0.z|
00009620  00 00 00 0c ba 03 00 00  02 b8 07 6a 00 00 00 a6  |...........j....|
00009630  00 00 00 05 a6 00 00 00  05 26 00 00 00 00 04 2d  |.........&.....-|
00009640  00 00 00 0d 46 02 00 00  01 18 05 47 00 00 00 46  |....F......G...F|
00009650  2d 03 00 13 01 00 00 01  9c 0e 73 74 72 00 01 18  |-.........str...|
00009660  23 a6 00 00 00 01 53 0f  c1 03 00 00 01 18 35 47  |#.....S.......5G|
00009670  00 00 00 01 57 02 6e 75  6d 00 19 0f 47 00 00 00  |....W.num...G...|
00009680  01 56 10 d1 03 00 00 01  1a 10 26 00 00 00 06 cc  |.V........&.....|
00009690  03 00 00 1b 06 47 00 00  00 02 91 5c 11 23 00 00  |.....G.....\.#..|
000096a0  00 02 63 68 00 38 08 26  00 00 00 02 91 5b 02 70  |..ch.8.&.....[.p|
000096b0  74 72 00 39 09 6a 00 00  00 02 91 54 06 c6 03 00  |tr.9.j.....T....|
000096c0  00 43 07 47 00 00 00 02  91 50 00 00 00 06 01 00  |.C.G.....P......|
000096d0  00 05 00 01 04 94 1a 00  00 04 d3 00 00 00 0c 79  |...............y|
000096e0  01 00 00 00 00 00 00 59  2e 03 00 87 00 00 00 3c  |.......Y.......<|
000096f0  18 00 00 01 01 06 7c 00  00 00 05 26 00 00 00 01  |......|....&....|
00009700  01 08 73 00 00 00 01 02  05 b9 01 00 00 01 02 07  |..s.............|
00009710  90 00 00 00 06 04 05 69  6e 74 00 07 e0 01 00 00  |.......int......|
00009720  02 22 20 5a 00 00 00 01  04 07 66 00 00 00 01 08  |." Z......f.....|
00009730  05 99 01 00 00 01 08 07  5c 00 00 00 01 04 07 61  |........\......a|
00009740  00 00 00 03 26 00 00 00  08 19 03 00 00 03 8c 0a  |....&...........|
00009750  4e 00 00 00 91 00 00 00  09 91 00 00 00 00 03 2d  |N..............-|
00009760  00 00 00 0a d7 03 00 00  01 31 07 76 00 00 00 89  |.........1.v....|
00009770  2e 03 00 57 00 00 00 01  9c d9 00 00 00 02 73 74  |...W..........st|
00009780  72 00 31 25 91 00 00 00  01 56 02 63 68 00 31 38  |r.1%.....V.ch.18|
00009790  26 00 00 00 02 91 04 0b  70 74 72 00 01 32 11 76  |&.......ptr..2.v|
000097a0  00 00 00 01 53 00 0c ba  03 00 00 01 18 07 76 00  |....S.........v.|
000097b0  00 00 59 2e 03 00 30 00  00 00 01 9c 02 73 74 72  |..Y...0......str|
000097c0  00 18 24 91 00 00 00 01  50 02 63 68 00 18 37 26  |..$.....P.ch..7&|
000097d0  00 00 00 01 51 00 00 b0  00 00 00 05 00 01 04 57  |....Q..........W|
000097e0  1b 00 00 02 d3 00 00 00  0c 86 01 00 00 00 00 00  |................|
000097f0  00 e0 2e 03 00 24 00 00  00 ea 18 00 00 01 01 06  |.....$..........|
00009800  7c 00 00 00 03 26 00 00  00 01 01 08 73 00 00 00  ||....&......s...|
00009810  01 02 05 b9 01 00 00 01  02 07 90 00 00 00 04 04  |................|
00009820  05 69 6e 74 00 05 e0 01  00 00 02 22 20 5a 00 00  |.int......." Z..|
00009830  00 01 04 07 66 00 00 00  01 08 05 99 01 00 00 01  |....f...........|
00009840  08 07 5c 00 00 00 01 04  07 61 00 00 00 06 19 03  |..\......a......|
00009850  00 00 01 17 0a 4e 00 00  00 e0 2e 03 00 24 00 00  |.....N.......$..|
00009860  00 01 9c ad 00 00 00 07  73 74 72 00 01 17 27 ad  |........str...'.|
00009870  00 00 00 01 52 08 6c 65  6e 00 01 18 14 4e 00 00  |....R.len....N..|
00009880  00 01 53 00 09 04 2d 00  00 00 00 d3 00 00 00 05  |..S...-.........|
00009890  00 01 04 df 1b 00 00 03  d3 00 00 00 0c 93 01 00  |................|
000098a0  00 00 00 00 00 04 2f 03  00 43 00 00 00 53 19 00  |....../..C...S..|
000098b0  00 01 01 06 7c 00 00 00  01 01 08 73 00 00 00 01  |....|......s....|
000098c0  02 05 b9 01 00 00 01 02  07 90 00 00 00 04 e1 01  |................|
000098d0  00 00 02 21 20 4e 00 00  00 05 04 05 69 6e 74 00  |...! N......int.|
000098e0  01 04 07 66 00 00 00 01  08 05 99 01 00 00 01 08  |...f............|
000098f0  07 5c 00 00 00 01 04 07  61 00 00 00 06 04 26 00  |.\......a.....&.|
00009900  00 00 07 df 03 00 00 03  23 01 07 71 00 00 00 93  |........#..q....|
00009910  00 00 00 02 71 00 00 00  02 4e 00 00 00 00 08 ad  |....q....N......|
00009920  03 00 00 01 1d 05 4e 00  00 00 04 2f 03 00 43 00  |......N..../..C.|
00009930  00 00 01 9c 09 62 75 66  00 01 1d 13 71 00 00 00  |.....buf....q...|
00009940  02 91 00 0a 7f 03 00 00  01 1d 20 42 00 00 00 02  |.......... B....|
00009950  91 04 0b 62 70 00 01 1e  08 71 00 00 00 02 91 6c  |...bp....q.....l|
00009960  00 00 ac 00 00 00 05 00  01 04 8d 1c 00 00 02 d3  |................|
00009970  00 00 00 0c a0 01 00 00  00 00 00 00 47 2f 03 00  |............G/..|
00009980  91 00 00 00 c4 19 00 00  01 01 06 7c 00 00 00 01  |...........|....|
00009990  01 08 73 00 00 00 01 02  05 b9 01 00 00 01 02 07  |..s.............|
000099a0  90 00 00 00 03 04 05 69  6e 74 00 01 04 07 66 00  |.......int....f.|
000099b0  00 00 01 08 05 99 01 00  00 01 08 07 5c 00 00 00  |............\...|
000099c0  01 04 07 61 00 00 00 04  04 26 00 00 00 05 df 03  |...a.....&......|
000099d0  00 00 01 1d 07 65 00 00  00 47 2f 03 00 91 00 00  |.....e...G/.....|
000099e0  00 01 9c 06 62 75 66 00  01 1d 16 65 00 00 00 02  |....buf....e....|
000099f0  91 00 07 7f 03 00 00 01  1d 1f 42 00 00 00 02 91  |..........B.....|
00009a00  04 08 e7 03 00 00 01 1e  06 42 00 00 00 02 91 6c  |.........B.....l|
00009a10  00 00 df 00 00 00 05 00  01 04 0e 1d 00 00 03 d3  |................|
00009a20  00 00 00 0c ae 01 00 00  00 00 00 00 d8 2f 03 00  |............./..|
00009a30  86 00 00 00 38 1a 00 00  01 01 06 7c 00 00 00 01  |....8......|....|
00009a40  01 08 73 00 00 00 01 02  05 b9 01 00 00 01 02 07  |..s.............|
00009a50  90 00 00 00 04 04 05 69  6e 74 00 05 e0 01 00 00  |.......int......|
00009a60  02 22 20 55 00 00 00 01  04 07 66 00 00 00 01 08  |." U......f.....|
00009a70  05 99 01 00 00 01 08 07  5c 00 00 00 01 04 07 61  |........\......a|
00009a80  00 00 00 06 04 26 00 00  00 07 a6 03 00 00 01 1e  |.....&..........|
00009a90  05 42 00 00 00 d8 2f 03  00 86 00 00 00 01 9c 08  |.B..../.........|
00009aa0  62 75 66 00 01 1e 13 71  00 00 00 02 91 00 09 7f  |buf....q........|
00009ab0  03 00 00 01 1e 21 49 00  00 00 02 91 04 02 69 00  |.....!I.......i.|
00009ac0  1f 06 42 00 00 00 02 91  74 0a 72 03 00 00 01 20  |..B.....t.r.... |
00009ad0  06 42 00 00 00 02 91 70  02 62 70 00 21 08 71 00  |.B.....p.bp.!.q.|
00009ae0  00 00 02 91 6c 02 76 61  6c 00 22 0b 49 00 00 00  |....l.val.".I...|
00009af0  02 91 68 00 00 d3 00 00  00 05 00 01 04 b0 1d 00  |..h.............|
00009b00  00 03 d3 00 00 00 0c bb  01 00 00 00 00 00 00 5e  |...............^|
00009b10  30 03 00 2e 00 00 00 ed  1a 00 00 01 01 06 7c 00  |0.............|.|
00009b20  00 00 01 01 08 73 00 00  00 01 02 05 b9 01 00 00  |.....s..........|
00009b30  01 02 07 90 00 00 00 04  04 05 69 6e 74 00 05 e0  |..........int...|
00009b40  01 00 00 02 22 20 55 00  00 00 01 04 07 66 00 00  |...." U......f..|
00009b50  00 01 08 05 99 01 00 00  01 08 07 5c 00 00 00 01  |...........\....|
00009b60  04 07 61 00 00 00 06 04  26 00 00 00 07 f0 03 00  |..a.....&.......|
00009b70  00 03 06 01 07 71 00 00  00 93 00 00 00 02 71 00  |.....q........q.|
00009b80  00 00 02 49 00 00 00 00  08 98 03 00 00 01 1c 05  |...I............|
00009b90  42 00 00 00 5e 30 03 00  2e 00 00 00 01 9c 09 62  |B...^0.........b|
00009ba0  75 66 00 01 1c 13 71 00  00 00 02 91 00 0a 7f 03  |uf....q.........|
00009bb0  00 00 01 1c 21 49 00 00  00 02 91 04 0b 62 70 00  |....!I.......bp.|
00009bc0  01 1d 0b 71 00 00 00 02  91 6c 00 00 d4 00 00 00  |...q.....l......|
00009bd0  05 00 01 04 5e 1e 00 00  03 d3 00 00 00 0c c8 01  |....^...........|
00009be0  00 00 00 00 00 00 8c 30  03 00 66 00 00 00 56 1b  |.......0..f...V.|
00009bf0  00 00 01 01 06 7c 00 00  00 01 01 08 73 00 00 00  |.....|......s...|
00009c00  01 02 05 b9 01 00 00 01  02 07 90 00 00 00 04 04  |................|
00009c10  05 69 6e 74 00 05 e0 01  00 00 02 22 20 55 00 00  |.int......." U..|
00009c20  00 01 04 07 66 00 00 00  01 08 05 99 01 00 00 01  |....f...........|
00009c30  08 07 5c 00 00 00 01 04  07 61 00 00 00 06 04 26  |..\......a.....&|
00009c40  00 00 00 07 df 03 00 00  03 23 01 07 71 00 00 00  |.........#..q...|
00009c50  93 00 00 00 02 71 00 00  00 02 42 00 00 00 00 08  |.....q....B.....|
00009c60  f0 03 00 00 01 1c 07 71  00 00 00 8c 30 03 00 66  |.......q....0..f|
00009c70  00 00 00 01 9c 09 62 75  66 00 01 1c 16 71 00 00  |......buf....q..|
00009c80  00 02 91 00 0a 7f 03 00  00 01 1c 24 49 00 00 00  |...........$I...|
00009c90  02 91 04 0b e7 03 00 00  01 1d 0b 49 00 00 00 02  |...........I....|
00009ca0  91 6c 00 00 41 01 00 00  05 00 01 04 0c 1f 00 00  |.l..A...........|
00009cb0  06 d3 00 00 00 0c d6 01  00 00 00 00 00 00 f2 30  |...............0|
00009cc0  03 00 9d 00 00 00 ce 1b  00 00 01 01 06 7c 00 00  |.............|..|
00009cd0  00 07 26 00 00 00 01 01  08 73 00 00 00 01 02 05  |..&......s......|
00009ce0  b9 01 00 00 01 02 07 90  00 00 00 08 04 05 69 6e  |..............in|
00009cf0  74 00 09 e0 01 00 00 02  22 20 5a 00 00 00 01 04  |t......." Z.....|
00009d00  07 66 00 00 00 01 08 05  99 01 00 00 01 08 07 5c  |.f.............\|
00009d10  00 00 00 01 04 07 61 00  00 00 05 26 00 00 00 0a  |......a....&....|
00009d20  70 61 64 00 03 cf 07 76  00 00 00 9b 00 00 00 02  |pad....v........|
00009d30  76 00 00 00 02 47 00 00  00 02 47 00 00 00 00 0b  |v....G....G.....|
00009d40  19 03 00 00 03 8c 0a 4e  00 00 00 b1 00 00 00 02  |.......N........|
00009d50  b1 00 00 00 00 05 2d 00  00 00 0c 9f 03 00 00 01  |......-.........|
00009d60  1f 07 76 00 00 00 f2 30  03 00 9d 00 00 00 01 9c  |..v....0........|
00009d70  03 64 73 74 00 15 76 00  00 00 02 91 00 03 73 74  |.dst..v.......st|
00009d80  72 00 20 76 00 00 00 02  91 04 03 6c 65 6e 00 29  |r. v.......len.)|
00009d90  47 00 00 00 02 91 08 04  b4 03 00 00 1f 32 47 00  |G............2G.|
00009da0  00 00 02 91 0c 04 85 03  00 00 20 09 47 00 00 00  |.......... .G...|
00009db0  02 91 10 04 90 03 00 00  20 19 47 00 00 00 02 91  |........ .G.....|
00009dc0  14 0d f8 03 00 00 01 21  06 47 00 00 00 02 91 68  |.......!.G.....h|
00009dd0  0e 3b 31 03 00 2c 00 00  00 0f 69 00 01 31 0b 47  |.;1..,....i..1.G|
00009de0  00 00 00 02 91 6c 00 00  00 a8 00 00 00 05 00 01  |.....l..........|
00009df0  04 f6 1f 00 00 03 d3 00  00 00 0c e3 01 00 00 00  |................|
00009e00  00 00 00 8f 31 03 00 22  00 00 00 83 1c 00 00 01  |....1.."........|
00009e10  01 06 7c 00 00 00 01 01  08 73 00 00 00 01 02 05  |..|......s......|
00009e20  b9 01 00 00 01 02 07 90  00 00 00 04 04 05 69 6e  |..............in|
00009e30  74 00 01 04 07 66 00 00  00 01 08 05 99 01 00 00  |t....f..........|
00009e40  01 08 07 5c 00 00 00 01  04 07 61 00 00 00 05 04  |...\......a.....|
00009e50  26 00 00 00 06 70 61 64  00 01 1b 07 65 00 00 00  |&....pad....e...|
00009e60  8f 31 03 00 22 00 00 00  01 9c 07 64 73 74 00 01  |.1.."......dst..|
00009e70  1b 12 65 00 00 00 02 91  00 02 f8 03 00 00 1b 42  |..e............B|
00009e80  00 00 00 02 91 04 02 90  03 00 00 26 42 00 00 00  |...........&B...|
00009e90  02 91 08 00 00 01 05 00  49 13 00 00 02 2e 01 3f  |........I......?|
00009ea0  19 03 0e 3a 0b 3b 0b 39  0b 27 19 49 13 3c 19 01  |...:.;.9.'.I.<..|
00009eb0  13 00 00 03 24 00 0b 0b  3e 0b 03 0e 00 00 04 34  |....$...>......4|
00009ec0  00 03 0e 3a 21 01 3b 0b  39 0b 49 13 02 18 00 00  |...:!.;.9.I.....|
00009ed0  05 16 00 03 0e 3a 0b 3b  0b 39 0b 49 13 00 00 06  |.....:.;.9.I....|
00009ee0  28 00 03 0e 1c 0b 00 00  07 0f 00 0b 21 04 49 13  |(...........!.I.|
00009ef0  00 00 08 34 00 03 08 3a  21 01 3b 0b 39 0b 49 13  |...4...:!.;.9.I.|
00009f00  02 18 00 00 09 0d 00 03  0e 3a 21 03 3b 0b 39 0b  |.........:!.;.9.|
00009f10  49 13 38 0b 00 00 0a 01  01 49 13 01 13 00 00 0b  |I.8......I......|
00009f20  21 00 49 13 2f 0b 00 00  0c 26 00 49 13 00 00 0d  |!.I./....&.I....|
00009f30  2e 01 3f 19 03 0e 3a 0b  3b 0b 39 21 06 27 19 3c  |..?...:.;.9!.'.<|
00009f40  19 01 13 00 00 0e 0b 01  11 01 12 06 00 00 0f 11  |................|
00009f50  01 25 0e 13 0b 03 1f 1b  1f 11 01 12 06 10 17 00  |.%..............|
00009f60  00 10 24 00 0b 0b 3e 0b  03 08 00 00 11 04 01 03  |..$...>.........|
00009f70  0e 3e 0b 0b 0b 49 13 3a  0b 3b 0b 39 0b 01 13 00  |.>...I.:.;.9....|
00009f80  00 12 13 01 03 0e 0b 0b  3a 0b 3b 0b 39 0b 01 13  |........:.;.9...|
00009f90  00 00 13 2e 01 3f 19 03  0e 3a 0b 3b 05 39 0b 27  |.....?...:.;.9.'|
00009fa0  19 49 13 3c 19 01 13 00  00 14 18 00 00 00 15 2e  |.I.<............|
00009fb0  01 3f 19 03 0e 3a 0b 3b  0b 39 0b 27 19 49 13 11  |.?...:.;.9.'.I..|
00009fc0  01 12 06 40 18 7c 19 01  13 00 00 16 05 00 03 0e  |...@.|..........|
00009fd0  3a 0b 3b 0b 39 0b 49 13  02 18 00 00 17 0b 01 11  |:.;.9.I.........|
00009fe0  01 12 06 01 13 00 00 18  34 00 03 08 3a 0b 3b 05  |........4...:.;.|
00009ff0  39 0b 49 13 02 18 00 00  19 2e 01 03 0e 3a 0b 3b  |9.I..........:.;|
0000a000  0b 39 0b 27 19 11 01 12  06 40 18 7c 19 01 13 00  |.9.'.....@.|....|
0000a010  00 1a 05 00 03 08 3a 0b  3b 0b 39 0b 49 13 02 18  |......:.;.9.I...|
0000a020  00 00 00 01 24 00 0b 0b  3e 0b 03 0e 00 00 02 05  |....$...>.......|
0000a030  00 49 13 00 00 03 16 00  03 0e 3a 21 02 3b 0b 39  |.I........:!.;.9|
0000a040  21 20 49 13 00 00 04 34  00 03 08 3a 21 01 3b 0b  |! I....4...:!.;.|
0000a050  39 0b 49 13 02 18 00 00  05 0f 00 0b 21 04 49 13  |9.I.........!.I.|
0000a060  00 00 06 2e 01 3f 19 03  0e 3a 21 03 3b 0b 39 21  |.....?...:!.;.9!|
0000a070  05 27 19 49 13 3c 19 01  13 00 00 07 2e 00 3f 19  |.'.I.<........?.|
0000a080  03 0e 3a 21 03 3b 0b 39  0b 27 19 49 13 3c 19 00  |..:!.;.9.'.I.<..|
0000a090  00 08 34 00 03 0e 3a 21  01 3b 0b 39 0b 49 13 02  |..4...:!.;.9.I..|
0000a0a0  18 00 00 09 11 01 25 0e  13 0b 03 1f 1b 1f 11 01  |......%.........|
0000a0b0  12 06 10 17 00 00 0a 26  00 49 13 00 00 0b 24 00  |.......&.I....$.|
0000a0c0  0b 0b 3e 0b 03 08 00 00  0c 26 00 00 00 0d 2e 01  |..>......&......|
0000a0d0  3f 19 03 0e 3a 0b 3b 0b  39 0b 27 19 3c 19 01 13  |?...:.;.9.'.<...|
0000a0e0  00 00 0e 18 00 00 00 0f  2e 01 3f 19 03 0e 3a 0b  |..........?...:.|
0000a0f0  3b 0b 39 0b 27 19 49 13  11 01 12 06 40 18 7c 19  |;.9.'.I.....@.|.|
0000a100  01 13 00 00 10 05 00 03  0e 3a 0b 3b 0b 39 0b 49  |.........:.;.9.I|
0000a110  13 02 18 00 00 11 0b 01  11 01 12 06 00 00 12 01  |................|
0000a120  01 49 13 00 00 13 21 00  49 13 2f 0b 00 00 00 01  |.I....!.I./.....|
0000a130  05 00 49 13 00 00 02 24  00 0b 0b 3e 0b 03 0e 00  |..I....$...>....|
0000a140  00 03 34 00 03 08 3a 21  01 3b 0b 39 0b 49 13 02  |..4...:!.;.9.I..|
0000a150  18 00 00 04 0f 00 0b 21  04 49 13 00 00 05 2e 01  |.......!.I......|
0000a160  3f 19 03 0e 3a 0b 3b 0b  39 21 05 27 19 49 13 3c  |?...:.;.9!.'.I.<|
0000a170  19 01 13 00 00 06 34 00  03 0e 3a 21 01 3b 0b 39  |......4...:!.;.9|
0000a180  0b 49 13 02 18 00 00 07  21 00 49 13 2f 0b 00 00  |.I......!.I./...|
0000a190  08 16 00 03 0e 3a 21 02  3b 0b 39 21 20 49 13 00  |.....:!.;.9! I..|
0000a1a0  00 09 2e 01 3f 19 03 0e  3a 0b 3b 0b 39 21 06 27  |....?...:.;.9!.'|
0000a1b0  19 3c 19 01 13 00 00 0a  0b 01 11 01 12 06 00 00  |.<..............|
0000a1c0  0b 01 01 49 13 01 13 00  00 0c 11 01 25 0e 13 0b  |...I........%...|
0000a1d0  03 1f 1b 1f 11 01 12 06  10 17 00 00 0d 26 00 49  |.............&.I|
0000a1e0  13 00 00 0e 24 00 0b 0b  3e 0b 03 08 00 00 0f 26  |....$...>......&|
0000a1f0  00 00 00 10 2e 01 3f 19  03 0e 3a 0b 3b 05 39 0b  |......?...:.;.9.|
0000a200  27 19 49 13 3c 19 01 13  00 00 11 18 00 00 00 12  |'.I.<...........|
0000a210  2e 01 3f 19 03 0e 3a 0b  3b 0b 39 0b 27 19 49 13  |..?...:.;.9.'.I.|
0000a220  11 01 12 06 40 18 7c 19  01 13 00 00 13 05 00 03  |....@.|.........|
0000a230  0e 3a 0b 3b 0b 39 0b 49  13 02 18 00 00 14 0b 01  |.:.;.9.I........|
0000a240  11 01 12 06 01 13 00 00  15 01 01 49 13 00 00 00  |...........I....|
0000a250  01 05 00 49 13 00 00 02  24 00 0b 0b 3e 0b 03 0e  |...I....$...>...|
0000a260  00 00 03 34 00 03 08 3a  21 01 3b 0b 39 0b 49 13  |...4...:!.;.9.I.|
0000a270  02 18 00 00 04 34 00 03  0e 3a 21 01 3b 0b 39 0b  |.....4...:!.;.9.|
0000a280  49 13 02 18 00 00 05 0f  00 0b 21 04 49 13 00 00  |I.........!.I...|
0000a290  06 2e 01 3f 19 03 0e 3a  0b 3b 0b 39 21 05 27 19  |...?...:.;.9!.'.|
0000a2a0  49 13 3c 19 01 13 00 00  07 0b 01 11 01 12 06 00  |I.<.............|
0000a2b0  00 08 21 00 49 13 2f 0b  00 00 09 11 01 25 0e 13  |..!.I./......%..|
0000a2c0  0b 03 1f 1b 1f 11 01 12  06 10 17 00 00 0a 26 00  |..............&.|
0000a2d0  49 13 00 00 0b 24 00 0b  0b 3e 0b 03 08 00 00 0c  |I....$...>......|
0000a2e0  2e 01 3f 19 03 0e 3a 0b  3b 05 39 0b 27 19 49 13  |..?...:.;.9.'.I.|
0000a2f0  3c 19 01 13 00 00 0d 2e  01 3f 19 03 0e 3a 0b 3b  |<........?...:.;|
0000a300  0b 39 0b 27 19 3c 19 01  13 00 00 0e 18 00 00 00  |.9.'.<..........|
0000a310  0f 2e 01 3f 19 03 0e 3a  0b 3b 0b 39 0b 27 19 49  |...?...:.;.9.'.I|
0000a320  13 11 01 12 06 40 18 7c  19 01 13 00 00 10 05 00  |.....@.|........|
0000a330  03 0e 3a 0b 3b 0b 39 0b  49 13 02 18 00 00 11 0b  |..:.;.9.I.......|
0000a340  01 11 01 12 06 01 13 00  00 12 01 01 49 13 01 13  |............I...|
0000a350  00 00 13 01 01 49 13 00  00 00 01 05 00 49 13 00  |.....I.......I..|
0000a360  00 02 24 00 0b 0b 3e 0b  03 0e 00 00 03 34 00 03  |..$...>......4..|
0000a370  08 3a 21 01 3b 0b 39 0b  49 13 02 18 00 00 04 0f  |.:!.;.9.I.......|
0000a380  00 0b 21 04 49 13 00 00  05 2e 01 3f 19 03 0e 3a  |..!.I......?...:|
0000a390  0b 3b 0b 39 21 05 27 19  49 13 3c 19 01 13 00 00  |.;.9!.'.I.<.....|
0000a3a0  06 2e 01 3f 19 03 0e 3a  0b 3b 0b 39 21 06 27 19  |...?...:.;.9!.'.|
0000a3b0  3c 19 01 13 00 00 07 34  00 03 0e 3a 21 01 3b 0b  |<......4...:!.;.|
0000a3c0  39 0b 49 13 02 18 00 00  08 16 00 03 0e 3a 21 02  |9.I..........:!.|
0000a3d0  3b 0b 39 21 20 49 13 00  00 09 21 00 49 13 2f 0b  |;.9! I....!.I./.|
0000a3e0  00 00 0a 11 01 25 0e 13  0b 03 1f 1b 1f 11 01 12  |.....%..........|
0000a3f0  06 10 17 00 00 0b 26 00  49 13 00 00 0c 24 00 0b  |......&.I....$..|
0000a400  0b 3e 0b 03 08 00 00 0d  26 00 00 00 0e 2e 01 3f  |.>......&......?|
0000a410  19 03 0e 3a 0b 3b 05 39  0b 27 19 49 13 3c 19 01  |...:.;.9.'.I.<..|
0000a420  13 00 00 0f 18 00 00 00  10 2e 01 3f 19 03 0e 3a  |...........?...:|
0000a430  0b 3b 0b 39 0b 27 19 49  13 11 01 12 06 40 18 7c  |.;.9.'.I.....@.||
0000a440  19 01 13 00 00 11 05 00  03 0e 3a 0b 3b 0b 39 0b  |..........:.;.9.|
0000a450  49 13 02 18 00 00 12 0b  01 11 01 12 06 01 13 00  |I...............|
0000a460  00 13 0b 01 11 01 12 06  00 00 14 01 01 49 13 01  |.............I..|
0000a470  13 00 00 15 01 01 49 13  00 00 00 01 05 00 49 13  |......I.......I.|
0000a480  00 00 02 24 00 0b 0b 3e  0b 03 0e 00 00 03 34 00  |...$...>......4.|
0000a490  03 0e 3a 21 01 3b 0b 39  0b 49 13 02 18 00 00 04  |..:!.;.9.I......|
0000a4a0  2e 01 3f 19 03 0e 3a 0b  3b 0b 39 0b 27 19 49 13  |..?...:.;.9.'.I.|
0000a4b0  3c 19 01 13 00 00 05 34  00 03 08 3a 21 01 3b 0b  |<......4...:!.;.|
0000a4c0  39 0b 49 13 02 18 00 00  06 16 00 03 0e 3a 21 02  |9.I..........:!.|
0000a4d0  3b 0b 39 21 20 49 13 00  00 07 0f 00 0b 21 04 49  |;.9! I.......!.I|
0000a4e0  13 00 00 08 2e 01 3f 19  03 0e 3a 0b 3b 0b 39 21  |......?...:.;.9!|
0000a4f0  06 27 19 3c 19 01 13 00  00 09 21 00 49 13 2f 0b  |.'.<......!.I./.|
0000a500  00 00 0a 11 01 25 0e 13  0b 03 1f 1b 1f 11 01 12  |.....%..........|
0000a510  06 10 17 00 00 0b 26 00  49 13 00 00 0c 24 00 0b  |......&.I....$..|
0000a520  0b 3e 0b 03 08 00 00 0d  2e 01 3f 19 03 0e 3a 0b  |.>........?...:.|
0000a530  3b 05 39 0b 27 19 49 13  3c 19 01 13 00 00 0e 18  |;.9.'.I.<.......|
0000a540  00 00 00 0f 2e 01 3f 19  03 0e 3a 0b 3b 0b 39 0b  |......?...:.;.9.|
0000a550  27 19 49 13 11 01 12 06  40 18 7c 19 01 13 00 00  |'.I.....@.|.....|
0000a560  10 05 00 03 0e 3a 0b 3b  0b 39 0b 49 13 02 18 00  |.....:.;.9.I....|
0000a570  00 11 0b 01 11 01 12 06  01 13 00 00 12 0b 01 11  |................|
0000a580  01 12 06 00 00 13 01 01  49 13 01 13 00 00 14 01  |........I.......|
0000a590  01 49 13 00 00 00 01 05  00 49 13 00 00 02 24 00  |.I.......I....$.|
0000a5a0  0b 0b 3e 0b 03 0e 00 00  03 34 00 03 08 3a 21 01  |..>......4...:!.|
0000a5b0  3b 0b 39 0b 49 13 02 18  00 00 04 2e 01 3f 19 03  |;.9.I........?..|
0000a5c0  0e 3a 0b 3b 0b 39 0b 27  19 49 13 3c 19 01 13 00  |.:.;.9.'.I.<....|
0000a5d0  00 05 34 00 03 0e 3a 21  01 3b 0b 39 0b 49 13 02  |..4...:!.;.9.I..|
0000a5e0  18 00 00 06 0f 00 0b 21  04 49 13 00 00 07 21 00  |.......!.I....!.|
0000a5f0  49 13 2f 0b 00 00 08 16  00 03 0e 3a 21 02 3b 0b  |I./........:!.;.|
0000a600  39 21 20 49 13 00 00 09  2e 01 3f 19 03 0e 3a 0b  |9! I......?...:.|
0000a610  3b 0b 39 21 06 27 19 3c  19 01 13 00 00 0a 01 01  |;.9!.'.<........|
0000a620  49 13 01 13 00 00 0b 2e  01 3f 19 03 0e 3a 21 03  |I........?...:!.|
0000a630  3b 05 39 21 05 27 19 49  13 3c 19 01 13 00 00 0c  |;.9!.'.I.<......|
0000a640  0b 01 11 01 12 06 01 13  00 00 0d 0b 01 11 01 12  |................|
0000a650  06 00 00 0e 11 01 25 0e  13 0b 03 1f 1b 1f 11 01  |......%.........|
0000a660  12 06 10 17 00 00 0f 26  00 49 13 00 00 10 24 00  |.......&.I....$.|
0000a670  0b 0b 3e 0b 03 08 00 00  11 26 00 00 00 12 18 00  |..>......&......|
0000a680  00 00 13 2e 01 3f 19 03  0e 3a 0b 3b 0b 39 0b 27  |.....?...:.;.9.'|
0000a690  19 49 13 11 01 12 06 40  18 7c 19 01 13 00 00 14  |.I.....@.|......|
0000a6a0  05 00 03 0e 3a 0b 3b 0b  39 0b 49 13 02 18 00 00  |....:.;.9.I.....|
0000a6b0  15 0b 01 55 17 00 00 16  01 01 49 13 00 00 00 01  |...U......I.....|
0000a6c0  05 00 49 13 00 00 02 24  00 0b 0b 3e 0b 03 0e 00  |..I....$...>....|
0000a6d0  00 03 2e 01 3f 19 03 0e  3a 0b 3b 0b 39 0b 27 19  |....?...:.;.9.'.|
0000a6e0  49 13 3c 19 01 13 00 00  04 34 00 03 0e 3a 21 01  |I.<......4...:!.|
0000a6f0  3b 0b 39 0b 49 13 02 18  00 00 05 0f 00 0b 21 04  |;.9.I.........!.|
0000a700  49 13 00 00 06 34 00 03  08 3a 21 01 3b 0b 39 0b  |I....4...:!.;.9.|
0000a710  49 13 02 18 00 00 07 16  00 03 0e 3a 21 02 3b 0b  |I..........:!.;.|
0000a720  39 21 20 49 13 00 00 08  2e 01 3f 19 03 0e 3a 0b  |9! I......?...:.|
0000a730  3b 0b 39 21 06 27 19 3c  19 01 13 00 00 09 0b 01  |;.9!.'.<........|
0000a740  11 01 12 06 00 00 0a 21  00 49 13 2f 0b 00 00 0b  |.......!.I./....|
0000a750  11 01 25 0e 13 0b 03 1f  1b 1f 11 01 12 06 10 17  |..%.............|
0000a760  00 00 0c 26 00 49 13 00  00 0d 24 00 0b 0b 3e 0b  |...&.I....$...>.|
0000a770  03 08 00 00 0e 26 00 00  00 0f 18 00 00 00 10 2e  |.....&..........|
0000a780  01 3f 19 03 0e 3a 0b 3b  0b 39 0b 27 19 49 13 11  |.?...:.;.9.'.I..|
0000a790  01 12 06 40 18 7c 19 01  13 00 00 11 05 00 03 0e  |...@.|..........|
0000a7a0  3a 0b 3b 0b 39 0b 49 13  02 18 00 00 12 0b 01 11  |:.;.9.I.........|
0000a7b0  01 12 06 01 13 00 00 13  01 01 49 13 01 13 00 00  |..........I.....|
0000a7c0  14 01 01 49 13 00 00 00  01 05 00 49 13 00 00 02  |...I.......I....|
0000a7d0  24 00 0b 0b 3e 0b 03 0e  00 00 03 2e 01 3f 19 03  |$...>........?..|
0000a7e0  0e 3a 0b 3b 0b 39 0b 27  19 49 13 3c 19 01 13 00  |.:.;.9.'.I.<....|
0000a7f0  00 04 34 00 03 0e 3a 21  01 3b 0b 39 0b 49 13 02  |..4...:!.;.9.I..|
0000a800  18 00 00 05 34 00 03 08  3a 21 01 3b 0b 39 0b 49  |....4...:!.;.9.I|
0000a810  13 02 18 00 00 06 0f 00  0b 21 04 49 13 00 00 07  |.........!.I....|
0000a820  16 00 03 0e 3a 21 02 3b  0b 39 21 20 49 13 00 00  |....:!.;.9! I...|
0000a830  08 2e 01 3f 19 03 0e 3a  0b 3b 0b 39 21 06 27 19  |...?...:.;.9!.'.|
0000a840  3c 19 01 13 00 00 09 21  00 49 13 2f 0b 00 00 0a  |<......!.I./....|
0000a850  0b 01 11 01 12 06 00 00  0b 01 01 49 13 01 13 00  |...........I....|
0000a860  00 0c 11 01 25 0e 13 0b  03 1f 1b 1f 11 01 12 06  |....%...........|
0000a870  10 17 00 00 0d 26 00 49  13 00 00 0e 24 00 0b 0b  |.....&.I....$...|
0000a880  3e 0b 03 08 00 00 0f 2e  01 3f 19 03 0e 3a 0b 3b  |>........?...:.;|
0000a890  05 39 0b 27 19 49 13 3c  19 01 13 00 00 10 26 00  |.9.'.I.<......&.|
0000a8a0  00 00 11 18 00 00 00 12  2e 01 3f 19 03 0e 3a 0b  |..........?...:.|
0000a8b0  3b 0b 39 0b 27 19 49 13  11 01 12 06 40 18 7c 19  |;.9.'.I.....@.|.|
0000a8c0  01 13 00 00 13 05 00 03  0e 3a 0b 3b 0b 39 0b 49  |.........:.;.9.I|
0000a8d0  13 02 18 00 00 14 0b 01  11 01 12 06 01 13 00 00  |................|
0000a8e0  15 01 01 49 13 00 00 00  01 05 00 49 13 00 00 02  |...I.......I....|
0000a8f0  34 00 03 0e 3a 21 01 3b  0b 39 0b 49 13 02 18 00  |4...:!.;.9.I....|
0000a900  00 03 24 00 0b 0b 3e 0b  03 0e 00 00 04 2e 01 3f  |..$...>........?|
0000a910  19 03 0e 3a 0b 3b 0b 39  0b 27 19 49 13 3c 19 01  |...:.;.9.'.I.<..|
0000a920  13 00 00 05 0f 00 0b 21  04 49 13 00 00 06 34 00  |.......!.I....4.|
0000a930  03 08 3a 21 01 3b 0b 39  0b 49 13 02 18 00 00 07  |..:!.;.9.I......|
0000a940  21 00 49 13 2f 0b 00 00  08 16 00 03 0e 3a 21 02  |!.I./........:!.|
0000a950  3b 0b 39 21 20 49 13 00  00 09 2e 01 3f 19 03 0e  |;.9! I......?...|
0000a960  3a 0b 3b 0b 39 21 06 27  19 3c 19 01 13 00 00 0a  |:.;.9!.'.<......|
0000a970  0b 01 11 01 12 06 00 00  0b 01 01 49 13 01 13 00  |...........I....|
0000a980  00 0c 11 01 25 0e 13 0b  03 1f 1b 1f 11 01 12 06  |....%...........|
0000a990  10 17 00 00 0d 26 00 49  13 00 00 0e 24 00 0b 0b  |.....&.I....$...|
0000a9a0  3e 0b 03 08 00 00 0f 2e  01 3f 19 03 0e 3a 0b 3b  |>........?...:.;|
0000a9b0  05 39 0b 27 19 49 13 3c  19 01 13 00 00 10 26 00  |.9.'.I.<......&.|
0000a9c0  00 00 11 18 00 00 00 12  2e 01 3f 19 03 0e 3a 0b  |..........?...:.|
0000a9d0  3b 0b 39 0b 27 19 49 13  11 01 12 06 40 18 7c 19  |;.9.'.I.....@.|.|
0000a9e0  01 13 00 00 13 05 00 03  0e 3a 0b 3b 0b 39 0b 49  |.........:.;.9.I|
0000a9f0  13 02 18 00 00 14 0b 01  11 01 12 06 01 13 00 00  |................|
0000aa00  15 01 01 49 13 00 00 00  01 05 00 49 13 00 00 02  |...I.......I....|
0000aa10  24 00 0b 0b 3e 0b 03 0e  00 00 03 34 00 03 08 3a  |$...>......4...:|
0000aa20  21 01 3b 0b 39 0b 49 13  02 18 00 00 04 0f 00 0b  |!.;.9.I.........|
0000aa30  21 04 49 13 00 00 05 2e  01 3f 19 03 0e 3a 0b 3b  |!.I......?...:.;|
0000aa40  0b 39 21 05 27 19 49 13  3c 19 01 13 00 00 06 16  |.9!.'.I.<.......|
0000aa50  00 03 0e 3a 21 02 3b 0b  39 21 20 49 13 00 00 07  |...:!.;.9! I....|
0000aa60  2e 01 3f 19 03 0e 3a 0b  3b 0b 39 21 06 27 19 3c  |..?...:.;.9!.'.<|
0000aa70  19 01 13 00 00 08 34 00  03 0e 3a 21 01 3b 0b 39  |......4...:!.;.9|
0000aa80  0b 49 13 02 18 00 00 09  21 00 49 13 2f 0b 00 00  |.I......!.I./...|
0000aa90  0a 11 01 25 0e 13 0b 03  1f 1b 1f 11 01 12 06 10  |...%............|
0000aaa0  17 00 00 0b 26 00 49 13  00 00 0c 24 00 0b 0b 3e  |....&.I....$...>|
0000aab0  0b 03 08 00 00 0d 26 00  00 00 0e 2e 01 3f 19 03  |......&......?..|
0000aac0  0e 3a 0b 3b 05 39 0b 27  19 49 13 3c 19 01 13 00  |.:.;.9.'.I.<....|
0000aad0  00 0f 2e 00 3f 19 03 0e  3a 0b 3b 0b 39 0b 27 19  |....?...:.;.9.'.|
0000aae0  49 13 3c 19 00 00 10 18  00 00 00 11 2e 01 3f 19  |I.<...........?.|
0000aaf0  03 0e 3a 0b 3b 0b 39 0b  27 19 49 13 11 01 12 06  |..:.;.9.'.I.....|
0000ab00  40 18 7c 19 01 13 00 00  12 05 00 03 0e 3a 0b 3b  |@.|..........:.;|
0000ab10  0b 39 0b 49 13 02 18 00  00 13 0b 01 11 01 12 06  |.9.I............|
0000ab20  01 13 00 00 14 0b 01 11  01 12 06 00 00 15 01 01  |................|
0000ab30  49 13 01 13 00 00 16 01  01 49 13 00 00 00 01 05  |I........I......|
0000ab40  00 49 13 00 00 02 24 00  0b 0b 3e 0b 03 0e 00 00  |.I....$...>.....|
0000ab50  03 0f 00 0b 21 04 49 13  00 00 04 2e 01 3f 19 03  |....!.I......?..|
0000ab60  0e 3a 21 03 3b 0b 39 21  05 27 19 49 13 3c 19 01  |.:!.;.9!.'.I.<..|
0000ab70  13 00 00 05 34 00 03 08  3a 21 01 3b 0b 39 0b 49  |....4...:!.;.9.I|
0000ab80  13 02 18 00 00 06 16 00  03 0e 3a 21 02 3b 0b 39  |..........:!.;.9|
0000ab90  21 20 49 13 00 00 07 2e  01 3f 19 03 0e 3a 0b 3b  |! I......?...:.;|
0000aba0  0b 39 21 06 27 19 3c 19  01 13 00 00 08 34 00 03  |.9!.'.<......4..|
0000abb0  0e 3a 21 01 3b 21 13 39  21 02 49 13 02 18 00 00  |.:!.;!.9!.I.....|
0000abc0  09 21 00 49 13 2f 0b 00  00 0a 11 01 25 0e 13 0b  |.!.I./......%...|
0000abd0  03 1f 1b 1f 11 01 12 06  10 17 00 00 0b 26 00 49  |.............&.I|
0000abe0  13 00 00 0c 24 00 0b 0b  3e 0b 03 08 00 00 0d 2e  |....$...>.......|
0000abf0  00 3f 19 03 0e 3a 0b 3b  0b 39 0b 27 19 3c 19 00  |.?...:.;.9.'.<..|
0000ac00  00 0e 26 00 00 00 0f 18  00 00 00 10 2e 01 3f 19  |..&...........?.|
0000ac10  03 0e 3a 0b 3b 0b 39 0b  27 19 49 13 11 01 12 06  |..:.;.9.'.I.....|
0000ac20  40 18 7c 19 01 13 00 00  11 05 00 03 0e 3a 0b 3b  |@.|..........:.;|
0000ac30  0b 39 0b 49 13 02 18 00  00 12 0b 01 11 01 12 06  |.9.I............|
0000ac40  00 00 13 01 01 49 13 01  13 00 00 14 01 01 49 13  |.....I........I.|
0000ac50  00 00 00 01 05 00 49 13  00 00 02 24 00 0b 0b 3e  |......I....$...>|
0000ac60  0b 03 0e 00 00 03 34 00  03 08 3a 21 01 3b 0b 39  |......4...:!.;.9|
0000ac70  0b 49 13 02 18 00 00 04  16 00 03 0e 3a 21 02 3b  |.I..........:!.;|
0000ac80  0b 39 21 20 49 13 00 00  05 28 00 03 0e 1c 0b 00  |.9! I....(......|
0000ac90  00 06 2e 01 3f 19 03 0e  3a 0b 3b 0b 39 0b 27 19  |....?...:.;.9.'.|
0000aca0  49 13 3c 19 01 13 00 00  07 0f 00 0b 21 04 49 13  |I.<.........!.I.|
0000acb0  00 00 08 2e 01 3f 19 03  0e 3a 0b 3b 0b 39 21 06  |.....?...:.;.9!.|
0000acc0  27 19 3c 19 01 13 00 00  09 34 00 03 0e 3a 21 01  |'.<......4...:!.|
0000acd0  3b 0b 39 0b 49 13 02 18  00 00 0a 21 00 49 13 2f  |;.9.I......!.I./|
0000ace0  0b 00 00 0b 11 01 25 0e  13 0b 03 1f 1b 1f 11 01  |......%.........|
0000acf0  12 06 10 17 00 00 0c 26  00 49 13 00 00 0d 24 00  |.......&.I....$.|
0000ad00  0b 0b 3e 0b 03 08 00 00  0e 04 01 03 0e 3e 0b 0b  |..>..........>..|
0000ad10  0b 49 13 3a 0b 3b 0b 39  0b 01 13 00 00 0f 2e 01  |.I.:.;.9........|
0000ad20  3f 19 03 0e 3a 0b 3b 05  39 0b 27 19 49 13 3c 19  |?...:.;.9.'.I.<.|
0000ad30  01 13 00 00 10 2e 00 3f  19 03 0e 3a 0b 3b 0b 39  |.......?...:.;.9|
0000ad40  0b 27 19 49 13 3c 19 00  00 11 18 00 00 00 12 2e  |.'.I.<..........|
0000ad50  01 3f 19 03 0e 3a 0b 3b  0b 39 0b 27 19 49 13 11  |.?...:.;.9.'.I..|
0000ad60  01 12 06 40 18 7c 19 01  13 00 00 13 05 00 03 0e  |...@.|..........|
0000ad70  3a 0b 3b 0b 39 0b 49 13  02 18 00 00 14 0a 00 03  |:.;.9.I.........|
0000ad80  0e 3a 0b 3b 0b 39 0b 11  01 00 00 15 0b 01 11 01  |.:.;.9..........|
0000ad90  12 06 01 13 00 00 16 0b  01 11 01 12 06 00 00 17  |................|
0000ada0  01 01 49 13 01 13 00 00  18 01 01 49 13 00 00 00  |..I........I....|
0000adb0  01 05 00 49 13 00 00 02  24 00 0b 0b 3e 0b 03 0e  |...I....$...>...|
0000adc0  00 00 03 0f 00 0b 21 04  49 13 00 00 04 2e 01 3f  |......!.I......?|
0000add0  19 03 0e 3a 0b 3b 0b 39  21 05 27 19 49 13 3c 19  |...:.;.9!.'.I.<.|
0000ade0  01 13 00 00 05 34 00 03  08 3a 21 01 3b 0b 39 0b  |.....4...:!.;.9.|
0000adf0  49 13 02 18 00 00 06 34  00 03 0e 3a 21 01 3b 0b  |I......4...:!.;.|
0000ae00  39 0b 49 13 02 18 00 00  07 2e 01 3f 19 03 0e 3a  |9.I........?...:|
0000ae10  0b 3b 0b 39 21 06 27 19  3c 19 01 13 00 00 08 21  |.;.9!.'.<......!|
0000ae20  00 49 13 2f 0b 00 00 09  11 01 25 0e 13 0b 03 1f  |.I./......%.....|
0000ae30  1b 1f 11 01 12 06 10 17  00 00 0a 26 00 49 13 00  |...........&.I..|
0000ae40  00 0b 24 00 0b 0b 3e 0b  03 08 00 00 0c 16 00 03  |..$...>.........|
0000ae50  0e 3a 0b 3b 0b 39 0b 49  13 00 00 0d 26 00 00 00  |.:.;.9.I....&...|
0000ae60  0e 18 00 00 00 0f 2e 01  3f 19 03 0e 3a 0b 3b 0b  |........?...:.;.|
0000ae70  39 0b 27 19 49 13 11 01  12 06 40 18 7c 19 01 13  |9.'.I.....@.|...|
0000ae80  00 00 10 05 00 03 0e 3a  0b 3b 0b 39 0b 49 13 02  |.......:.;.9.I..|
0000ae90  18 00 00 11 0b 01 11 01  12 06 00 00 12 01 01 49  |...............I|
0000aea0  13 01 13 00 00 13 01 01  49 13 00 00 00 01 05 00  |........I.......|
0000aeb0  49 13 00 00 02 34 00 03  0e 3a 21 01 3b 0b 39 0b  |I....4...:!.;.9.|
0000aec0  49 13 02 18 00 00 03 34  00 03 08 3a 21 01 3b 0b  |I......4...:!.;.|
0000aed0  39 0b 49 13 02 18 00 00  04 24 00 0b 0b 3e 0b 03  |9.I......$...>..|
0000aee0  0e 00 00 05 2e 01 3f 19  03 0e 3a 0b 3b 0b 39 0b  |......?...:.;.9.|
0000aef0  27 19 49 13 3c 19 01 13  00 00 06 0f 00 0b 21 04  |'.I.<.........!.|
0000af00  49 13 00 00 07 16 00 03  0e 3a 21 02 3b 0b 39 21  |I........:!.;.9!|
0000af10  20 49 13 00 00 08 21 00  49 13 2f 0b 00 00 09 2e  | I....!.I./.....|
0000af20  01 3f 19 03 0e 3a 0b 3b  0b 39 21 06 27 19 3c 19  |.?...:.;.9!.'.<.|
0000af30  01 13 00 00 0a 0b 01 11  01 12 06 00 00 0b 01 01  |................|
0000af40  49 13 01 13 00 00 0c 0b  01 11 01 12 06 01 13 00  |I...............|
0000af50  00 0d 11 01 25 0e 13 0b  03 1f 1b 1f 11 01 12 06  |....%...........|
0000af60  10 17 00 00 0e 26 00 49  13 00 00 0f 24 00 0b 0b  |.....&.I....$...|
0000af70  3e 0b 03 08 00 00 10 2e  01 3f 19 03 0e 3a 0b 3b  |>........?...:.;|
0000af80  05 39 0b 27 19 49 13 3c  19 01 13 00 00 11 26 00  |.9.'.I.<......&.|
0000af90  00 00 12 18 00 00 00 13  2e 01 3f 19 03 0e 3a 0b  |..........?...:.|
0000afa0  3b 0b 39 0b 27 19 49 13  11 01 12 06 40 18 7c 19  |;.9.'.I.....@.|.|
0000afb0  01 13 00 00 14 05 00 03  0e 3a 0b 3b 0b 39 0b 49  |.........:.;.9.I|
0000afc0  13 02 18 00 00 15 01 01  49 13 00 00 00 01 05 00  |........I.......|
0000afd0  49 13 00 00 02 24 00 0b  0b 3e 0b 03 0e 00 00 03  |I....$...>......|
0000afe0  34 00 03 08 3a 21 01 3b  0b 39 0b 49 13 02 18 00  |4...:!.;.9.I....|
0000aff0  00 04 16 00 03 0e 3a 21  02 3b 0b 39 21 20 49 13  |......:!.;.9! I.|
0000b000  00 00 05 0f 00 0b 21 04  49 13 00 00 06 2e 01 3f  |......!.I......?|
0000b010  19 03 0e 3a 0b 3b 0b 39  21 05 27 19 49 13 3c 19  |...:.;.9!.'.I.<.|
0000b020  01 13 00 00 07 2e 01 3f  19 03 0e 3a 0b 3b 0b 39  |.......?...:.;.9|
0000b030  21 06 27 19 3c 19 01 13  00 00 08 34 00 03 0e 3a  |!.'.<......4...:|
0000b040  21 01 3b 0b 39 0b 49 13  02 18 00 00 09 2e 00 3f  |!.;.9.I........?|
0000b050  19 03 0e 3a 21 03 3b 0b  39 0b 27 19 49 13 3c 19  |...:!.;.9.'.I.<.|
0000b060  00 00 0a 21 00 49 13 2f  0b 00 00 0b 11 01 25 0e  |...!.I./......%.|
0000b070  13 0b 03 1f 1b 1f 11 01  12 06 10 17 00 00 0c 26  |...............&|
0000b080  00 49 13 00 00 0d 24 00  0b 0b 3e 0b 03 08 00 00  |.I....$...>.....|
0000b090  0e 26 00 00 00 0f 2e 01  3f 19 03 0e 3a 0b 3b 05  |.&......?...:.;.|
0000b0a0  39 0b 27 19 49 13 3c 19  01 13 00 00 10 18 00 00  |9.'.I.<.........|
0000b0b0  00 11 2e 01 3f 19 03 0e  3a 0b 3b 0b 39 0b 27 19  |....?...:.;.9.'.|
0000b0c0  49 13 11 01 12 06 40 18  7c 19 01 13 00 00 12 05  |I.....@.|.......|
0000b0d0  00 03 0e 3a 0b 3b 0b 39  0b 49 13 02 18 00 00 13  |...:.;.9.I......|
0000b0e0  0b 01 11 01 12 06 01 13  00 00 14 0b 01 11 01 12  |................|
0000b0f0  06 00 00 15 01 01 49 13  01 13 00 00 16 01 01 49  |......I........I|
0000b100  13 00 00 00 01 05 00 49  13 00 00 02 24 00 0b 0b  |.......I....$...|
0000b110  3e 0b 03 0e 00 00 03 34  00 03 08 3a 21 01 3b 0b  |>......4...:!.;.|
0000b120  39 0b 49 13 02 18 00 00  04 34 00 03 0e 3a 21 01  |9.I......4...:!.|
0000b130  3b 0b 39 0b 49 13 02 18  00 00 05 0f 00 0b 21 04  |;.9.I.........!.|
0000b140  49 13 00 00 06 2e 01 3f  19 03 0e 3a 0b 3b 0b 39  |I......?...:.;.9|
0000b150  21 05 27 19 49 13 3c 19  01 13 00 00 07 16 00 03  |!.'.I.<.........|
0000b160  0e 3a 21 02 3b 0b 39 21  20 49 13 00 00 08 2e 01  |.:!.;.9! I......|
0000b170  3f 19 03 0e 3a 0b 3b 0b  39 21 06 27 19 3c 19 01  |?...:.;.9!.'.<..|
0000b180  13 00 00 09 0b 01 11 01  12 06 00 00 0a 21 00 49  |.............!.I|
0000b190  13 2f 0b 00 00 0b 11 01  25 0e 13 0b 03 1f 1b 1f  |./......%.......|
0000b1a0  11 01 12 06 10 17 00 00  0c 26 00 49 13 00 00 0d  |.........&.I....|
0000b1b0  24 00 0b 0b 3e 0b 03 08  00 00 0e 2e 01 3f 19 03  |$...>........?..|
0000b1c0  0e 3a 0b 3b 05 39 0b 27  19 49 13 3c 19 01 13 00  |.:.;.9.'.I.<....|
0000b1d0  00 0f 2e 00 3f 19 03 0e  3a 0b 3b 0b 39 0b 27 19  |....?...:.;.9.'.|
0000b1e0  49 13 3c 19 00 00 10 18  00 00 00 11 2e 01 3f 19  |I.<...........?.|
0000b1f0  03 0e 3a 0b 3b 0b 39 0b  27 19 49 13 11 01 12 06  |..:.;.9.'.I.....|
0000b200  40 18 7c 19 01 13 00 00  12 05 00 03 0e 3a 0b 3b  |@.|..........:.;|
0000b210  0b 39 0b 49 13 02 18 00  00 13 0b 01 11 01 12 06  |.9.I............|
0000b220  01 13 00 00 14 01 01 49  13 01 13 00 00 15 01 01  |.......I........|
0000b230  49 13 00 00 00 01 05 00  49 13 00 00 02 24 00 0b  |I.......I....$..|
0000b240  0b 3e 0b 03 0e 00 00 03  34 00 03 08 3a 21 01 3b  |.>......4...:!.;|
0000b250  0b 39 0b 49 13 02 18 00  00 04 34 00 03 0e 3a 21  |.9.I......4...:!|
0000b260  01 3b 0b 39 0b 49 13 02  18 00 00 05 16 00 03 0e  |.;.9.I..........|
0000b270  3a 21 02 3b 0b 39 21 20  49 13 00 00 06 0f 00 0b  |:!.;.9! I.......|
0000b280  21 04 49 13 00 00 07 2e  01 3f 19 03 0e 3a 0b 3b  |!.I......?...:.;|
0000b290  0b 39 21 06 27 19 3c 19  01 13 00 00 08 2e 01 3f  |.9!.'.<........?|
0000b2a0  19 03 0e 3a 0b 3b 0b 39  21 05 27 19 49 13 3c 19  |...:.;.9!.'.I.<.|
0000b2b0  01 13 00 00 09 0b 01 11  01 12 06 00 00 0a 21 00  |..............!.|
0000b2c0  49 13 2f 0b 00 00 0b 11  01 25 0e 13 0b 03 1f 1b  |I./......%......|
0000b2d0  1f 11 01 12 06 10 17 00  00 0c 26 00 49 13 00 00  |..........&.I...|
0000b2e0  0d 24 00 0b 0b 3e 0b 03  08 00 00 0e 2e 01 3f 19  |.$...>........?.|
0000b2f0  03 0e 3a 0b 3b 05 39 0b  27 19 49 13 3c 19 01 13  |..:.;.9.'.I.<...|
0000b300  00 00 0f 2e 00 3f 19 03  0e 3a 0b 3b 0b 39 0b 27  |.....?...:.;.9.'|
0000b310  19 49 13 3c 19 00 00 10  18 00 00 00 11 2e 01 3f  |.I.<...........?|
0000b320  19 03 0e 3a 0b 3b 0b 39  0b 27 19 49 13 11 01 12  |...:.;.9.'.I....|
0000b330  06 40 18 7c 19 01 13 00  00 12 05 00 03 0e 3a 0b  |.@.|..........:.|
0000b340  3b 0b 39 0b 49 13 02 18  00 00 13 0b 01 11 01 12  |;.9.I...........|
0000b350  06 01 13 00 00 14 01 01  49 13 01 13 00 00 15 01  |........I.......|
0000b360  01 49 13 00 00 00 01 05  00 49 13 00 00 02 24 00  |.I.......I....$.|
0000b370  0b 0b 3e 0b 03 0e 00 00  03 34 00 03 08 3a 21 01  |..>......4...:!.|
0000b380  3b 0b 39 0b 49 13 02 18  00 00 04 34 00 03 0e 3a  |;.9.I......4...:|
0000b390  21 01 3b 0b 39 0b 49 13  02 18 00 00 05 16 00 03  |!.;.9.I.........|
0000b3a0  0e 3a 21 02 3b 0b 39 21  20 49 13 00 00 06 0f 00  |.:!.;.9! I......|
0000b3b0  0b 21 04 49 13 00 00 07  2e 01 3f 19 03 0e 3a 0b  |.!.I......?...:.|
0000b3c0  3b 0b 39 21 06 27 19 3c  19 01 13 00 00 08 2e 01  |;.9!.'.<........|
0000b3d0  3f 19 03 0e 3a 0b 3b 0b  39 21 05 27 19 49 13 3c  |?...:.;.9!.'.I.<|
0000b3e0  19 01 13 00 00 09 0b 01  11 01 12 06 00 00 0a 21  |...............!|
0000b3f0  00 49 13 2f 0b 00 00 0b  11 01 25 0e 13 0b 03 1f  |.I./......%.....|
0000b400  1b 1f 11 01 12 06 10 17  00 00 0c 26 00 49 13 00  |...........&.I..|
0000b410  00 0d 24 00 0b 0b 3e 0b  03 08 00 00 0e 2e 01 3f  |..$...>........?|
0000b420  19 03 0e 3a 0b 3b 05 39  0b 27 19 49 13 3c 19 01  |...:.;.9.'.I.<..|
0000b430  13 00 00 0f 2e 00 3f 19  03 0e 3a 0b 3b 0b 39 0b  |......?...:.;.9.|
0000b440  27 19 49 13 3c 19 00 00  10 18 00 00 00 11 2e 01  |'.I.<...........|
0000b450  3f 19 03 0e 3a 0b 3b 0b  39 0b 27 19 49 13 11 01  |?...:.;.9.'.I...|
0000b460  12 06 40 18 7c 19 01 13  00 00 12 05 00 03 0e 3a  |..@.|..........:|
0000b470  0b 3b 0b 39 0b 49 13 02  18 00 00 13 0b 01 11 01  |.;.9.I..........|
0000b480  12 06 01 13 00 00 14 01  01 49 13 01 13 00 00 15  |.........I......|
0000b490  01 01 49 13 00 00 00 01  05 00 49 13 00 00 02 34  |..I.......I....4|
0000b4a0  00 03 08 3a 21 01 3b 0b  39 0b 49 13 02 18 00 00  |...:!.;.9.I.....|
0000b4b0  03 24 00 0b 0b 3e 0b 03  0e 00 00 04 05 00 03 08  |.$...>..........|
0000b4c0  3a 21 01 3b 0b 39 0b 49  13 02 18 00 00 05 05 00  |:!.;.9.I........|
0000b4d0  03 0e 3a 21 01 3b 0b 39  0b 49 13 02 18 00 00 06  |..:!.;.9.I......|
0000b4e0  16 00 03 0e 3a 21 02 3b  0b 39 21 20 49 13 00 00  |....:!.;.9! I...|
0000b4f0  07 2e 01 3f 19 03 0e 3a  21 01 3b 0b 39 0b 27 19  |...?...:!.;.9.'.|
0000b500  49 13 11 01 12 06 40 18  7c 19 01 13 00 00 08 28  |I.....@.|......(|
0000b510  00 03 0e 1c 0b 00 00 09  0f 00 0b 21 04 49 13 00  |...........!.I..|
0000b520  00 0a 01 01 49 13 01 13  00 00 0b 2e 01 3f 19 03  |....I........?..|
0000b530  0e 3a 0b 3b 0b 39 0b 27  19 49 13 3c 19 01 13 00  |.:.;.9.'.I.<....|
0000b540  00 0c 2e 01 3f 19 03 0e  3a 0b 3b 0b 39 21 06 27  |....?...:.;.9!.'|
0000b550  19 3c 19 01 13 00 00 0d  26 00 49 13 00 00 0e 2e  |.<......&.I.....|
0000b560  01 3f 19 03 0e 3a 21 01  3b 0b 39 21 05 27 19 49  |.?...:!.;.9!.'.I|
0000b570  13 11 01 12 06 40 18 7a  19 01 13 00 00 0f 11 01  |.....@.z........|
0000b580  25 0e 13 0b 03 1f 1b 1f  11 01 12 06 10 17 00 00  |%...............|
0000b590  10 24 00 0b 0b 3e 0b 03  08 00 00 11 04 01 03 0e  |.$...>..........|
0000b5a0  3e 0b 0b 0b 49 13 3a 0b  3b 0b 39 0b 01 13 00 00  |>...I.:.;.9.....|
0000b5b0  12 21 00 00 00 13 34 00  03 0e 3a 0b 3b 0b 39 0b  |.!....4...:.;.9.|
0000b5c0  49 13 3f 19 3c 19 00 00  14 26 00 00 00 15 18 00  |I.?.<....&......|
0000b5d0  00 00 16 2e 00 3f 19 03  0e 3a 0b 3b 0b 39 0b 27  |.....?...:.;.9.'|
0000b5e0  19 49 13 3c 19 00 00 17  2e 01 3f 19 03 0e 3a 0b  |.I.<......?...:.|
0000b5f0  3b 05 39 0b 27 19 49 13  11 01 12 06 40 18 7c 19  |;.9.'.I.....@.|.|
0000b600  01 13 00 00 18 05 00 03  08 3a 0b 3b 05 39 0b 49  |.........:.;.9.I|
0000b610  13 02 18 00 00 19 05 00  03 0e 3a 0b 3b 05 39 0b  |..........:.;.9.|
0000b620  49 13 02 18 00 00 1a 34  00 03 0e 3a 0b 3b 0b 39  |I......4...:.;.9|
0000b630  0b 49 13 02 18 00 00 1b  21 00 49 13 2f 05 00 00  |.I......!.I./...|
0000b640  1c 21 00 49 13 2f 0b 00  00 1d 0b 01 11 01 12 06  |.!.I./..........|
0000b650  00 00 00 01 11 00 10 17  11 01 12 0f 03 0e 1b 0e  |................|
0000b660  25 0e 13 05 00 00 00 01  24 00 0b 0b 3e 0b 03 0e  |%.......$...>...|
0000b670  00 00 02 26 00 49 13 00  00 03 01 01 49 13 01 13  |...&.I......I...|
0000b680  00 00 04 0b 01 11 01 12  06 00 00 05 34 00 03 08  |............4...|
0000b690  3a 21 01 3b 0b 39 0b 49  13 02 18 00 00 06 11 01  |:!.;.9.I........|
0000b6a0  25 0e 13 0b 03 1f 1b 1f  11 01 12 06 10 17 00 00  |%...............|
0000b6b0  07 24 00 0b 0b 3e 0b 03  08 00 00 08 16 00 03 0e  |.$...>..........|
0000b6c0  3a 0b 3b 0b 39 0b 49 13  00 00 09 0f 00 0b 0b 49  |:.;.9.I........I|
0000b6d0  13 00 00 0a 21 00 00 00  0b 34 00 03 0e 3a 0b 3b  |....!....4...:.;|
0000b6e0  0b 39 0b 49 13 3f 19 3c  19 00 00 0c 21 00 49 13  |.9.I.?.<....!.I.|
0000b6f0  2f 0b 00 00 0d 34 00 47  13 3a 0b 3b 0b 39 0b 49  |/....4.G.:.;.9.I|
0000b700  13 02 18 00 00 0e 2e 01  3f 19 03 0e 3a 0b 3b 0b  |........?...:.;.|
0000b710  39 0b 27 19 49 13 11 01  12 06 40 18 7a 19 00 00  |9.'.I.....@.z...|
0000b720  0f 05 00 03 08 3a 0b 3b  0b 39 0b 49 13 02 18 00  |.....:.;.9.I....|
0000b730  00 10 05 00 03 0e 3a 0b  3b 0b 39 0b 49 13 02 18  |......:.;.9.I...|
0000b740  00 00 11 34 00 03 0e 3a  0b 3b 0b 39 0b 49 13 02  |...4...:.;.9.I..|
0000b750  18 00 00 00 01 05 00 49  13 00 00 02 24 00 0b 0b  |.......I....$...|
0000b760  3e 0b 03 0e 00 00 03 34  00 03 08 3a 21 01 3b 0b  |>......4...:!.;.|
0000b770  39 0b 49 13 02 18 00 00  04 2e 01 3f 19 03 0e 3a  |9.I........?...:|
0000b780  21 03 3b 05 39 21 05 27  19 49 13 3c 19 01 13 00  |!.;.9!.'.I.<....|
0000b790  00 05 34 00 03 0e 3a 21  01 3b 0b 39 21 06 49 13  |..4...:!.;.9!.I.|
0000b7a0  02 18 00 00 06 16 00 03  0e 3a 21 02 3b 0b 39 21  |.........:!.;.9!|
0000b7b0  20 49 13 00 00 07 0f 00  0b 21 04 49 13 00 00 08  | I.......!.I....|
0000b7c0  05 00 03 08 3a 21 01 3b  21 1f 39 0b 49 13 02 18  |....:!.;!.9.I...|
0000b7d0  00 00 09 11 01 25 0e 13  0b 03 1f 1b 1f 11 01 12  |.....%..........|
0000b7e0  06 10 17 00 00 0a 24 00  0b 0b 3e 0b 03 08 00 00  |......$...>.....|
0000b7f0  0b 2e 01 3f 19 03 0e 3a  0b 3b 0b 39 0b 27 19 49  |...?...:.;.9.'.I|
0000b800  13 3c 19 01 13 00 00 0c  2e 01 3f 19 03 0e 3a 0b  |.<........?...:.|
0000b810  3b 0b 39 0b 27 19 11 01  12 06 40 18 7c 19 01 13  |;.9.'.....@.|...|
0000b820  00 00 0d 18 00 00 00 0e  01 01 49 13 00 00 0f 21  |..........I....!|
0000b830  00 49 13 2f 0b 00 00 00  01 24 00 0b 0b 3e 0b 03  |.I./.....$...>..|
0000b840  0e 00 00 02 34 00 03 08  3a 21 01 3b 0b 39 0b 49  |....4...:!.;.9.I|
0000b850  13 02 18 00 00 03 26 00  49 13 00 00 04 0f 00 0b  |......&.I.......|
0000b860  21 04 49 13 00 00 05 05  00 49 13 00 00 06 34 00  |!.I......I....4.|
0000b870  03 0e 3a 21 01 3b 0b 39  0b 49 13 02 18 00 00 07  |..:!.;.9.I......|
0000b880  11 01 25 0e 13 0b 03 1f  1b 1f 11 01 12 06 10 17  |..%.............|
0000b890  00 00 08 24 00 0b 0b 3e  0b 03 08 00 00 09 01 01  |...$...>........|
0000b8a0  49 13 01 13 00 00 0a 21  00 00 00 0b 34 00 03 0e  |I......!....4...|
0000b8b0  3a 0b 3b 0b 39 0b 49 13  3f 19 3c 19 00 00 0c 2e  |:.;.9.I.?.<.....|
0000b8c0  01 3f 19 03 0e 3a 0b 3b  0b 39 0b 27 19 49 13 3c  |.?...:.;.9.'.I.<|
0000b8d0  19 01 13 00 00 0d 2e 01  3f 19 03 0e 3a 0b 3b 0b  |........?...:.;.|
0000b8e0  39 0b 27 19 49 13 11 01  12 06 40 18 7c 19 00 00  |9.'.I.....@.|...|
0000b8f0  0e 05 00 03 08 3a 0b 3b  0b 39 0b 49 13 02 18 00  |.....:.;.9.I....|
0000b900  00 0f 05 00 03 0e 3a 0b  3b 0b 39 0b 49 13 02 18  |......:.;.9.I...|
0000b910  00 00 10 34 00 03 0e 3a  0b 3b 0b 39 0b 49 13 00  |...4...:.;.9.I..|
0000b920  00 11 0b 01 55 17 00 00  00 01 24 00 0b 0b 3e 0b  |....U.....$...>.|
0000b930  03 0e 00 00 02 05 00 03  08 3a 21 01 3b 0b 39 0b  |.........:!.;.9.|
0000b940  49 13 02 18 00 00 03 0f  00 0b 21 04 49 13 00 00  |I.........!.I...|
0000b950  04 11 01 25 0e 13 0b 03  1f 1b 1f 11 01 12 06 10  |...%............|
0000b960  17 00 00 05 26 00 49 13  00 00 06 24 00 0b 0b 3e  |....&.I....$...>|
0000b970  0b 03 08 00 00 07 16 00  03 0e 3a 0b 3b 0b 39 0b  |..........:.;.9.|
0000b980  49 13 00 00 08 2e 01 3f  19 03 0e 3a 0b 3b 0b 39  |I......?...:.;.9|
0000b990  0b 27 19 49 13 3c 19 01  13 00 00 09 05 00 49 13  |.'.I.<........I.|
0000b9a0  00 00 0a 2e 01 3f 19 03  0e 3a 0b 3b 0b 39 0b 27  |.....?...:.;.9.'|
0000b9b0  19 49 13 11 01 12 06 40  18 7c 19 01 13 00 00 0b  |.I.....@.|......|
0000b9c0  34 00 03 08 3a 0b 3b 0b  39 0b 49 13 02 18 00 00  |4...:.;.9.I.....|
0000b9d0  0c 2e 01 3f 19 03 0e 3a  0b 3b 0b 39 0b 27 19 49  |...?...:.;.9.'.I|
0000b9e0  13 11 01 12 06 40 18 7a  19 00 00 00 01 24 00 0b  |.....@.z.....$..|
0000b9f0  0b 3e 0b 03 0e 00 00 02  11 01 25 0e 13 0b 03 1f  |.>........%.....|
0000ba00  1b 1f 11 01 12 06 10 17  00 00 03 26 00 49 13 00  |...........&.I..|
0000ba10  00 04 24 00 0b 0b 3e 0b  03 08 00 00 05 16 00 03  |..$...>.........|
0000ba20  0e 3a 0b 3b 0b 39 0b 49  13 00 00 06 2e 01 3f 19  |.:.;.9.I......?.|
0000ba30  03 0e 3a 0b 3b 0b 39 0b  27 19 49 13 11 01 12 06  |..:.;.9.'.I.....|
0000ba40  40 18 7a 19 01 13 00 00  07 05 00 03 08 3a 0b 3b  |@.z..........:.;|
0000ba50  0b 39 0b 49 13 02 18 00  00 08 34 00 03 08 3a 0b  |.9.I......4...:.|
0000ba60  3b 0b 39 0b 49 13 02 18  00 00 09 0f 00 0b 0b 49  |;.9.I..........I|
0000ba70  13 00 00 00 01 24 00 0b  0b 3e 0b 03 0e 00 00 02  |.....$...>......|
0000ba80  05 00 49 13 00 00 03 11  01 25 0e 13 0b 03 1f 1b  |..I......%......|
0000ba90  1f 11 01 12 06 10 17 00  00 04 16 00 03 0e 3a 0b  |..............:.|
0000baa0  3b 0b 39 0b 49 13 00 00  05 24 00 0b 0b 3e 0b 03  |;.9.I....$...>..|
0000bab0  08 00 00 06 0f 00 0b 0b  49 13 00 00 07 2e 01 3f  |........I......?|
0000bac0  19 03 0e 3a 0b 3b 05 39  0b 27 19 49 13 3c 19 01  |...:.;.9.'.I.<..|
0000bad0  13 00 00 08 2e 01 3f 19  03 0e 3a 0b 3b 0b 39 0b  |......?...:.;.9.|
0000bae0  27 19 49 13 11 01 12 06  40 18 7c 19 00 00 09 05  |'.I.....@.|.....|
0000baf0  00 03 08 3a 0b 3b 0b 39  0b 49 13 02 18 00 00 0a  |...:.;.9.I......|
0000bb00  05 00 03 0e 3a 0b 3b 0b  39 0b 49 13 02 18 00 00  |....:.;.9.I.....|
0000bb10  0b 34 00 03 08 3a 0b 3b  0b 39 0b 49 13 02 18 00  |.4...:.;.9.I....|
0000bb20  00 00 01 24 00 0b 0b 3e  0b 03 0e 00 00 02 11 01  |...$...>........|
0000bb30  25 0e 13 0b 03 1f 1b 1f  11 01 12 06 10 17 00 00  |%...............|
0000bb40  03 24 00 0b 0b 3e 0b 03  08 00 00 04 0f 00 0b 0b  |.$...>..........|
0000bb50  49 13 00 00 05 2e 01 3f  19 03 0e 3a 0b 3b 0b 39  |I......?...:.;.9|
0000bb60  0b 27 19 49 13 11 01 12  06 40 18 7c 19 00 00 06  |.'.I.....@.|....|
0000bb70  05 00 03 08 3a 0b 3b 0b  39 0b 49 13 02 18 00 00  |....:.;.9.I.....|
0000bb80  07 05 00 03 0e 3a 0b 3b  0b 39 0b 49 13 02 18 00  |.....:.;.9.I....|
0000bb90  00 08 34 00 03 0e 3a 0b  3b 0b 39 0b 49 13 02 18  |..4...:.;.9.I...|
0000bba0  00 00 00 01 24 00 0b 0b  3e 0b 03 0e 00 00 02 34  |....$...>......4|
0000bbb0  00 03 08 3a 21 01 3b 0b  39 0b 49 13 02 18 00 00  |...:!.;.9.I.....|
0000bbc0  03 11 01 25 0e 13 0b 03  1f 1b 1f 11 01 12 06 10  |...%............|
0000bbd0  17 00 00 04 24 00 0b 0b  3e 0b 03 08 00 00 05 16  |....$...>.......|
0000bbe0  00 03 0e 3a 0b 3b 0b 39  0b 49 13 00 00 06 0f 00  |...:.;.9.I......|
0000bbf0  0b 0b 49 13 00 00 07 2e  01 3f 19 03 0e 3a 0b 3b  |..I......?...:.;|
0000bc00  0b 39 0b 27 19 49 13 11  01 12 06 40 18 7a 19 00  |.9.'.I.....@.z..|
0000bc10  00 08 05 00 03 08 3a 0b  3b 0b 39 0b 49 13 02 18  |......:.;.9.I...|
0000bc20  00 00 09 05 00 03 0e 3a  0b 3b 0b 39 0b 49 13 02  |.......:.;.9.I..|
0000bc30  18 00 00 0a 34 00 03 0e  3a 0b 3b 0b 39 0b 49 13  |....4...:.;.9.I.|
0000bc40  02 18 00 00 00 01 24 00  0b 0b 3e 0b 03 0e 00 00  |......$...>.....|
0000bc50  02 05 00 49 13 00 00 03  11 01 25 0e 13 0b 03 1f  |...I......%.....|
0000bc60  1b 1f 11 01 12 06 10 17  00 00 04 24 00 0b 0b 3e  |...........$...>|
0000bc70  0b 03 08 00 00 05 16 00  03 0e 3a 0b 3b 0b 39 0b  |..........:.;.9.|
0000bc80  49 13 00 00 06 0f 00 0b  0b 49 13 00 00 07 2e 01  |I........I......|
0000bc90  3f 19 03 0e 3a 0b 3b 05  39 0b 27 19 49 13 3c 19  |?...:.;.9.'.I.<.|
0000bca0  01 13 00 00 08 2e 01 3f  19 03 0e 3a 0b 3b 0b 39  |.......?...:.;.9|
0000bcb0  0b 27 19 49 13 11 01 12  06 40 18 7c 19 00 00 09  |.'.I.....@.|....|
0000bcc0  05 00 03 08 3a 0b 3b 0b  39 0b 49 13 02 18 00 00  |....:.;.9.I.....|
0000bcd0  0a 05 00 03 0e 3a 0b 3b  0b 39 0b 49 13 02 18 00  |.....:.;.9.I....|
0000bce0  00 0b 34 00 03 08 3a 0b  3b 0b 39 0b 49 13 02 18  |..4...:.;.9.I...|
0000bcf0  00 00 00 01 24 00 0b 0b  3e 0b 03 0e 00 00 02 05  |....$...>.......|
0000bd00  00 49 13 00 00 03 11 01  25 0e 13 0b 03 1f 1b 1f  |.I......%.......|
0000bd10  11 01 12 06 10 17 00 00  04 24 00 0b 0b 3e 0b 03  |.........$...>..|
0000bd20  08 00 00 05 16 00 03 0e  3a 0b 3b 0b 39 0b 49 13  |........:.;.9.I.|
0000bd30  00 00 06 0f 00 0b 0b 49  13 00 00 07 2e 01 3f 19  |.......I......?.|
0000bd40  03 0e 3a 0b 3b 05 39 0b  27 19 49 13 3c 19 01 13  |..:.;.9.'.I.<...|
0000bd50  00 00 08 2e 01 3f 19 03  0e 3a 0b 3b 0b 39 0b 27  |.....?...:.;.9.'|
0000bd60  19 49 13 11 01 12 06 40  18 7c 19 00 00 09 05 00  |.I.....@.|......|
0000bd70  03 08 3a 0b 3b 0b 39 0b  49 13 02 18 00 00 0a 05  |..:.;.9.I.......|
0000bd80  00 03 0e 3a 0b 3b 0b 39  0b 49 13 02 18 00 00 0b  |...:.;.9.I......|
0000bd90  34 00 03 0e 3a 0b 3b 0b  39 0b 49 13 02 18 00 00  |4...:.;.9.I.....|
0000bda0  00 01 24 00 0b 0b 3e 0b  03 0e 00 00 02 05 00 49  |..$...>........I|
0000bdb0  13 00 00 03 05 00 03 08  3a 21 01 3b 21 1f 39 0b  |........:!.;!.9.|
0000bdc0  49 13 02 18 00 00 04 05  00 03 0e 3a 21 01 3b 0b  |I..........:!.;.|
0000bdd0  39 0b 49 13 02 18 00 00  05 0f 00 0b 21 04 49 13  |9.I.........!.I.|
0000bde0  00 00 06 11 01 25 0e 13  0b 03 1f 1b 1f 11 01 12  |.....%..........|
0000bdf0  06 10 17 00 00 07 26 00  49 13 00 00 08 24 00 0b  |......&.I....$..|
0000be00  0b 3e 0b 03 08 00 00 09  16 00 03 0e 3a 0b 3b 0b  |.>..........:.;.|
0000be10  39 0b 49 13 00 00 0a 2e  01 3f 19 03 08 3a 0b 3b  |9.I......?...:.;|
0000be20  0b 39 0b 27 19 49 13 3c  19 01 13 00 00 0b 2e 01  |.9.'.I.<........|
0000be30  3f 19 03 0e 3a 0b 3b 0b  39 0b 27 19 49 13 3c 19  |?...:.;.9.'.I.<.|
0000be40  01 13 00 00 0c 2e 01 3f  19 03 0e 3a 0b 3b 0b 39  |.......?...:.;.9|
0000be50  0b 27 19 49 13 11 01 12  06 40 18 7c 19 00 00 0d  |.'.I.....@.|....|
0000be60  34 00 03 0e 3a 0b 3b 0b  39 0b 49 13 02 18 00 00  |4...:.;.9.I.....|
0000be70  0e 0b 01 11 01 12 06 00  00 0f 34 00 03 08 3a 0b  |..........4...:.|
0000be80  3b 0b 39 0b 49 13 02 18  00 00 00 01 24 00 0b 0b  |;.9.I.......$...|
0000be90  3e 0b 03 0e 00 00 02 05  00 03 0e 3a 21 01 3b 21  |>..........:!.;!|
0000bea0  1b 39 0b 49 13 02 18 00  00 03 11 01 25 0e 13 0b  |.9.I........%...|
0000beb0  03 1f 1b 1f 11 01 12 06  10 17 00 00 04 24 00 0b  |.............$..|
0000bec0  0b 3e 0b 03 08 00 00 05  0f 00 0b 0b 49 13 00 00  |.>..........I...|
0000bed0  06 2e 01 3f 19 03 08 3a  0b 3b 0b 39 0b 27 19 49  |...?...:.;.9.'.I|
0000bee0  13 11 01 12 06 40 18 7a  19 00 00 07 05 00 03 08  |.....@.z........|
0000bef0  3a 0b 3b 0b 39 0b 49 13  02 18 00 00 00 00 00 00  |:.;.9.I.........|
0000bf00  1c 00 00 00 02 00 00 00  00 00 04 00 00 00 00 00  |................|
0000bf10  08 00 03 00 f3 02 00 00  00 00 00 00 00 00 00 00  |................|
0000bf20  1c 00 00 00 02 00 42 04  00 00 04 00 00 00 00 00  |......B.........|
0000bf30  fb 02 03 00 9f 00 00 00  00 00 00 00 00 00 00 00  |................|
0000bf40  1c 00 00 00 02 00 01 06  00 00 04 00 00 00 00 00  |................|
0000bf50  9a 03 03 00 6a 02 00 00  00 00 00 00 00 00 00 00  |....j...........|
0000bf60  1c 00 00 00 02 00 4b 08  00 00 04 00 00 00 00 00  |......K.........|
0000bf70  04 06 03 00 f8 01 00 00  00 00 00 00 00 00 00 00  |................|
0000bf80  1c 00 00 00 02 00 2d 0a  00 00 04 00 00 00 00 00  |......-.........|
0000bf90  fc 07 03 00 ee 01 00 00  00 00 00 00 00 00 00 00  |................|
0000bfa0  1c 00 00 00 02 00 5f 0c  00 00 04 00 00 00 00 00  |......_.........|
0000bfb0  ea 09 03 00 ef 01 00 00  00 00 00 00 00 00 00 00  |................|
0000bfc0  1c 00 00 00 02 00 c8 0e  00 00 04 00 00 00 00 00  |................|
0000bfd0  d9 0b 03 00 b0 02 00 00  00 00 00 00 00 00 00 00  |................|
0000bfe0  1c 00 00 00 02 00 f9 11  00 00 04 00 00 00 00 00  |................|
0000bff0  89 0e 03 00 bf 01 00 00  00 00 00 00 00 00 00 00  |................|
0000c000  1c 00 00 00 02 00 4e 14  00 00 04 00 00 00 00 00  |......N.........|
0000c010  48 10 03 00 dd 01 00 00  00 00 00 00 00 00 00 00  |H...............|
0000c020  1c 00 00 00 02 00 e9 16  00 00 04 00 00 00 00 00  |................|
0000c030  25 12 03 00 3e 02 00 00  00 00 00 00 00 00 00 00  |%...>...........|
0000c040  1c 00 00 00 02 00 a9 19  00 00 04 00 00 00 00 00  |................|
0000c050  63 14 03 00 e7 01 00 00  00 00 00 00 00 00 00 00  |c...............|
0000c060  1c 00 00 00 02 00 f3 1b  00 00 04 00 00 00 00 00  |................|
0000c070  4a 16 03 00 6f 01 00 00  00 00 00 00 00 00 00 00  |J...o...........|
0000c080  1c 00 00 00 02 00 a2 1d  00 00 04 00 00 00 00 00  |................|
0000c090  b9 17 03 00 75 02 00 00  00 00 00 00 00 00 00 00  |....u...........|
0000c0a0  1c 00 00 00 02 00 31 20  00 00 04 00 00 00 00 00  |......1 ........|
0000c0b0  2e 1a 03 00 b1 01 00 00  00 00 00 00 00 00 00 00  |................|
0000c0c0  1c 00 00 00 02 00 0d 22  00 00 04 00 00 00 00 00  |......."........|
0000c0d0  df 1b 03 00 35 03 00 00  00 00 00 00 00 00 00 00  |....5...........|
0000c0e0  1c 00 00 00 02 00 64 25  00 00 04 00 00 00 00 00  |......d%........|
0000c0f0  14 1f 03 00 39 02 00 00  00 00 00 00 00 00 00 00  |....9...........|
0000c100  1c 00 00 00 02 00 d0 27  00 00 04 00 00 00 00 00  |.......'........|
0000c110  4d 21 03 00 bd 01 00 00  00 00 00 00 00 00 00 00  |M!..............|
0000c120  1c 00 00 00 02 00 e4 29  00 00 04 00 00 00 00 00  |.......)........|
0000c130  0a 23 03 00 c9 01 00 00  00 00 00 00 00 00 00 00  |.#..............|
0000c140  1c 00 00 00 02 00 13 2c  00 00 04 00 00 00 00 00  |.......,........|
0000c150  d3 24 03 00 ec 01 00 00  00 00 00 00 00 00 00 00  |.$..............|
0000c160  1c 00 00 00 02 00 42 2e  00 00 04 00 00 00 00 00  |......B.........|
0000c170  bf 26 03 00 44 03 00 00  00 00 00 00 00 00 00 00  |.&..D...........|
0000c180  1c 00 00 00 02 00 7d 32  00 00 04 00 00 00 00 00  |......}2........|
0000c190  03 2a 03 00 63 00 00 00  00 00 00 00 00 00 00 00  |.*..c...........|
0000c1a0  1c 00 00 00 02 00 a1 32  00 00 04 00 00 00 00 00  |.......2........|
0000c1b0  66 2a 03 00 6b 00 00 00  00 00 00 00 00 00 00 00  |f*..k...........|
0000c1c0  1c 00 00 00 02 00 d3 33  00 00 04 00 00 00 00 00  |.......3........|
0000c1d0  d1 2a 03 00 75 02 00 00  00 00 00 00 00 00 00 00  |.*..u...........|
0000c1e0  1c 00 00 00 02 00 97 35  00 00 04 00 00 00 00 00  |.......5........|
0000c1f0  46 2d 03 00 13 01 00 00  00 00 00 00 00 00 00 00  |F-..............|
0000c200  1c 00 00 00 02 00 cc 36  00 00 04 00 00 00 00 00  |.......6........|
0000c210  59 2e 03 00 87 00 00 00  00 00 00 00 00 00 00 00  |Y...............|
0000c220  1c 00 00 00 02 00 d6 37  00 00 04 00 00 00 00 00  |.......7........|
0000c230  e0 2e 03 00 24 00 00 00  00 00 00 00 00 00 00 00  |....$...........|
0000c240  1c 00 00 00 02 00 8a 38  00 00 04 00 00 00 00 00  |.......8........|
0000c250  04 2f 03 00 43 00 00 00  00 00 00 00 00 00 00 00  |./..C...........|
0000c260  1c 00 00 00 02 00 61 39  00 00 04 00 00 00 00 00  |......a9........|
0000c270  47 2f 03 00 91 00 00 00  00 00 00 00 00 00 00 00  |G/..............|
0000c280  1c 00 00 00 02 00 11 3a  00 00 04 00 00 00 00 00  |.......:........|
0000c290  d8 2f 03 00 86 00 00 00  00 00 00 00 00 00 00 00  |./..............|
0000c2a0  1c 00 00 00 02 00 f4 3a  00 00 04 00 00 00 00 00  |.......:........|
0000c2b0  5e 30 03 00 2e 00 00 00  00 00 00 00 00 00 00 00  |^0..............|
0000c2c0  1c 00 00 00 02 00 cb 3b  00 00 04 00 00 00 00 00  |.......;........|
0000c2d0  8c 30 03 00 66 00 00 00  00 00 00 00 00 00 00 00  |.0..f...........|
0000c2e0  1c 00 00 00 02 00 a3 3c  00 00 04 00 00 00 00 00  |.......<........|
0000c2f0  f2 30 03 00 9d 00 00 00  00 00 00 00 00 00 00 00  |.0..............|
0000c300  1c 00 00 00 02 00 e8 3d  00 00 04 00 00 00 00 00  |.......=........|
0000c310  8f 31 03 00 22 00 00 00  00 00 00 00 00 00 00 00  |.1.."...........|
0000c320  31 01 00 00 05 00 04 00  4b 00 00 00 01 01 01 fb  |1.......K.......|
0000c330  0e 0d 00 01 01 01 01 00  00 00 01 00 00 01 01 01  |................|
0000c340  1f 03 00 00 00 00 21 00  00 00 26 00 00 00 02 01  |......!...&.....|
0000c350  1f 02 0f 07 1a 00 00 00  01 1a 00 00 00 01 30 00  |..............0.|
0000c360  00 00 02 38 00 00 00 02  40 00 00 00 02 41 00 00  |...8....@....A..|
0000c370  00 02 39 00 00 00 02 05  01 00 05 02 08 00 03 00  |..9.............|
0000c380  03 9c 01 01 05 04 93 05  13 00 02 04 01 66 05 0d  |.............f..|
0000c390  00 02 04 01 3c 05 03 59  08 91 05 10 08 6b 05 16  |....<..Y.....k..|
0000c3a0  08 3f 05 0c 74 05 04 08  21 05 15 6a 05 03 57 08  |.?..t...!..j..W.|
0000c3b0  76 05 0b 08 3e 05 1a 69  05 0d 66 05 03 58 05 15  |v...>..i..f..X..|
0000c3c0  cc 05 03 57 08 76 05 11  03 09 08 3c 05 01 cb 05  |...W.v.....<....|
0000c3d0  12 35 05 02 94 05 04 02  50 13 05 0c 67 05 0f 66  |.5......P...g..f|
0000c3e0  05 06 3c 05 02 5d fa 08  c9 05 0b 08 22 05 02 74  |..<..]......"..t|
0000c3f0  05 03 00 02 04 03 31 05  24 00 02 04 03 d3 05 16  |......1.$.......|
0000c400  00 02 04 01 4a 05 02 88  fa 08 c9 05 10 08 24 05  |....J.........$.|
0000c410  05 08 4d 05 04 68 08 c9  08 41 02 28 13 05 0d 08  |..M..h...A.(....|
0000c420  23 05 04 74 05 12 2f 05  07 9e 05 14 5b 05 08 dd  |#..t../.....[...|
0000c430  05 07 6c 05 06 ca 05 26  00 02 04 02 03 6d 2e 05  |..l....&.....m..|
0000c440  18 00 02 04 01 4a 05 06  03 13 c8 05 0a 03 5c 20  |.....J........\ |
0000c450  02 05 00 01 01 84 00 00  00 05 00 04 00 41 00 00  |.............A..|
0000c460  00 01 01 01 fb 0e 0d 00  01 01 01 01 00 00 00 01  |................|
0000c470  00 00 01 01 01 1f 03 00  00 00 00 21 00 00 00 26  |...........!...&|
0000c480  00 00 00 02 01 1f 02 0f  05 4c 00 00 00 01 4c 00  |.........L....L.|
0000c490  00 00 01 30 00 00 00 02  40 00 00 00 02 41 00 00  |...0....@....A..|
0000c4a0  00 02 05 12 00 05 02 fb  02 03 00 03 15 01 05 07  |................|
0000c4b0  93 05 0e 51 05 0f 83 05  10 83 05 09 c8 05 02 3f  |...Q...........?|
0000c4c0  02 22 13 08 23 05 03 08  35 00 02 04 02 06 90 00  |."..#...5.......|
0000c4d0  02 04 03 4a 06 92 08 2c  02 02 00 01 01 0b 01 00  |...J...,........|
0000c4e0  00 05 00 04 00 41 00 00  00 01 01 01 fb 0e 0d 00  |.....A..........|
0000c4f0  01 01 01 01 00 00 00 01  00 00 01 01 01 1f 03 00  |................|
0000c500  00 00 00 21 00 00 00 26  00 00 00 02 01 1f 02 0f  |...!...&........|
0000c510  05 58 00 00 00 01 58 00  00 00 01 30 00 00 00 02  |.X....X....0....|
0000c520  40 00 00 00 02 41 00 00  00 02 05 15 00 05 02 9a  |@....A..........|
0000c530  03 03 00 03 10 01 05 06  91 05 07 75 05 02 4e 02  |...........u..N.|
0000c540  50 14 05 1f bb 05 12 66  05 13 08 14 05 0d 66 05  |P......f......f.|
0000c550  04 67 5a 08 c9 05 0d 08  21 05 04 74 05 1d 2f 05  |.gZ.....!..t../.|
0000c560  05 9e 00 02 04 01 06 4a  00 02 04 02 ba 00 02 04  |.......J........|
0000c570  04 58 00 02 04 04 06 08  75 05 1f 00 02 04 04 08  |.X......u.......|
0000c580  1e 05 16 00 02 04 02 4a  05 04 86 05 0a f6 05 04  |.......J........|
0000c590  08 2f 05 03 67 08 ad 05  0b 08 24 05 02 74 05 03  |./..g.....$..t..|
0000c5a0  2f 00 02 04 02 06 90 00  02 04 03 4a 05 07 06 91  |/..........J....|
0000c5b0  05 05 08 2f 05 04 67 08  ad 05 1d 00 02 04 02 08  |.../..g.........|
0000c5c0  1b 05 14 00 02 04 01 4a  05 02 03 0a 82 05 07 08  |.......J........|
0000c5d0  33 05 09 9f 05 06 9f 05  04 08 83 05 03 67 08 ad  |3............g..|
0000c5e0  05 08 08 24 05 01 59 02  02 00 01 01 ef 00 00 00  |...$..Y.........|
0000c5f0  05 00 04 00 3c 00 00 00  01 01 01 fb 0e 0d 00 01  |....<...........|
0000c600  01 01 01 00 00 00 01 00  00 01 01 01 1f 03 00 00  |................|
0000c610  00 00 21 00 00 00 26 00  00 00 02 01 1f 02 0f 04  |..!...&.........|
0000c620  67 00 00 00 01 67 00 00  00 01 40 00 00 00 02 41  |g....g....@....A|
0000c630  00 00 00 02 05 14 00 05  02 04 06 03 00 03 11 01  |................|
0000c640  05 06 92 05 07 75 05 02  4e 02 50 13 05 1f bb 05  |.....u..N.P.....|
0000c650  12 66 05 13 08 14 05 0d  66 05 04 67 5a 08 c9 05  |.f......f..gZ...|
0000c660  0d 08 21 05 04 74 05 1d  2f 05 05 9e 00 02 04 01  |..!..t../.......|
0000c670  06 4a 00 02 04 02 ba 00  02 04 04 58 00 02 04 04  |.J.........X....|
0000c680  06 08 75 05 1f 00 02 04  04 08 1e 05 16 00 02 04  |..u.............|
0000c690  02 4a 05 04 86 05 06 f6  05 04 08 2f 05 03 67 08  |.J........./..g.|
0000c6a0  ad 05 0b 08 24 05 02 74  05 03 2f 00 02 04 02 06  |....$..t../.....|
0000c6b0  90 00 02 04 03 4a 05 07  06 91 05 05 08 2f 05 04  |.....J......./..|
0000c6c0  67 08 ad 05 1d 00 02 04  02 08 1b 05 14 00 02 04  |g...............|
0000c6d0  01 4a 05 0d 03 0a 82 05  01 75 02 02 00 01 01 f5  |.J.......u......|
0000c6e0  00 00 00 05 00 04 00 41  00 00 00 01 01 01 fb 0e  |.......A........|
0000c6f0  0d 00 01 01 01 01 00 00  00 01 00 00 01 01 01 1f  |................|
0000c700  03 00 00 00 00 21 00 00  00 26 00 00 00 02 01 1f  |.....!...&......|
0000c710  02 0f 05 75 00 00 00 01  75 00 00 00 01 30 00 00  |...u....u....0..|
0000c720  00 02 40 00 00 00 02 41  00 00 00 02 05 14 00 05  |..@....A........|
0000c730  02 fc 07 03 00 03 0f 01  05 07 91 05 06 4b 75 05  |.............Ku.|
0000c740  02 78 02 50 13 05 1f bb  05 12 66 05 13 08 14 05  |.x.P......f.....|
0000c750  16 66 05 0d 3c 05 04 3d  5a 08 c9 05 0d 08 21 05  |.f..<..=Z.....!.|
0000c760  04 74 05 1d 2f 05 05 9e  00 02 04 01 06 4a 00 02  |.t../........J..|
0000c770  04 02 ba 00 02 04 04 58  00 02 04 04 06 08 75 05  |.......X......u.|
0000c780  1f 00 02 04 04 08 1e 05  16 00 02 04 02 4a 05 04  |.............J..|
0000c790  86 05 0a f6 05 04 08 59  05 03 67 08 d7 05 02 08  |.......Y..g.....|
0000c7a0  23 05 0b 08 30 05 02 74  05 0a 00 02 04 03 2f 05  |#...0..t....../.|
0000c7b0  03 00 02 04 03 90 00 02  04 03 bb 05 1e 00 02 04  |................|
0000c7c0  03 08 2c 05 14 00 02 04  01 4a 05 02 87 05 08 ca  |..,......J......|
0000c7d0  05 01 59 02 02 00 01 01  f5 00 00 00 05 00 04 00  |..Y.............|
0000c7e0  46 00 00 00 01 01 01 fb  0e 0d 00 01 01 01 01 00  |F...............|
0000c7f0  00 00 01 00 00 01 01 01  1f 03 00 00 00 00 21 00  |..............!.|
0000c800  00 00 26 00 00 00 02 01  1f 02 0f 06 83 00 00 00  |..&.............|
0000c810  01 83 00 00 00 01 30 00  00 00 02 40 00 00 00 02  |......0....@....|
0000c820  38 00 00 00 02 41 00 00  00 02 05 13 00 05 02 ea  |8....A..........|
0000c830  09 03 00 03 0e 01 05 0a  91 05 06 75 05 07 75 05  |...........u..u.|
0000c840  02 4f 05 0e 02 50 13 05  02 92 05 1f bb 05 12 66  |.O...P.........f|
0000c850  05 13 08 14 05 0d 66 05  04 67 5a 08 91 05 0d 08  |......f..gZ.....|
0000c860  21 05 04 74 05 1d 2f 05  05 9e 00 02 04 01 06 4a  |!..t../........J|
0000c870  00 02 04 02 ba 00 02 04  04 58 00 02 04 04 06 08  |.........X......|
0000c880  75 05 1f 00 02 04 04 08  1e 05 16 00 02 04 02 4a  |u..............J|
0000c890  05 04 86 05 02 f6 05 08  f7 05 0b 76 05 02 74 05  |...........v..t.|
0000c8a0  0a 31 05 05 08 69 05 04  67 08 ad 05 08 08 21 05  |.1...i..g.....!.|
0000c8b0  1d 00 02 04 02 03 77 4a  05 14 00 02 04 01 4a 05  |......wJ......J.|
0000c8c0  02 03 0e 82 cb f4 05 08  d8 05 01 59 02 02 00 01  |...........Y....|
0000c8d0  01 42 01 00 00 05 00 04  00 46 00 00 00 01 01 01  |.B.......F......|
0000c8e0  fb 0e 0d 00 01 01 01 01  00 00 00 01 00 00 01 01  |................|
0000c8f0  01 1f 03 00 00 00 00 21  00 00 00 26 00 00 00 02  |.......!...&....|
0000c900  01 1f 02 0f 06 90 00 00  00 01 90 00 00 00 01 30  |...............0|
0000c910  00 00 00 02 40 00 00 00  02 38 00 00 00 02 41 00  |....@....8....A.|
0000c920  00 00 02 05 13 00 05 02  d9 0b 03 00 03 13 01 05  |................|
0000c930  06 91 05 07 75 05 06 4b  05 07 76 05 06 a0 05 02  |....u..K..v.....|
0000c940  77 02 50 13 05 1f 08 c9  05 12 66 05 13 08 14 05  |w.P.......f.....|
0000c950  16 66 05 0d 3c 05 04 3d  5c 08 c9 05 0d 08 21 05  |.f..<..=\.....!.|
0000c960  04 74 05 1d 2f 05 05 9e  00 02 04 01 06 4a 00 02  |.t../........J..|
0000c970  04 02 ba 00 02 04 04 58  00 02 04 04 06 08 75 05  |.......X......u.|
0000c980  1f 00 02 04 04 08 1e 05  16 00 02 04 02 4a 05 04  |.............J..|
0000c990  86 03 78 08 20 05 09 03  0c 20 05 02 a1 05 08 08  |..x. .... ......|
0000c9a0  33 05 0b 76 05 02 74 05  10 2f 05 05 08 67 05 04  |3..v..t../...g..|
0000c9b0  67 08 3e 05 12 08 2f 05  16 90 05 1d 00 02 04 02  |g.>.../.........|
0000c9c0  03 7a 9e 05 14 00 02 04  01 4a 05 09 03 0b 82 05  |.z.......J......|
0000c9d0  02 90 05 0d be 05 05 f3  05 0c 6a 05 03 74 05 10  |..........j..t..|
0000c9e0  2f 05 06 9e 05 05 59 02  2d 13 05 1e 00 02 04 02  |/.....Y.-.......|
0000c9f0  08 1d 05 15 00 02 04 01  4a 05 0a 88 05 03 90 05  |........J.......|
0000ca00  0d 03 74 ba 05 04 5c 05  02 03 0d 20 05 08 ca 05  |..t...\.... ....|
0000ca10  01 59 02 02 00 01 01 ea  00 00 00 05 00 04 00 46  |.Y.............F|
0000ca20  00 00 00 01 01 01 fb 0e  0d 00 01 01 01 01 00 00  |................|
0000ca30  00 01 00 00 01 01 01 1f  03 00 00 00 00 21 00 00  |.............!..|
0000ca40  00 26 00 00 00 02 01 1f  02 0f 06 9d 00 00 00 01  |.&..............|
0000ca50  9d 00 00 00 01 30 00 00  00 02 40 00 00 00 02 38  |.....0....@....8|
0000ca60  00 00 00 02 41 00 00 00  02 05 13 00 05 02 89 0e  |....A...........|
0000ca70  03 00 03 0e 01 05 06 91  05 07 75 05 02 4e 02 50  |..........u..N.P|
0000ca80  13 05 1f bb 05 12 66 05  13 08 14 05 16 66 05 0d  |......f......f..|
0000ca90  3c 05 04 3d 5a 08 c9 05  0d 08 21 05 04 74 05 1d  |<..=Z.....!..t..|
0000caa0  2f 05 05 9e 00 02 04 01  06 4a 00 02 04 02 ba 00  |/........J......|
0000cab0  02 04 04 58 00 02 04 04  06 08 75 05 1f 00 02 04  |...X......u.....|
0000cac0  04 08 1e 05 16 00 02 04  02 4a 05 04 86 05 02 f6  |.........J......|
0000cad0  05 08 08 31 05 0b 76 05  02 74 05 10 2f 05 05 08  |...1..v..t../...|
0000cae0  67 05 04 67 08 5a 05 1e  00 02 04 02 08 29 05 14  |g..g.Z.......)..|
0000caf0  00 02 04 01 4a 05 02 03  09 82 05 08 ca 05 01 59  |....J..........Y|
0000cb00  02 02 00 01 01 01 01 00  00 05 00 04 00 46 00 00  |.............F..|
0000cb10  00 01 01 01 fb 0e 0d 00  01 01 01 01 00 00 00 01  |................|
0000cb20  00 00 01 01 01 1f 03 00  00 00 00 21 00 00 00 26  |...........!...&|
0000cb30  00 00 00 02 01 1f 02 0f  06 aa 00 00 00 01 aa 00  |................|
0000cb40  00 00 01 30 00 00 00 02  40 00 00 00 02 38 00 00  |...0....@....8..|
0000cb50  00 02 41 00 00 00 02 05  14 00 05 02 48 10 03 00  |..A.........H...|
0000cb60  03 0f 01 05 06 67 05 07  75 05 06 4b 05 07 75 05  |.....g..u..K..u.|
0000cb70  02 78 02 3e 13 05 1f bb  05 12 3c 05 13 08 14 05  |.x.>......<.....|
0000cb80  16 3c 05 0d 3c 05 04 3d  5a 08 83 05 0d e5 05 04  |.<..<..=Z.......|
0000cb90  74 05 1d 2f 05 05 74 00  02 04 01 06 4a 00 02 04  |t../..t.....J...|
0000cba0  02 90 00 02 04 04 58 00  02 04 04 06 08 4b 05 1f  |......X......K..|
0000cbb0  00 02 04 04 e2 05 16 00  02 04 02 4a 05 04 86 05  |...........J....|
0000cbc0  02 f6 05 0b 08 30 05 02  74 05 03 5a 08 31 05 10  |.....0..t..Z.1..|
0000cbd0  08 9f 05 05 08 75 05 04  67 08 14 05 0a 00 02 04  |.....u..g.......|
0000cbe0  02 08 31 05 03 00 02 04  02 90 05 1e 00 02 04 02  |..1.............|
0000cbf0  03 73 ba 05 14 00 02 04  01 4a 05 02 03 10 ba 05  |.s.......J......|
0000cc00  08 ca 05 01 59 02 02 00  01 01 18 01 00 00 05 00  |....Y...........|
0000cc10  04 00 46 00 00 00 01 01  01 fb 0e 0d 00 01 01 01  |..F.............|
0000cc20  01 00 00 00 01 00 00 01  01 01 1f 03 00 00 00 00  |................|
0000cc30  21 00 00 00 26 00 00 00  02 01 1f 02 0f 06 b8 00  |!...&...........|
0000cc40  00 00 01 b8 00 00 00 01  30 00 00 00 02 38 00 00  |........0....8..|
0000cc50  00 02 40 00 00 00 02 41  00 00 00 02 05 14 00 05  |..@....A........|
0000cc60  02 25 12 03 00 03 11 01  05 06 91 05 07 75 05 06  |.%...........u..|
0000cc70  4b 05 07 75 ad 05 02 b0  02 50 13 05 16 08 91 05  |K..u.....P......|
0000cc80  19 66 05 1d 3c 05 10 58  05 1f 68 05 12 66 05 13  |.f..<..X..h..f..|
0000cc90  08 14 05 16 66 05 0d 3c  05 04 3d 5a 08 c9 05 0d  |....f..<..=Z....|
0000cca0  08 21 05 04 74 05 1d 2f  05 05 9e 00 02 04 01 06  |.!..t../........|
0000ccb0  4a 00 02 04 02 ba 00 02  04 04 58 00 02 04 04 06  |J.........X.....|
0000ccc0  08 75 05 1f 00 02 04 04  08 1e 05 16 00 02 04 02  |.u..............|
0000ccd0  4a 05 04 86 05 14 f6 05  10 74 05 0a 4a 05 02 3f  |J........t..J..?|
0000cce0  05 08 08 33 77 05 0b 76  05 02 74 05 03 2f 05 0e  |...3w..v..t../..|
0000ccf0  08 2f 05 05 08 67 05 04  67 05 05 e6 05 0b 67 05  |./...g..g.....g.|
0000cd00  06 08 67 05 05 67 05 1d  00 02 04 02 03 77 e4 05  |..g..g.......w..|
0000cd10  14 00 02 04 01 4a 05 02  03 0e 82 05 08 ca 05 01  |.....J..........|
0000cd20  59 02 02 00 01 01 f7 00  00 00 05 00 04 00 41 00  |Y.............A.|
0000cd30  00 00 01 01 01 fb 0e 0d  00 01 01 01 01 00 00 00  |................|
0000cd40  01 00 00 01 01 01 1f 03  00 00 00 00 21 00 00 00  |............!...|
0000cd50  26 00 00 00 02 01 1f 02  0f 05 c6 00 00 00 01 c6  |&...............|
0000cd60  00 00 00 01 30 00 00 00  02 40 00 00 00 02 41 00  |....0....@....A.|
0000cd70  00 00 02 05 13 00 05 02  63 14 03 00 03 0f 01 05  |........c.......|
0000cd80  06 91 05 07 75 05 06 4b  05 02 78 02 50 13 05 1d  |....u..K..x.P...|
0000cd90  08 91 05 10 66 05 1f 08  14 05 12 66 05 13 08 14  |....f......f....|
0000cda0  05 16 66 05 0d 3c 05 04  3d 5a 08 c9 05 0d 08 21  |..f..<..=Z.....!|
0000cdb0  05 04 74 05 1d 2f 05 05  9e 00 02 04 01 06 4a 00  |..t../........J.|
0000cdc0  02 04 02 ba 00 02 04 04  58 00 02 04 04 06 08 75  |........X......u|
0000cdd0  05 1f 00 02 04 04 08 1e  05 16 00 02 04 02 4a 05  |..............J.|
0000cde0  04 86 05 0f f6 05 02 83  08 91 05 0b 08 22 05 02  |............."..|
0000cdf0  74 05 0a 00 02 04 03 2f  05 03 00 02 04 03 90 00  |t....../........|
0000ce00  02 04 03 bb 05 1d 00 02  04 03 08 2c 05 14 00 02  |...........,....|
0000ce10  04 01 4a 05 02 87 05 08  ca 05 01 59 02 02 00 01  |..J........Y....|
0000ce20  01 b8 00 00 00 05 00 04  00 41 00 00 00 01 01 01  |.........A......|
0000ce30  fb 0e 0d 00 01 01 01 01  00 00 00 01 00 00 01 01  |................|
0000ce40  01 1f 03 00 00 00 00 21  00 00 00 26 00 00 00 02  |.......!...&....|
0000ce50  01 1f 02 0f 05 d3 00 00  00 01 d3 00 00 00 01 30  |...............0|
0000ce60  00 00 00 02 40 00 00 00  02 41 00 00 00 02 05 13  |....@....A......|
0000ce70  00 05 02 4a 16 03 00 03  0d 01 05 07 91 05 02 4e  |...J...........N|
0000ce80  02 50 13 05 13 67 05 16  66 05 0d 3c 05 04 3d 5a  |.P...g..f..<..=Z|
0000ce90  08 c9 05 0d 08 21 05 04  74 05 1d 2f 05 05 9e 00  |.....!..t../....|
0000cea0  02 04 01 06 4a 00 02 04  02 ba 00 02 04 04 58 00  |....J.........X.|
0000ceb0  02 04 04 06 08 75 05 1f  00 02 04 04 08 1e 05 16  |.....u..........|
0000cec0  00 02 04 02 4a 05 04 86  05 02 f6 08 31 5b 08 d7  |....J.......1[..|
0000ced0  08 22 05 08 ca 05 01 59  02 02 00 01 01 fb 00 00  |.".....Y........|
0000cee0  00 05 00 04 00 46 00 00  00 01 01 01 fb 0e 0d 00  |.....F..........|
0000cef0  01 01 01 01 00 00 00 01  00 00 01 01 01 1f 03 00  |................|
0000cf00  00 00 00 21 00 00 00 26  00 00 00 02 01 1f 02 0f  |...!...&........|
0000cf10  06 e0 00 00 00 01 e0 00  00 00 01 30 00 00 00 02  |...........0....|
0000cf20  40 00 00 00 02 41 00 00  00 02 39 00 00 00 02 05  |@....A....9.....|
0000cf30  13 00 05 02 b9 17 03 00  03 11 01 05 07 91 05 06  |................|
0000cf40  4b 75 05 02 78 02 50 13  05 1f 08 91 05 12 66 05  |Ku..x.P.......f.|
0000cf50  1d 08 14 05 10 66 05 13  08 14 05 0d 66 05 04 67  |.....f......f..g|
0000cf60  5a 08 c9 05 0d 08 21 05  04 74 05 1d 2f 05 05 9e  |Z.....!..t../...|
0000cf70  00 02 04 01 06 4a 00 02  04 02 ba 00 02 04 04 58  |.....J.........X|
0000cf80  00 02 04 04 06 08 75 05  1f 00 02 04 04 08 1e 05  |......u.........|
0000cf90  16 00 02 04 02 4a 05 04  86 05 08 03 17 f2 05 02  |.....J..........|
0000cfa0  84 02 22 13 05 09 08 22  05 02 90 05 04 bd 05 03  |.."...."........|
0000cfb0  67 05 0d 4b 05 03 08 2f  05 04 d9 08 91 08 21 34  |g..K.../......!4|
0000cfc0  05 0b 4b 05 04 90 05 08  bf 05 02 83 02 22 13 08  |..K.........."..|
0000cfd0  22 05 08 ca 05 01 5a 02  02 00 01 01 d9 00 00 00  |".....Z.........|
0000cfe0  05 00 04 00 41 00 00 00  01 01 01 fb 0e 0d 00 01  |....A...........|
0000cff0  01 01 01 00 00 00 01 00  00 01 01 01 1f 03 00 00  |................|
0000d000  00 00 21 00 00 00 26 00  00 00 02 01 1f 02 0f 05  |..!...&.........|
0000d010  ed 00 00 00 01 ed 00 00  00 01 40 00 00 00 02 41  |..........@....A|
0000d020  00 00 00 02 30 00 00 00  02 05 13 00 05 02 2e 1a  |....0...........|
0000d030  03 00 03 0e 01 05 07 91  05 06 4b 05 02 78 05 0e  |..........K..x..|
0000d040  02 50 13 05 02 92 05 1d  bb 05 10 66 05 13 08 14  |.P.........f....|
0000d050  05 16 66 05 0d 3c 05 04  3d 5a 08 91 05 0d 08 21  |..f..<..=Z.....!|
0000d060  05 04 74 05 1d 2f 05 05  9e 00 02 04 01 06 4a 00  |..t../........J.|
0000d070  02 04 02 ba 00 02 04 04  58 00 02 04 04 06 08 75  |........X......u|
0000d080  05 1f 00 02 04 04 08 1e  05 16 00 02 04 02 4a 05  |..............J.|
0000d090  04 86 05 02 f6 08 30 02  27 13 05 0a 00 02 04 01  |......0.'.......|
0000d0a0  08 23 05 03 00 02 04 01  90 00 02 04 01 bb 00 02  |.#..............|
0000d0b0  04 01 08 2d 02 02 00 01  01 56 01 00 00 05 00 04  |...-.....V......|
0000d0c0  00 46 00 00 00 01 01 01  fb 0e 0d 00 01 01 01 01  |.F..............|
0000d0d0  00 00 00 01 00 00 01 01  01 1f 03 00 00 00 00 21  |...............!|
0000d0e0  00 00 00 26 00 00 00 02  01 1f 02 0f 06 fa 00 00  |...&............|
0000d0f0  00 01 fa 00 00 00 01 30  00 00 00 02 40 00 00 00  |.......0....@...|
0000d100  02 38 00 00 00 02 41 00  00 00 02 05 15 00 05 02  |.8....A.........|
0000d110  df 1b 03 00 03 14 01 05  06 91 05 07 75 05 06 4b  |............u..K|
0000d120  77 05 07 75 05 02 a1 02  50 13 05 1f bb 05 12 66  |w..u....P......f|
0000d130  05 13 08 14 05 16 66 05  0d 3c 05 04 3d 5a 08 c9  |......f..<..=Z..|
0000d140  05 0d 08 21 05 04 74 05  1d 2f 05 05 9e 00 02 04  |...!..t../......|
0000d150  01 06 4a 00 02 04 02 ba  00 02 04 04 58 00 02 04  |..J.........X...|
0000d160  04 06 08 75 05 1f 00 02  04 04 08 1e 05 16 00 02  |...u............|
0000d170  04 02 4a 05 04 86 05 09  f6 05 02 a1 05 08 08 31  |..J............1|
0000d180  05 0b 76 05 02 74 05 0e  2f 05 05 08 67 05 04 67  |..v..t../...g..g|
0000d190  05 12 08 3e 05 16 90 05  1d 00 02 04 02 99 05 14  |...>............|
0000d1a0  00 02 04 01 4a 05 09 03  0a 82 05 02 90 05 06 bf  |....J...........|
0000d1b0  05 0a 7a 9f 05 05 08 4d  05 06 6b 05 05 67 05 04  |..z....M..k..g..|
0000d1c0  02 32 19 05 05 54 05 08  03 09 02 24 01 05 0b 77  |.2...T.....$...w|
0000d1d0  05 04 74 05 11 2f 05 15  9e 05 07 3c 05 09 4b 05  |..t../.....<..K.|
0000d1e0  06 67 05 1b 00 02 04 02  2b 05 12 00 02 04 01 4a  |.g......+......J|
0000d1f0  05 06 03 09 82 05 05 69  02 2b 18 05 03 02 2c 18  |.......i.+....,.|
0000d200  08 22 05 0d 4c 05 02 bc  05 08 ca 05 01 59 02 02  |."..L........Y..|
0000d210  00 01 01 0d 01 00 00 05  00 04 00 41 00 00 00 01  |...........A....|
0000d220  01 01 fb 0e 0d 00 01 01  01 01 00 00 00 01 00 00  |................|
0000d230  01 01 01 1f 03 00 00 00  00 21 00 00 00 26 00 00  |.........!...&..|
0000d240  00 02 01 1f 02 0f 05 09  01 00 00 01 09 01 00 00  |................|
0000d250  01 30 00 00 00 02 40 00  00 00 02 41 00 00 00 02  |.0....@....A....|
0000d260  05 13 00 05 02 14 1f 03  00 03 10 01 05 06 91 05  |................|
0000d270  07 75 05 06 4b 05 02 78  02 50 13 05 1d 08 91 05  |.u..K..x.P......|
0000d280  10 66 05 1f 08 14 05 12  66 05 13 08 14 05 16 66  |.f......f......f|
0000d290  05 0d 3c 05 04 3d 5a 08  c9 05 0d 08 21 05 04 74  |..<..=Z.....!..t|
0000d2a0  05 1d 2f 05 05 9e 00 02  04 01 06 4a 00 02 04 02  |../........J....|
0000d2b0  ba 00 02 04 04 58 00 02  04 04 06 08 75 05 1f 00  |.....X......u...|
0000d2c0  02 04 04 08 1e 05 16 00  02 04 02 4a 05 04 86 05  |...........J....|
0000d2d0  0e f6 05 0f 83 05 02 83  02 25 13 08 22 05 0b 08  |.........%.."...|
0000d2e0  30 05 02 74 05 09 00 02  04 03 2f 05 03 00 02 04  |0..t....../.....|
0000d2f0  03 83 00 02 04 03 02 25  13 05 0a 00 02 04 03 08  |.......%........|
0000d300  21 05 03 00 02 04 03 90  05 1e 00 02 04 03 b6 05  |!...............|
0000d310  14 00 02 04 01 4a 05 02  89 05 08 ca 05 01 59 02  |.....J........Y.|
0000d320  02 00 01 01 e6 00 00 00  05 00 04 00 41 00 00 00  |............A...|
0000d330  01 01 01 fb 0e 0d 00 01  01 01 01 00 00 00 01 00  |................|
0000d340  00 01 01 01 1f 03 00 00  00 00 21 00 00 00 26 00  |..........!...&.|
0000d350  00 00 02 01 1f 02 0f 05  16 01 00 00 01 16 01 00  |................|
0000d360  00 01 30 00 00 00 02 40  00 00 00 02 41 00 00 00  |..0....@....A...|
0000d370  02 05 13 00 05 02 4d 21  03 00 03 0f 01 05 06 91  |......M!........|
0000d380  05 07 75 05 02 4e 02 50  13 05 1f bb 05 12 66 05  |..u..N.P......f.|
0000d390  13 08 14 05 0d 66 05 04  67 5a 08 c9 05 0d 08 21  |.....f..gZ.....!|
0000d3a0  05 04 74 05 1d 2f 05 05  9e 00 02 04 01 06 4a 00  |..t../........J.|
0000d3b0  02 04 02 ba 00 02 04 04  58 00 02 04 04 06 08 75  |........X......u|
0000d3c0  05 1f 00 02 04 04 08 1e  05 16 00 02 04 02 4a 05  |..............J.|
0000d3d0  04 86 05 0e f6 05 02 83  08 ad 05 0b 08 22 05 02  |............."..|
0000d3e0  74 05 03 2f 08 21 00 02  04 02 06 90 00 02 04 03  |t../.!..........|
0000d3f0  4a 05 1e 00 02 04 02 06  8e 05 14 00 02 04 01 4a  |J..............J|
0000d400  05 02 87 05 08 ca 05 01  59 02 02 00 01 01 eb 00  |........Y.......|
0000d410  00 00 05 00 04 00 41 00  00 00 01 01 01 fb 0e 0d  |......A.........|
0000d420  00 01 01 01 01 00 00 00  01 00 00 01 01 01 1f 03  |................|
0000d430  00 00 00 00 21 00 00 00  26 00 00 00 02 01 1f 02  |....!...&.......|
0000d440  0f 05 23 01 00 00 01 23  01 00 00 01 30 00 00 00  |..#....#....0...|
0000d450  02 40 00 00 00 02 41 00  00 00 02 05 13 00 05 02  |.@....A.........|
0000d460  0a 23 03 00 03 0f 01 05  06 91 05 07 75 05 02 4e  |.#..........u..N|
0000d470  02 50 13 05 1f bb 05 12  66 05 13 08 14 05 0d 66  |.P......f......f|
0000d480  05 04 67 5a 08 91 05 0d  08 21 05 04 74 05 1d 2f  |..gZ.....!..t../|
0000d490  05 05 9e 00 02 04 01 06  4a 00 02 04 02 ba 00 02  |........J.......|
0000d4a0  04 04 58 00 02 04 04 06  08 75 05 1f 00 02 04 04  |..X......u......|
0000d4b0  08 1e 05 16 00 02 04 02  4a 05 04 86 05 0e f6 05  |........J.......|
0000d4c0  02 83 08 ad 05 0b 08 22  05 02 74 05 03 2f 08 21  |......."..t../.!|
0000d4d0  00 02 04 02 06 90 00 02  04 03 4a 00 02 04 02 06  |..........J.....|
0000d4e0  91 05 1e 00 02 04 02 ef  05 14 00 02 04 01 4a 05  |..............J.|
0000d4f0  02 88 05 08 ca 05 01 59  02 02 00 01 01 f3 00 00  |.......Y........|
0000d500  00 05 00 04 00 41 00 00  00 01 01 01 fb 0e 0d 00  |.....A..........|
0000d510  01 01 01 01 00 00 00 01  00 00 01 01 01 1f 03 00  |................|
0000d520  00 00 00 21 00 00 00 26  00 00 00 02 01 1f 02 0f  |...!...&........|
0000d530  05 30 01 00 00 01 30 01  00 00 01 30 00 00 00 02  |.0....0....0....|
0000d540  40 00 00 00 02 41 00 00  00 02 05 13 00 05 02 d3  |@....A..........|
0000d550  24 03 00 03 13 01 05 06  91 05 07 75 05 02 4e 02  |$..........u..N.|
0000d560  50 13 05 1f bb 05 12 66  05 13 08 14 05 0d 66 05  |P......f......f.|
0000d570  04 67 5a 08 91 05 0d 08  21 05 04 74 05 1d 2f 05  |.gZ.....!..t../.|
0000d580  05 9e 00 02 04 01 06 4a  00 02 04 02 ba 00 02 04  |.......J........|
0000d590  04 58 00 02 04 04 06 08  75 05 1f 00 02 04 04 08  |.X......u.......|
0000d5a0  1e 05 16 00 02 04 02 4a  05 04 86 05 0e f6 05 02  |.......J........|
0000d5b0  83 08 ad 05 0b 08 23 05  02 74 05 03 2f 08 ad 08  |......#..t../...|
0000d5c0  21 00 02 04 02 06 90 00  02 04 03 4a 05 09 06 91  |!..........J....|
0000d5d0  05 05 66 05 04 4b 05 1e  00 02 04 02 c3 05 14 00  |..f..K..........|
0000d5e0  02 04 01 4a 05 02 03 09  82 05 08 ca 05 01 59 02  |...J..........Y.|
0000d5f0  02 00 01 01 06 02 00 00  05 00 04 00 46 00 00 00  |............F...|
0000d600  01 01 01 fb 0e 0d 00 01  01 01 01 00 00 00 01 00  |................|
0000d610  00 01 01 01 1f 03 00 00  00 00 46 01 00 00 26 00  |..........F...&.|
0000d620  00 00 02 01 1f 02 0f 06  3c 01 00 00 01 3c 01 00  |........<....<..|
0000d630  00 01 30 00 00 00 02 41  00 00 00 02 40 00 00 00  |..0....A....@...|
0000d640  02 39 00 00 00 02 05 46  00 05 02 bf 26 03 00 03  |.9.....F....&...|
0000d650  27 01 05 04 03 0e ba 05  09 67 05 04 a2 05 09 85  |'........g......|
0000d660  05 08 78 05 09 69 05 02  74 05 07 31 05 0b e4 05  |..x..i..t..1....|
0000d670  08 5b 2f 05 06 66 05 09  5a 05 0c 90 05 05 3d 31  |.[/..f..Z.....=1|
0000d680  05 0a 03 79 4a 05 07 03  0c 9e 05 05 66 05 26 00  |...yJ.......f.&.|
0000d690  02 04 02 03 6e 4a 05 18  00 02 04 01 4a 05 21 00  |....nJ......J.!.|
0000d6a0  02 04 03 82 05 18 00 02  04 03 66 05 04 03 13 74  |..........f....t|
0000d6b0  05 0c 28 05 01 67 05 39  03 0f 2e 05 0b 67 05 02  |..(..g.9.....g..|
0000d6c0  75 05 07 4c 05 15 59 05  10 90 05 0b 3c 05 05 3d  |u..L..Y.....<..=|
0000d6d0  05 11 00 02 04 01 66 05  09 67 05 0c 90 05 09 ae  |......f..g......|
0000d6e0  05 0c 90 05 04 3d 05 06  4c 05 1f 00 02 04 01 66  |.....=..L......f|
0000d6f0  05 22 00 02 04 01 90 05  0b 59 05 1f 00 02 04 01  |.".......Y......|
0000d700  66 05 22 00 02 04 01 90  05 0b 59 05 1f 00 02 04  |f.".......Y.....|
0000d710  01 66 05 22 00 02 04 01  90 05 0a 5b 05 0d 90 05  |.f.".......[....|
0000d720  24 3d 05 0a e4 05 18 90  05 0d 74 05 24 2f 05 0a  |$=........t.$/..|
0000d730  90 05 18 90 05 0d 74 05  09 30 05 04 4c 05 03 4c  |......t..0..L..L|
0000d740  05 09 03 6b 4a 05 0f 66  00 02 04 01 06 4a 05 08  |...kJ..f.....J..|
0000d750  06 03 17 ba 05 09 68 05  01 3d 05 2c 03 16 2e 05  |......h..=.,....|
0000d760  0e 93 05 04 08 2f 05 09  68 05 02 86 05 08 08 17  |...../..h.......|
0000d770  87 05 07 91 05 10 2f 05  06 90 05 0b 90 05 09 3c  |....../........<|
0000d780  2d 05 16 66 05 19 00 02  04 01 4a 05 16 00 02 04  |-..f......J.....|
0000d790  01 66 05 06 4d 05 02 69  02 24 14 08 22 05 09 ca  |.f..M..i.$.."...|
0000d7a0  05 01 00 02 04 01 59 05  19 03 09 2e 05 0a bb 05  |......Y.........|
0000d7b0  01 08 2f 05 20 36 05 0c  67 05 06 d6 05 0a 3d 05  |../. 6..g.....=.|
0000d7c0  01 08 3d 05 2e 03 0a 2e  05 0a 67 05 01 08 2f 05  |..=.......g.../.|
0000d7d0  19 03 09 2e 05 0a bb 05  01 08 2f 05 20 03 09 2e  |........../. ...|
0000d7e0  05 0c 67 05 06 d6 05 0a  3d 05 01 08 3d 05 2e 03  |..g.....=...=...|
0000d7f0  0a 2e 05 0a 67 05 01 08  2f 02 02 00 01 01 55 00  |....g.../.....U.|
0000d800  00 00 05 00 04 00 2e 00  00 00 01 01 01 fb 0e 0d  |................|
0000d810  00 01 01 01 01 00 00 00  01 00 00 01 01 01 1f 02  |................|
0000d820  00 00 00 00 46 01 00 00  02 01 1f 02 0f 02 4a 01  |....F.........J.|
0000d830  00 00 01 4a 01 00 00 01  00 05 02 03 2a 03 00 03  |...J........*...|
0000d840  3b 01 83 83 83 83 83 83  83 83 83 88 03 15 82 3d  |;..............=|
0000d850  21 5b 02 02 00 01 01 a1  00 00 00 05 00 04 00 3c  |![.............<|
0000d860  00 00 00 01 01 01 fb 0e  0d 00 01 01 01 01 00 00  |................|
0000d870  00 01 00 00 01 01 01 1f  03 00 00 00 00 46 01 00  |.............F..|
0000d880  00 26 00 00 00 02 01 1f  02 0f 04 55 01 00 00 01  |.&.........U....|
0000d890  55 01 00 00 01 30 00 00  00 02 41 00 00 00 02 05  |U....0....A.....|
0000d8a0  29 00 05 02 66 2a 03 00  03 20 01 05 06 67 05 0b  |)...f*... ...g..|
0000d8b0  76 05 02 74 05 0c 2f 05  05 ad 05 14 00 02 04 01  |v..t../.........|
0000d8c0  66 05 20 00 02 04 02 66  05 04 67 05 08 4b 4b 05  |f. ....f..g..KK.|
0000d8d0  16 90 05 0b ba 05 09 00  02 04 02 30 05 1b 00 02  |...........0....|
0000d8e0  04 02 03 79 4a 05 14 00  02 04 01 4a 05 07 03 0a  |...yJ......J....|
0000d8f0  66 05 08 68 05 01 3d 02  02 00 01 01 21 01 00 00  |f..h..=.....!...|
0000d900  05 00 04 00 3c 00 00 00  01 01 01 fb 0e 0d 00 01  |....<...........|
0000d910  01 01 01 00 00 00 01 00  00 01 01 01 1f 03 00 00  |................|
0000d920  00 00 46 01 00 00 26 00  00 00 02 01 1f 02 0f 04  |..F...&.........|
0000d930  62 01 00 00 01 62 01 00  00 01 30 00 00 00 02 41  |b....b....0....A|
0000d940  00 00 00 02 05 2a 00 05  02 d1 2a 03 00 03 1e 01  |.....*....*.....|
0000d950  05 05 03 17 66 05 07 93  05 05 5c 05 0f a4 05 0c  |....f.....\.....|
0000d960  75 05 0a 75 05 0d 75 05  07 90 05 06 67 05 10 67  |u..u..u.....g..g|
0000d970  05 0e 75 05 08 90 05 06  68 05 0d 67 05 0e 75 05  |..u.....h..g..u.|
0000d980  08 90 05 09 68 05 0b 2f  05 11 e5 05 0b 74 05 0e  |....h../.....t..|
0000d990  3d 05 08 90 05 15 63 00  02 04 01 06 66 05 04 06  |=.....c.....f...|
0000d9a0  03 09 66 05 0d 08 85 05  0a 90 05 08 2e 05 0e 3d  |..f............=|
0000d9b0  75 05 0b 4b 05 05 08 e5  05 1b 5b 05 0b 90 08 4b  |u..K......[....K|
0000d9c0  05 05 08 f3 05 18 5b 05  15 90 05 09 2e 05 0b 3d  |......[........=|
0000d9d0  05 05 08 d7 05 1b 5b 05  18 90 05 0b 2e 08 2f 05  |......[......./.|
0000d9e0  05 08 f3 05 1b 5b 05 18  90 05 0b 2e 08 2f 05 05  |.....[......./..|
0000d9f0  08 f3 05 1b 31 05 18 90  05 0b 2e 08 2f 05 05 08  |....1......./...|
0000da00  f3 05 08 41 05 0b 90 05  13 03 bc 7f 66 05 0d 90  |...A........f...|
0000da10  05 17 66 05 07 03 c9 00  9e 05 01 67 02 03 00 01  |..f........g....|
0000da20  01 37 01 00 00 05 00 04  00 37 00 00 00 01 01 01  |.7.......7......|
0000da30  fb 0e 0d 00 01 01 01 01  00 00 00 01 00 00 01 01  |................|
0000da40  01 1f 03 00 00 00 00 46  01 00 00 26 00 00 00 02  |.......F...&....|
0000da50  01 1f 02 0f 03 6f 01 00  00 01 6f 01 00 00 01 41  |.....o....o....A|
0000da60  00 00 00 02 05 3c 00 05  02 46 2d 03 00 03 17 01  |.....<...F-.....|
0000da70  05 0f e5 05 10 59 05 06  4b 77 05 04 3c 05 08 4b  |.....Y..Kw..<..K|
0000da80  05 03 75 05 04 3f 05 16  92 05 09 58 05 05 3e 05  |..u..?.....X..>.|
0000da90  0a 5a 05 08 4c 05 06 3c  05 1d 00 02 04 01 82 05  |.Z..L..<........|
0000daa0  18 00 02 04 01 3c 05 14  00 02 04 01 3c 05 30 00  |.....<......<.0.|
0000dab0  02 04 02 4a 05 2b 00 02  04 02 3c 05 28 00 02 04  |...J.+....<.(...|
0000dac0  02 3c 05 09 83 05 0c 84  05 08 5a 05 06 3c 05 1d  |.<........Z..<..|
0000dad0  00 02 04 01 4a 05 18 00  02 04 01 3c 05 14 00 02  |....J......<....|
0000dae0  04 01 3c 05 30 00 02 04  02 4a 05 2b 00 02 04 02  |..<.0....J.+....|
0000daf0  3c 05 28 00 02 04 02 3c  05 09 4b 05 07 42 05 0d  |<.(....<..K..B..|
0000db00  2f 05 08 3c 05 0d 00 02  04 01 4a 00 02 04 03 06  |/..<......J.....|
0000db10  74 05 08 00 02 04 03 06  3c 00 02 04 04 06 58 00  |t.......<.....X.|
0000db20  02 04 06 3c 05 0f 00 02  04 06 06 3d 05 05 00 02  |...<.......=....|
0000db30  04 06 08 75 05 0e 69 05  0c 66 05 07 5e 05 0d ad  |...u..i..f..^...|
0000db40  05 07 58 05 03 67 05 09  03 72 3c 05 04 95 3f 05  |..X..g...r<...?.|
0000db50  0e 03 0a 20 05 01 67 02  08 00 01 01 aa 00 00 00  |... ..g.........|
0000db60  05 00 04 00 3c 00 00 00  01 01 01 fb 0e 0d 00 01  |....<...........|
0000db70  01 01 01 00 00 00 01 00  00 01 01 01 1f 03 00 00  |................|
0000db80  00 00 46 01 00 00 26 00  00 00 02 01 1f 02 0f 04  |..F...&.........|
0000db90  7d 01 00 00 01 7d 01 00  00 01 30 00 00 00 02 41  |}....}....0....A|
0000dba0  00 00 00 02 05 3c 00 05  02 59 2e 03 00 03 17 01  |.....<...Y......|
0000dbb0  05 04 ae 05 0a 4b 05 07  79 05 05 3c 05 0b 4b 05  |.....K..y..<..K.|
0000dbc0  03 30 05 09 38 7b 05 01  59 05 3d 03 0a 2e 05 11  |.0..8{..Y.=.....|
0000dbd0  08 13 05 04 30 05 0a 4b  05 09 78 05 15 ba 05 06  |....0..K..x.....|
0000dbe0  3c 05 07 31 2f 05 05 3c  05 0b 59 05 03 4c 05 14  |<..1/..<..Y..L..|
0000dbf0  38 05 17 00 02 04 01 4a  05 14 00 02 04 01 3c 05  |8......J......<.|
0000dc00  09 51 05 01 59 02 07 00  01 01 65 00 00 00 05 00  |.Q..Y.....e.....|
0000dc10  04 00 37 00 00 00 01 01  01 fb 0e 0d 00 01 01 01  |..7.............|
0000dc20  01 00 00 00 01 00 00 01  01 01 1f 03 00 00 00 00  |................|
0000dc30  46 01 00 00 26 00 00 00  02 01 1f 02 0f 03 8a 01  |F...&...........|
0000dc40  00 00 01 8a 01 00 00 01  30 00 00 00 02 05 2d 00  |........0.....-.|
0000dc50  05 02 e0 2e 03 00 03 16  01 05 14 75 05 07 5a 05  |...........u..Z.|
0000dc60  03 2f 05 0d 3b 05 09 58  05 08 78 05 01 2f 02 05  |./..;..X..x../..|
0000dc70  00 01 01 6d 00 00 00 05  00 04 00 3c 00 00 00 01  |...m.......<....|
0000dc80  01 01 fb 0e 0d 00 01 01  01 01 00 00 00 01 00 00  |................|
0000dc90  01 01 01 1f 03 00 00 00  00 46 01 00 00 26 00 00  |.........F...&..|
0000dca0  00 02 01 1f 02 0f 04 97  01 00 00 01 97 01 00 00  |................|
0000dcb0  01 30 00 00 00 02 41 00  00 00 02 05 28 00 05 02  |.0....A.....(...|
0000dcc0  04 2f 03 00 03 1c 01 05  08 67 05 04 68 05 06 67  |./.......g..h..g|
0000dcd0  05 09 90 3d 05 07 3f 08  3d 05 0d 68 05 01 67 02  |...=..?.=..h..g.|
0000dce0  02 00 01 01 70 00 00 00  05 00 04 00 2e 00 00 00  |....p...........|
0000dcf0  01 01 01 fb 0e 0d 00 01  01 01 01 00 00 00 01 00  |................|
0000dd00  00 01 01 01 1f 02 00 00  00 00 46 01 00 00 02 01  |..........F.....|
0000dd10  1f 02 0f 02 a4 01 00 00  01 a4 01 00 00 01 05 27  |...............'|
0000dd20  00 05 02 47 2f 03 00 03  1c 01 05 0b 77 05 04 08  |...G/.......w...|
0000dd30  9f 05 0c 67 05 09 75 05  04 76 05 09 67 05 11 08  |...g..u..v..g...|
0000dd40  3e 05 16 02 27 12 05 06  58 05 16 90 05 09 2e 2f  |>...'...X....../|
0000dd50  05 01 3d 02 05 00 01 01  b1 00 00 00 05 00 04 00  |..=.............|
0000dd60  37 00 00 00 01 01 01 fb  0e 0d 00 01 01 01 01 00  |7...............|
0000dd70  00 00 01 00 00 01 01 01  1f 03 00 00 00 00 46 01  |..............F.|
0000dd80  00 00 26 00 00 00 02 01  1f 02 0f 03 b2 01 00 00  |..&.............|
0000dd90  01 b2 01 00 00 01 30 00  00 00 02 05 29 00 05 02  |......0.....)...|
0000dda0  d8 2f 03 00 03 1d 01 05  06 68 05 08 75 05 06 69  |./.......h..u..i|
0000ddb0  ad 05 09 4b 05 02 74 05  05 30 05 0f 00 02 04 01  |...K..t..0......|
0000ddc0  66 05 1b 00 02 04 02 66  05 11 67 05 08 75 05 10  |f......f..g..u..|
0000ddd0  4b 05 07 66 05 10 90 05  0a 2e 05 09 00 02 04 02  |K..f............|
0000dde0  30 05 07 00 02 04 02 4b  00 02 04 02 ad 05 18 00  |0......K........|
0000ddf0  02 04 02 03 77 4a 05 10  00 02 04 01 4a 05 06 03  |....wJ......J...|
0000de00  0b 66 05 0c 68 05 01 67  02 02 00 01 01 65 00 00  |.f..h..g.....e..|
0000de10  00 05 00 04 00 3c 00 00  00 01 01 01 fb 0e 0d 00  |.....<..........|
0000de20  01 01 01 01 00 00 00 01  00 00 01 01 01 1f 03 00  |................|
0000de30  00 00 00 46 01 00 00 26  00 00 00 02 01 1f 02 0f  |...F...&........|
0000de40  04 bf 01 00 00 01 bf 01  00 00 01 30 00 00 00 02  |...........0....|
0000de50  41 00 00 00 02 05 29 00  05 02 5e 30 03 00 03 1b  |A.....)...^0....|
0000de60  01 05 0b 67 05 07 68 05  06 08 3d 05 0c 68 05 01  |...g..h...=..h..|
0000de70  67 02 02 00 01 01 74 00  00 00 05 00 04 00 3c 00  |g.....t.......<.|
0000de80  00 00 01 01 01 fb 0e 0d  00 01 01 01 01 00 00 00  |................|
0000de90  01 00 00 01 01 01 1f 03  00 00 00 00 46 01 00 00  |............F...|
0000dea0  26 00 00 00 02 01 1f 02  0f 04 cc 01 00 00 01 cc  |&...............|
0000deb0  01 00 00 01 30 00 00 00  02 41 00 00 00 02 05 2c  |....0....A.....,|
0000dec0  00 05 02 8c 30 03 00 03  1b 01 05 0b 69 05 04 08  |....0.......i...|
0000ded0  21 05 09 67 05 11 08 4c  05 16 08 ac 05 06 58 05  |!..g...L......X.|
0000dee0  16 90 05 09 2e 2f 05 01  3d 02 02 00 01 01 b1 00  |...../..=.......|
0000def0  00 00 05 00 04 00 3c 00  00 00 01 01 01 fb 0e 0d  |......<.........|
0000df00  00 01 01 01 01 00 00 00  01 00 00 01 01 01 1f 03  |................|
0000df10  00 00 00 00 46 01 00 00  26 00 00 00 02 01 1f 02  |....F...&.......|
0000df20  0f 04 da 01 00 00 01 da  01 00 00 01 30 00 00 00  |............0...|
0000df30  02 41 00 00 00 02 05 23  00 05 02 f2 30 03 00 03  |.A.....#....0...|
0000df40  1f 01 05 04 6a 05 09 67  05 07 d6 05 08 40 05 04  |....j..g.....@..|
0000df50  93 05 10 00 02 04 01 66  05 09 67 05 0b 08 6a 05  |.......f..g...j.|
0000df60  02 74 05 0f 00 02 04 03  2f 05 07 00 02 04 03 90  |.t....../.......|
0000df70  05 0f 00 02 04 03 90 05  0a 00 02 04 03 3c 05 1b  |.............<..|
0000df80  00 02 04 03 2d 05 14 00  02 04 01 4a 05 04 87 05  |....-......J....|
0000df90  10 00 02 04 01 66 05 09  67 08 69 05 01 3d 02 02  |.....f..g.i..=..|
0000dfa0  00 01 01 5d 00 00 00 05  00 04 00 2e 00 00 00 01  |...]............|
0000dfb0  01 01 fb 0e 0d 00 01 01  01 01 00 00 00 01 00 00  |................|
0000dfc0  01 01 01 1f 02 00 00 00  00 46 01 00 00 02 01 1f  |.........F......|
0000dfd0  02 0f 02 e7 01 00 00 01  e7 01 00 00 01 05 30 00  |..............0.|
0000dfe0  05 02 8f 31 03 00 03 1a  01 05 07 3d 2f 05 0c 90  |...1.......=/...|
0000dff0  05 0a 3c 05 09 2f 05 0f  48 05 09 6a 05 01 3d 02  |..<../..H..j..=.|
0000e000  02 00 01 01 70 72 6f 67  44 45 00 73 74 61 74 75  |....progDE.statu|
0000e010  73 00 77 68 6f 6d 00 70  72 69 6f 72 69 74 79 5f  |s.whom.priority_|
0000e020  65 00 69 64 6c 65 00 70  72 6f 63 00 70 72 6f 67  |e.idle.proc.prog|
0000e030  46 47 00 61 72 67 76 00  70 72 69 6f 5f 74 00 65  |FG.argv.prio_t.e|
0000e040  6e 74 72 79 00 73 65 6c  65 63 74 00 70 69 64 5f  |ntry.select.pid_|
0000e050  74 00 70 72 6f 63 5f 73  00 70 72 6f 63 5f 74 00  |t.proc_s.proc_t.|
0000e060  6c 6f 6e 67 20 6c 6f 6e  67 20 75 6e 73 69 67 6e  |long long unsign|
0000e070  65 64 20 69 6e 74 00 75  6e 73 69 67 6e 65 64 20  |ed int.unsigned |
0000e080  63 68 61 72 00 73 77 72  69 74 65 73 00 73 70 72  |char.swrites.spr|
0000e090  69 6e 74 00 73 68 6f 72  74 20 75 6e 73 69 67 6e  |int.short unsign|
0000e0a0  65 64 20 69 6e 74 00 70  61 72 73 65 41 72 67 73  |ed int.parseArgs|
0000e0b0  00 70 72 69 6f 72 69 74  79 00 65 78 65 63 00 50  |.priority.exec.P|
0000e0c0  52 49 4f 5f 48 49 47 48  00 69 6e 5f 70 72 6f 63  |RIO_HIGH.in_proc|
0000e0d0  73 00 77 61 69 74 00 47  4e 55 20 43 39 39 20 31  |s.wait.GNU C99 1|
0000e0e0  31 2e 34 2e 30 20 2d 6d  33 32 20 2d 6d 74 75 6e  |1.4.0 -m32 -mtun|
0000e0f0  65 3d 67 65 6e 65 72 69  63 20 2d 6d 61 72 63 68  |e=generic -march|
0000e100  3d 69 36 38 36 20 2d 67  67 64 62 20 2d 73 74 64  |=i686 -ggdb -std|
0000e110  3d 63 39 39 20 2d 66 6e  6f 2d 70 69 65 20 2d 66  |=c99 -fno-pie -f|
0000e120  6e 6f 2d 73 74 61 63 6b  2d 70 72 6f 74 65 63 74  |no-stack-protect|
0000e130  6f 72 20 2d 66 6e 6f 2d  62 75 69 6c 74 69 6e 20  |or -fno-builtin |
0000e140  2d 66 61 73 79 6e 63 68  72 6f 6e 6f 75 73 2d 75  |-fasynchronous-u|
0000e150  6e 77 69 6e 64 2d 74 61  62 6c 65 73 20 2d 66 73  |nwind-tables -fs|
0000e160  74 61 63 6b 2d 63 6c 61  73 68 2d 70 72 6f 74 65  |tack-clash-prote|
0000e170  63 74 69 6f 6e 00 66 6f  72 6b 00 75 69 6e 74 38  |ction.fork.uint8|
0000e180  5f 74 00 4e 5f 50 52 49  4f 53 00 70 72 6f 63 5f  |_t.N_PRIOS.proc_|
0000e190  70 69 64 73 00 70 72 6f  63 65 73 73 00 6c 6f 6e  |pids.process.lon|
0000e1a0  67 20 6c 6f 6e 67 20 69  6e 74 00 69 6e 69 74 00  |g long int.init.|
0000e1b0  70 72 6f 67 48 00 70 72  6f 67 4b 4c 00 73 68 6f  |progH.progKL.sho|
0000e1c0  72 74 20 69 6e 74 00 70  72 6f 67 4a 00 70 72 6f  |rt int.progJ.pro|
0000e1d0  67 49 00 50 52 49 4f 5f  53 54 44 00 70 72 6f 67  |gI.PRIO_STD.prog|
0000e1e0  41 42 43 00 75 69 6e 74  33 32 5f 74 00 70 72 6f  |ABC.uint32_t.pro|
0000e1f0  67 52 00 70 72 6f 67 53  00 50 52 49 4f 5f 49 4e  |gR.progS.PRIO_IN|
0000e200  48 45 52 49 54 00 50 52  49 4f 5f 4c 4f 57 00 63  |HERIT.PRIO_LOW.c|
0000e210  77 72 69 74 65 73 00 61  72 67 63 00 67 65 74 70  |writes.argc.getp|
0000e220  69 64 00 5f 64 6c 63 00  67 65 74 70 72 69 6f 00  |id._dlc.getprio.|
0000e230  74 69 6d 65 5f 74 00 67  65 74 74 69 6d 65 00 65  |time_t.gettime.e|
0000e240  78 69 74 00 63 6f 75 6e  74 00 73 74 72 32 69 6e  |xit.count.str2in|
0000e250  74 00 73 77 72 69 74 65  63 68 00 73 6c 65 65 70  |t.swritech.sleep|
0000e260  00 61 72 67 7a 00 73 70  61 77 6e 00 70 72 6f 67  |.argz.spawn.prog|
0000e270  5a 00 63 68 69 6c 64 72  65 6e 00 6e 6b 69 64 73  |Z.children.nkids|
0000e280  00 61 72 67 77 00 70 72  6f 67 57 00 61 72 67 79  |.argw.progW.argy|
0000e290  00 70 72 6f 67 59 00 70  72 6f 67 58 00 6d 73 67  |.progY.progX.msg|
0000e2a0  32 00 61 6c 73 6f 5a 00  6d 73 67 77 00 6d 73 67  |2.alsoZ.msgw.msg|
0000e2b0  7a 00 70 72 6f 67 4d 4e  00 70 72 6f 67 50 00 62  |z.progMN.progP.b|
0000e2c0  6f 67 75 73 00 70 72 6f  67 51 00 64 65 6c 61 79  |ogus.progQ.delay|
0000e2d0  00 72 65 73 74 61 72 74  00 75 69 6e 74 5f 74 00  |.restart.uint_t.|
0000e2e0  74 68 69 73 00 70 72 6f  67 54 55 56 00 62 75 66  |this.progTUV.buf|
0000e2f0  31 00 63 77 72 69 74 65  63 68 00 63 77 72 69 74  |1.cwritech.cwrit|
0000e300  65 00 62 75 66 32 00 73  77 72 69 74 65 00 68 65  |e.buf2.swrite.he|
0000e310  78 64 69 67 69 74 73 00  6c 65 6e 67 00 73 74 72  |xdigits.leng.str|
0000e320  6c 65 6e 00 75 63 68 61  72 5f 74 00 65 78 70 61  |len.uchar_t.expa|
0000e330  6e 64 5f 61 72 67 73 00  70 6e 61 6d 65 00 77 68  |nd_args.pname.wh|
0000e340  61 74 00 6c 69 62 2f 75  73 79 73 2e 53 00 2f 68  |at.lib/usys.S./h|
0000e350  6f 6d 65 2f 72 6a 6c 65  30 33 2f 63 73 63 69 34  |ome/rjle03/csci4|
0000e360  35 32 00 47 4e 55 20 41  53 20 32 2e 33 38 00 63  |52.GNU AS 2.38.c|
0000e370  76 74 68 65 78 00 63 68  61 72 73 5f 73 74 6f 72  |vthex.chars_stor|
0000e380  65 64 00 76 61 6c 75 65  00 6c 65 66 74 61 64 6a  |ed.value.leftadj|
0000e390  75 73 74 00 70 61 64 63  68 61 72 00 63 76 74 75  |ust.padchar.cvtu|
0000e3a0  6e 73 00 70 61 64 73 74  72 00 63 76 74 6f 63 74  |ns.padstr.cvtoct|
0000e3b0  00 63 76 74 64 65 63 00  77 69 64 74 68 00 73 74  |.cvtdec.width.st|
0000e3c0  72 63 68 72 00 62 61 73  65 00 64 69 67 69 74 00  |rchr.base.digit.|
0000e3d0  73 69 67 6e 00 62 63 68  61 72 00 73 74 72 72 63  |sign.bchar.strrc|
0000e3e0  68 72 00 63 76 74 64 65  63 30 00 71 75 6f 74 69  |hr.cvtdec0.quoti|
0000e3f0  65 6e 74 00 63 76 74 75  6e 73 30 00 65 78 74 72  |ent.cvtuns0.extr|
0000e400  61 00 2f 68 6f 6d 65 2f  72 6a 6c 65 30 33 2f 63  |a./home/rjle03/c|
0000e410  73 63 69 34 35 32 00 75  73 65 72 2f 69 6e 69 74  |sci452.user/init|
0000e420  2e 63 00 75 73 65 72 00  2e 2f 69 6e 63 6c 75 64  |.c.user../includ|
0000e430  65 00 74 79 70 65 73 2e  68 00 75 64 65 66 73 2e  |e.types.h.udefs.|
0000e440  68 00 75 6c 69 62 2e 68  00 75 73 65 72 2f 69 64  |h.ulib.h.user/id|
0000e450  6c 65 2e 63 00 75 73 65  72 2f 70 72 6f 67 41 42  |le.c.user/progAB|
0000e460  43 2e 63 00 75 73 65 72  2f 70 72 6f 67 44 45 2e  |C.c.user/progDE.|
0000e470  63 00 75 73 65 72 2f 70  72 6f 67 46 47 2e 63 00  |c.user/progFG.c.|
0000e480  75 73 65 72 2f 70 72 6f  67 48 2e 63 00 75 73 65  |user/progH.c.use|
0000e490  72 2f 70 72 6f 67 49 2e  63 00 75 73 65 72 2f 70  |r/progI.c.user/p|
0000e4a0  72 6f 67 4a 2e 63 00 75  73 65 72 2f 70 72 6f 67  |rogJ.c.user/prog|
0000e4b0  4b 4c 2e 63 00 75 73 65  72 2f 70 72 6f 67 4d 4e  |KL.c.user/progMN|
0000e4c0  2e 63 00 75 73 65 72 2f  70 72 6f 67 50 2e 63 00  |.c.user/progP.c.|
0000e4d0  75 73 65 72 2f 70 72 6f  67 51 2e 63 00 75 73 65  |user/progQ.c.use|
0000e4e0  72 2f 70 72 6f 67 52 2e  63 00 75 73 65 72 2f 70  |r/progR.c.user/p|
0000e4f0  72 6f 67 53 2e 63 00 75  73 65 72 2f 70 72 6f 67  |rogS.c.user/prog|
0000e500  54 55 56 2e 63 00 75 73  65 72 2f 70 72 6f 67 57  |TUV.c.user/progW|
0000e510  2e 63 00 75 73 65 72 2f  70 72 6f 67 58 2e 63 00  |.c.user/progX.c.|
0000e520  75 73 65 72 2f 70 72 6f  67 59 2e 63 00 75 73 65  |user/progY.c.use|
0000e530  72 2f 70 72 6f 67 5a 2e  63 00 6c 69 62 2f 75 65  |r/progZ.c.lib/ue|
0000e540  78 74 72 61 73 2e 63 00  6c 69 62 00 75 73 79 73  |xtras.c.lib.usys|
0000e550  2e 53 00 6c 69 62 2f 63  76 74 68 65 78 2e 63 00  |.S.lib/cvthex.c.|
0000e560  6c 69 62 2f 73 70 72 69  6e 74 2e 63 00 6c 69 62  |lib/sprint.c.lib|
0000e570  2f 73 74 72 32 69 6e 74  2e 63 00 6c 69 62 2f 73  |/str2int.c.lib/s|
0000e580  74 72 63 68 72 2e 63 00  6c 69 62 2f 73 74 72 6c  |trchr.c.lib/strl|
0000e590  65 6e 2e 63 00 6c 69 62  2f 63 76 74 64 65 63 2e  |en.c.lib/cvtdec.|
0000e5a0  63 00 6c 69 62 2f 63 76  74 64 65 63 30 2e 63 00  |c.lib/cvtdec0.c.|
0000e5b0  6c 69 62 2f 63 76 74 6f  63 74 2e 63 00 6c 69 62  |lib/cvtoct.c.lib|
0000e5c0  2f 63 76 74 75 6e 73 2e  63 00 6c 69 62 2f 63 76  |/cvtuns.c.lib/cv|
0000e5d0  74 75 6e 73 30 2e 63 00  6c 69 62 2f 70 61 64 73  |tuns0.c.lib/pads|
0000e5e0  74 72 2e 63 00 6c 69 62  2f 70 61 64 2e 63 00 13  |tr.c.lib/pad.c..|
0000e5f0  00 00 00 05 00 04 00 00  00 00 00 04 88 04 96 05  |................|
0000e600  04 9b 05 9c 05 00 13 00  00 00 05 00 04 00 00 00  |................|
0000e610  00 00 04 9a 01 f8 01 04  81 02 85 02 00 00 00 00  |................|
0000e620  00 00 00 00 00 00 00 00  00 00 00 00 00 00 00 00  |................|
0000e630  01 00 00 00 00 00 00 00  00 00 00 00 04 00 f1 ff  |................|
0000e640  08 00 00 00 a0 40 03 00  b4 00 00 00 01 00 02 00  |.....@..........|
0000e650  11 00 00 00 00 60 03 00  3c 00 00 00 01 00 04 00  |.....`..<.......|
0000e660  6d 02 00 00 00 50 03 00  01 00 00 00 01 00 03 00  |m....P..........|
0000e670  1b 00 00 00 08 00 03 00  0a 01 00 00 02 00 01 00  |................|
0000e680  23 00 00 00 00 00 00 00  00 00 00 00 04 00 f1 ff  |#...............|
0000e690  2a 00 00 00 00 00 00 00  00 00 00 00 04 00 f1 ff  |*...............|
0000e6a0  34 00 00 00 00 00 00 00  00 00 00 00 04 00 f1 ff  |4...............|
0000e6b0  3d 00 00 00 00 00 00 00  00 00 00 00 04 00 f1 ff  |=...............|
0000e6c0  46 00 00 00 00 00 00 00  00 00 00 00 04 00 f1 ff  |F...............|
0000e6d0  4e 00 00 00 00 00 00 00  00 00 00 00 04 00 f1 ff  |N...............|
0000e6e0  56 00 00 00 00 00 00 00  00 00 00 00 04 00 f1 ff  |V...............|
0000e6f0  5e 00 00 00 00 00 00 00  00 00 00 00 04 00 f1 ff  |^...............|
0000e700  67 00 00 00 00 00 00 00  00 00 00 00 04 00 f1 ff  |g...............|
0000e710  70 00 00 00 00 00 00 00  00 00 00 00 04 00 f1 ff  |p...............|
0000e720  78 00 00 00 00 00 00 00  00 00 00 00 04 00 f1 ff  |x...............|
0000e730  80 00 00 00 00 00 00 00  00 00 00 00 04 00 f1 ff  |................|
0000e740  88 00 00 00 00 00 00 00  00 00 00 00 04 00 f1 ff  |................|
0000e750  90 00 00 00 00 00 00 00  00 00 00 00 04 00 f1 ff  |................|
0000e760  9a 00 00 00 00 00 00 00  00 00 00 00 04 00 f1 ff  |................|
0000e770  a2 00 00 00 00 00 00 00  00 00 00 00 04 00 f1 ff  |................|
0000e780  aa 00 00 00 00 00 00 00  00 00 00 00 04 00 f1 ff  |................|
0000e790  b2 00 00 00 00 00 00 00  00 00 00 00 04 00 f1 ff  |................|
0000e7a0  ba 00 00 00 00 00 00 00  00 00 00 00 04 00 f1 ff  |................|
0000e7b0  c4 00 00 00 00 00 00 00  00 00 00 00 04 00 f1 ff  |................|
0000e7c0  cb 00 00 00 64 2a 03 00  00 00 00 00 00 00 01 00  |....d*..........|
0000e7d0  d0 00 00 00 00 00 00 00  00 00 00 00 04 00 f1 ff  |................|
0000e7e0  d9 00 00 00 00 00 00 00  00 00 00 00 04 00 f1 ff  |................|
0000e7f0  e2 00 00 00 00 00 00 00  00 00 00 00 04 00 f1 ff  |................|
0000e800  ec 00 00 00 00 00 00 00  00 00 00 00 04 00 f1 ff  |................|
0000e810  f5 00 00 00 00 00 00 00  00 00 00 00 04 00 f1 ff  |................|
0000e820  fe 00 00 00 00 00 00 00  00 00 00 00 04 00 f1 ff  |................|
0000e830  07 01 00 00 00 00 00 00  00 00 00 00 04 00 f1 ff  |................|
0000e840  11 01 00 00 00 00 00 00  00 00 00 00 04 00 f1 ff  |................|
0000e850  1a 01 00 00 00 00 00 00  00 00 00 00 04 00 f1 ff  |................|
0000e860  23 01 00 00 00 00 00 00  00 00 00 00 04 00 f1 ff  |#...............|
0000e870  2d 01 00 00 00 00 00 00  00 00 00 00 04 00 f1 ff  |-...............|
0000e880  36 01 00 00 00 00 00 00  00 00 00 00 04 00 f1 ff  |6...............|
0000e890  3c 01 00 00 63 14 03 00  e7 01 00 00 12 00 01 00  |<...c...........|
0000e8a0  42 01 00 00 9a 29 03 00  21 00 00 00 12 00 01 00  |B....)..!.......|
0000e8b0  4b 01 00 00 04 06 03 00  f8 01 00 00 12 00 01 00  |K...............|
0000e8c0  52 01 00 00 14 1f 03 00  39 02 00 00 12 00 01 00  |R.......9.......|
0000e8d0  58 01 00 00 0a 23 03 00  c9 01 00 00 12 00 01 00  |X....#..........|
0000e8e0  5e 01 00 00 7f 29 03 00  1b 00 00 00 12 00 01 00  |^....)..........|
0000e8f0  65 01 00 00 46 2d 03 00  13 01 00 00 12 00 01 00  |e...F-..........|
0000e900  6d 01 00 00 5e 30 03 00  2e 00 00 00 12 00 01 00  |m...^0..........|
0000e910  74 01 00 00 ea 09 03 00  ef 01 00 00 12 00 01 00  |t...............|
0000e920  7a 01 00 00 3b 2a 03 00  00 00 00 00 10 00 01 00  |z...;*..........|
0000e930  81 01 00 00 4d 21 03 00  bd 01 00 00 12 00 01 00  |....M!..........|
0000e940  87 01 00 00 9a 03 03 00  6a 02 00 00 12 00 01 00  |........j.......|
0000e950  8f 01 00 00 33 2a 03 00  00 00 00 00 10 00 01 00  |....3*..........|
0000e960  95 01 00 00 df 1b 03 00  35 03 00 00 12 00 01 00  |........5.......|
0000e970  9d 01 00 00 00 00 03 00  00 00 00 00 10 00 01 00  |................|
0000e980  a5 01 00 00 e8 29 03 00  1b 00 00 00 12 00 01 00  |.....)..........|
0000e990  ac 01 00 00 8f 31 03 00  22 00 00 00 12 00 01 00  |.....1..".......|
0000e9a0  b0 01 00 00 4a 16 03 00  6f 01 00 00 12 00 01 00  |....J...o.......|
0000e9b0  b6 01 00 00 d9 0b 03 00  b0 02 00 00 12 00 01 00  |................|
0000e9c0  bc 01 00 00 68 28 03 00  c9 00 00 00 12 00 01 00  |....h(..........|
0000e9d0  c2 01 00 00 d1 2a 03 00  75 02 00 00 12 00 01 00  |.....*..u.......|
0000e9e0  c9 01 00 00 00 00 03 00  00 00 00 00 10 00 01 00  |................|
0000e9f0  d3 01 00 00 66 2a 03 00  6b 00 00 00 12 00 01 00  |....f*..k.......|
0000ea00  da 01 00 00 89 2e 03 00  57 00 00 00 12 00 01 00  |........W.......|
0000ea10  e2 01 00 00 8c 30 03 00  66 00 00 00 12 00 01 00  |.....0..f.......|
0000ea20  5f 01 00 00 2b 2a 03 00  00 00 00 00 10 00 01 00  |_...+*..........|
0000ea30  ea 01 00 00 52 29 03 00  2d 00 00 00 12 00 01 00  |....R)..-.......|
0000ea40  f2 01 00 00 1b 2a 03 00  00 00 00 00 10 00 01 00  |.....*..........|
0000ea50  f7 01 00 00 0b 2a 03 00  00 00 00 00 10 00 01 00  |.....*..........|
0000ea60  fc 01 00 00 bb 29 03 00  2d 00 00 00 12 00 01 00  |.....)..-.......|
0000ea70  04 02 00 00 fb 02 03 00  9f 00 00 00 12 00 01 00  |................|
0000ea80  09 02 00 00 00 00 03 00  00 00 00 00 10 00 01 00  |................|
0000ea90  10 02 00 00 23 2a 03 00  00 00 00 00 10 00 01 00  |....#*..........|
0000eaa0  15 02 00 00 4b 2a 03 00  00 00 00 00 10 00 01 00  |....K*..........|
0000eab0  1d 02 00 00 47 2f 03 00  91 00 00 00 12 00 01 00  |....G/..........|
0000eac0  25 02 00 00 13 2a 03 00  00 00 00 00 10 00 01 00  |%....*..........|
0000ead0  2a 02 00 00 12 01 03 00  e9 01 00 00 12 00 01 00  |*...............|
0000eae0  2f 02 00 00 18 47 03 00  11 00 00 00 11 00 02 00  |/....G..........|
0000eaf0  39 02 00 00 48 10 03 00  dd 01 00 00 12 00 01 00  |9...H...........|
0000eb00  40 02 00 00 62 27 03 00  06 01 00 00 12 00 01 00  |@...b'..........|
0000eb10  4c 02 00 00 25 12 03 00  3e 02 00 00 12 00 01 00  |L...%...>.......|
0000eb20  53 02 00 00 f2 30 03 00  9d 00 00 00 12 00 01 00  |S....0..........|
0000eb30  5a 02 00 00 b9 17 03 00  75 02 00 00 12 00 01 00  |Z.......u.......|
0000eb40  60 02 00 00 d8 2f 03 00  86 00 00 00 12 00 01 00  |`..../..........|
0000eb50  67 02 00 00 31 29 03 00  21 00 00 00 12 00 01 00  |g...1)..!.......|
0000eb60  70 02 00 00 43 2a 03 00  00 00 00 00 10 00 01 00  |p...C*..........|
0000eb70  78 02 00 00 04 2f 03 00  43 00 00 00 12 00 01 00  |x..../..C.......|
0000eb80  b1 02 00 00 03 2a 03 00  00 00 00 00 10 00 01 00  |.....*..........|
0000eb90  7f 02 00 00 2e 1a 03 00  b1 01 00 00 12 00 01 00  |................|
0000eba0  85 02 00 00 89 0e 03 00  bf 01 00 00 12 00 01 00  |................|
0000ebb0  8b 02 00 00 fc 07 03 00  ee 01 00 00 12 00 01 00  |................|
0000ebc0  92 02 00 00 e0 2e 03 00  24 00 00 00 12 00 01 00  |........$.......|
0000ebd0  99 02 00 00 d3 24 03 00  ec 01 00 00 12 00 01 00  |.....$..........|
0000ebe0  9f 02 00 00 59 2e 03 00  30 00 00 00 12 00 01 00  |....Y...0.......|
0000ebf0  a6 02 00 00 53 2a 03 00  00 00 00 00 10 00 01 00  |....S*..........|
0000ec00  ac 02 00 00 5b 2a 03 00  00 00 00 00 10 00 01 00  |....[*..........|
0000ec10  b6 02 00 00 bf 26 03 00  a3 00 00 00 12 00 01 00  |.....&..........|
0000ec20  00 69 6e 69 74 2e 63 00  69 6e 5f 70 72 6f 63 73  |.init.c.in_procs|
0000ec30  00 70 72 6f 63 5f 70 69  64 73 00 70 72 6f 63 65  |.proc_pids.proce|
0000ec40  73 73 00 69 64 6c 65 2e  63 00 70 72 6f 67 41 42  |ss.idle.c.progAB|
0000ec50  43 2e 63 00 70 72 6f 67  44 45 2e 63 00 70 72 6f  |C.c.progDE.c.pro|
0000ec60  67 46 47 2e 63 00 70 72  6f 67 48 2e 63 00 70 72  |gFG.c.progH.c.pr|
0000ec70  6f 67 49 2e 63 00 70 72  6f 67 4a 2e 63 00 70 72  |ogI.c.progJ.c.pr|
0000ec80  6f 67 4b 4c 2e 63 00 70  72 6f 67 4d 4e 2e 63 00  |ogKL.c.progMN.c.|
0000ec90  70 72 6f 67 50 2e 63 00  70 72 6f 67 51 2e 63 00  |progP.c.progQ.c.|
0000eca0  70 72 6f 67 52 2e 63 00  70 72 6f 67 53 2e 63 00  |progR.c.progS.c.|
0000ecb0  70 72 6f 67 54 55 56 2e  63 00 70 72 6f 67 57 2e  |progTUV.c.progW.|
0000ecc0  63 00 70 72 6f 67 58 2e  63 00 70 72 6f 67 59 2e  |c.progX.c.progY.|
0000ecd0  63 00 70 72 6f 67 5a 2e  63 00 75 65 78 74 72 61  |c.progZ.c.uextra|
0000ece0  73 2e 63 00 75 73 79 73  2e 6f 00 68 61 6e 67 00  |s.c.usys.o.hang.|
0000ecf0  63 76 74 68 65 78 2e 63  00 73 70 72 69 6e 74 2e  |cvthex.c.sprint.|
0000ed00  63 00 73 74 72 32 69 6e  74 2e 63 00 73 74 72 63  |c.str2int.c.strc|
0000ed10  68 72 2e 63 00 73 74 72  6c 65 6e 2e 63 00 63 76  |hr.c.strlen.c.cv|
0000ed20  74 64 65 63 2e 63 00 63  76 74 64 65 63 30 2e 63  |tdec.c.cvtdec0.c|
0000ed30  00 63 76 74 6f 63 74 2e  63 00 63 76 74 75 6e 73  |.cvtoct.c.cvtuns|
0000ed40  2e 63 00 63 76 74 75 6e  73 30 2e 63 00 70 61 64  |.c.cvtuns0.c.pad|
0000ed50  73 74 72 2e 63 00 70 61  64 2e 63 00 70 72 6f 67  |str.c.pad.c.prog|
0000ed60  50 00 73 77 72 69 74 65  63 68 00 70 72 6f 67 44  |P.swritech.progD|
0000ed70  45 00 70 72 6f 67 57 00  70 72 6f 67 59 00 63 77  |E.progW.progY.cw|
0000ed80  72 69 74 65 00 73 74 72  32 69 6e 74 00 63 76 74  |rite.str2int.cvt|
0000ed90  75 6e 73 00 70 72 6f 67  48 00 67 65 74 70 69 64  |uns.progH.getpid|
0000eda0  00 70 72 6f 67 58 00 70  72 6f 67 41 42 43 00 73  |.progX.progABC.s|
0000edb0  6c 65 65 70 00 70 72 6f  67 54 55 56 00 62 65 67  |leep.progTUV.beg|
0000edc0  74 65 78 74 00 73 77 72  69 74 65 00 70 61 64 00  |text.swrite.pad.|
0000edd0  70 72 6f 67 51 00 70 72  6f 67 49 00 73 70 61 77  |progQ.progI.spaw|
0000ede0  6e 00 73 70 72 69 6e 74  00 6c 6f 63 61 74 69 6f  |n.sprint.locatio|
0000edf0  6e 73 00 63 76 74 68 65  78 00 73 74 72 72 63 68  |ns.cvthex.strrch|
0000ee00  72 00 63 76 74 75 6e 73  30 00 63 77 72 69 74 65  |r.cvtuns0.cwrite|
0000ee10  73 00 65 78 65 63 00 77  61 69 74 00 73 77 72 69  |s.exec.wait.swri|
0000ee20  74 65 73 00 69 64 6c 65  00 5f 73 74 61 72 74 00  |tes.idle._start.|
0000ee30  72 65 61 64 00 67 65 74  70 72 69 6f 00 63 76 74  |read.getprio.cvt|
0000ee40  64 65 63 30 00 66 6f 72  6b 00 69 6e 69 74 00 68  |dec0.fork.init.h|
0000ee50  65 78 64 69 67 69 74 73  00 70 72 6f 67 4b 4c 00  |exdigits.progKL.|
0000ee60  65 78 70 61 6e 64 5f 61  72 67 73 00 70 72 6f 67  |expand_args.prog|
0000ee70  4d 4e 00 70 61 64 73 74  72 00 70 72 6f 67 52 00  |MN.padstr.progR.|
0000ee80  63 76 74 6f 63 74 00 63  77 72 69 74 65 63 68 00  |cvtoct.cwritech.|
0000ee90  67 65 74 74 69 6d 65 00  63 76 74 64 65 63 00 70  |gettime.cvtdec.p|
0000eea0  72 6f 67 53 00 70 72 6f  67 4a 00 70 72 6f 67 46  |rogS.progJ.progF|
0000eeb0  47 00 73 74 72 6c 65 6e  00 70 72 6f 67 5a 00 73  |G.strlen.progZ.s|
0000eec0  74 72 63 68 72 00 62 6f  67 75 73 00 66 61 6b 65  |trchr.bogus.fake|
0000eed0  5f 65 78 69 74 00 70 61  72 73 65 41 72 67 73 00  |_exit.parseArgs.|
0000eee0  00 2e 73 79 6d 74 61 62  00 2e 73 74 72 74 61 62  |..symtab..strtab|
0000eef0  00 2e 73 68 73 74 72 74  61 62 00 2e 74 65 78 74  |..shstrtab..text|
0000ef00  00 2e 72 6f 64 61 74 61  00 2e 64 61 74 61 00 2e  |..rodata..data..|
0000ef10  62 73 73 00 2e 64 65 62  75 67 5f 69 6e 66 6f 00  |bss..debug_info.|
0000ef20  2e 64 65 62 75 67 5f 61  62 62 72 65 76 00 2e 64  |.debug_abbrev..d|
0000ef30  65 62 75 67 5f 61 72 61  6e 67 65 73 00 2e 64 65  |ebug_aranges..de|
0000ef40  62 75 67 5f 6c 69 6e 65  00 2e 64 65 62 75 67 5f  |bug_line..debug_|
0000ef50  73 74 72 00 2e 64 65 62  75 67 5f 6c 69 6e 65 5f  |str..debug_line_|
0000ef60  73 74 72 00 2e 64 65 62  75 67 5f 72 6e 67 6c 69  |str..debug_rngli|
0000ef70  73 74 73 00 00 00 00 00  00 00 00 00 00 00 00 00  |sts.............|
0000ef80  00 00 00 00 00 00 00 00  00 00 00 00 00 00 00 00  |................|
0000ef90  00 00 00 00 00 00 00 00  00 00 00 00 1b 00 00 00  |................|
0000efa0  01 00 00 00 06 00 00 00  00 00 03 00 00 10 00 00  |................|
0000efb0  b1 31 00 00 00 00 00 00  00 00 00 00 01 00 00 00  |.1..............|
0000efc0  00 00 00 00 21 00 00 00  01 00 00 00 02 00 00 00  |....!...........|
0000efd0  00 40 03 00 00 50 00 00  84 07 00 00 00 00 00 00  |.@...P..........|
0000efe0  00 00 00 00 20 00 00 00  00 00 00 00 29 00 00 00  |.... .......)...|
0000eff0  01 00 00 00 03 00 00 00  00 50 03 00 00 60 00 00  |.........P...`..|
0000f000  01 00 00 00 00 00 00 00  00 00 00 00 01 00 00 00  |................|
0000f010  00 00 00 00 2f 00 00 00  08 00 00 00 03 00 00 00  |..../...........|
0000f020  00 60 03 00 01 60 00 00  3c 00 00 00 00 00 00 00  |.`...`..<.......|
0000f030  00 00 00 00 20 00 00 00  00 00 00 00 34 00 00 00  |.... .......4...|
0000f040  01 00 00 00 00 00 00 00  00 00 00 00 01 60 00 00  |.............`..|
0000f050  94 3e 00 00 00 00 00 00  00 00 00 00 01 00 00 00  |.>..............|
0000f060  00 00 00 00 40 00 00 00  01 00 00 00 00 00 00 00  |....@...........|
0000f070  00 00 00 00 95 9e 00 00  68 20 00 00 00 00 00 00  |........h ......|
0000f080  00 00 00 00 01 00 00 00  00 00 00 00 4e 00 00 00  |............N...|
0000f090  01 00 00 00 00 00 00 00  00 00 00 00 00 bf 00 00  |................|
0000f0a0  20 04 00 00 00 00 00 00  00 00 00 00 08 00 00 00  | ...............|
0000f0b0  00 00 00 00 5d 00 00 00  01 00 00 00 00 00 00 00  |....]...........|
0000f0c0  00 00 00 00 20 c3 00 00  e4 1c 00 00 00 00 00 00  |.... ...........|
0000f0d0  00 00 00 00 01 00 00 00  00 00 00 00 69 00 00 00  |............i...|
0000f0e0  01 00 00 00 30 00 00 00  00 00 00 00 04 e0 00 00  |....0...........|
0000f0f0  fe 03 00 00 00 00 00 00  00 00 00 00 01 00 00 00  |................|
0000f100  01 00 00 00 74 00 00 00  01 00 00 00 30 00 00 00  |....t.......0...|
0000f110  00 00 00 00 02 e4 00 00  ed 01 00 00 00 00 00 00  |................|
0000f120  00 00 00 00 01 00 00 00  01 00 00 00 84 00 00 00  |................|
0000f130  01 00 00 00 00 00 00 00  00 00 00 00 ef e5 00 00  |................|
0000f140  2e 00 00 00 00 00 00 00  00 00 00 00 01 00 00 00  |................|
0000f150  00 00 00 00 01 00 00 00  02 00 00 00 00 00 00 00  |................|
0000f160  00 00 00 00 20 e6 00 00  00 06 00 00 0d 00 00 00  |.... ...........|
0000f170  27 00 00 00 04 00 00 00  10 00 00 00 09 00 00 00  |'...............|
0000f180  03 00 00 00 00 00 00 00  00 00 00 00 20 ec 00 00  |............ ...|
0000f190  c0 02 00 00 00 00 00 00  00 00 00 00 01 00 00 00  |................|
0000f1a0  00 00 00 00 11 00 00 00  03 00 00 00 00 00 00 00  |................|
0000f1b0  00 00 00 00 e0 ee 00 00  94 00 00 00 00 00 00 00  |................|
0000f1c0  00 00 00 00 01 00 00 00  00 00 00 00              |............|
0000f1cc
