00000000  fa b0 00 e6 70 31 c0 66  b8 18 00 8e d8 8e c0 8e  |....p1.f........|
00000010  e0 8e e8 66 b8 20 00 8e  d0 bd 00 00 01 00 89 ec  |...f. ..........|
00000020  bf 00 a0 01 00 c7 07 00  00 00 00 83 c7 04 81 ff  |................|
00000030  c0 b6 01 00 72 ef e8 f7  1e 00 00 e9 2f 00 00 00  |....r......./...|
00000040  60 1e 06 0f a0 0f a8 16  8b 44 24 34 8b 5c 24 38  |`........D$4.\$8|
00000050  8b 15 5c a6 01 00 89 22  8b 25 b8 b2 01 00 83 ec  |..\....".%......|
00000060  08 53 50 8b 1c 85 c0 b2  01 00 ff d3 83 c4 10 8b  |.SP.............|
00000070  1d 5c a6 01 00 8b 23 89  e0 83 ec 0c 50 e8 9c 2b  |.\....#.....P..+|
00000080  00 00 83 c4 10 68 a2 00  01 00 6a 01 6a 00 e8 54  |.....h....j.j..T|
00000090  16 00 00 83 c4 0c 17 0f  a9 0f a1 07 1f 61 83 c4  |.............a..|
000000a0  08 cf 20 73 73 3d 25 30  38 78 20 20 67 73 3d 25  |.. ss=%08x  gs=%|
000000b0  30 38 78 20 20 66 73 3d  25 30 38 78 20 20 65 73  |08x  fs=%08x  es|
000000c0  3d 25 30 38 78 20 20 64  73 3d 25 30 38 78 0a 65  |=%08x  ds=%08x.e|
000000d0  64 69 3d 25 30 38 78 20  65 73 69 3d 25 30 38 78  |di=%08x esi=%08x|
000000e0  20 65 62 70 3d 25 30 38  78 20 65 73 70 3d 25 30  | ebp=%08x esp=%0|
000000f0  38 78 20 65 62 78 3d 25  30 38 78 0a 65 64 78 3d  |8x ebx=%08x.edx=|
00000100  25 30 38 78 20 65 63 78  3d 25 30 38 78 20 65 61  |%08x ecx=%08x ea|
00000110  78 3d 25 30 38 78 20 76  65 63 3d 25 30 38 78 20  |x=%08x vec=%08x |
00000120  63 6f 64 3d 25 30 38 78  0a 65 69 70 3d 25 30 38  |cod=%08x.eip=%08|
00000130  78 20 20 63 73 3d 25 30  38 78 20 65 66 6c 3d 25  |x  cs=%08x efl=%|
00000140  30 38 78 0a 00 6a 00 6a  00 e9 f2 fe ff ff 6a 00  |08x..j.j......j.|
00000150  6a 01 e9 e9 fe ff ff 6a  00 6a 02 e9 e0 fe ff ff  |j......j.j......|
00000160  6a 00 6a 03 e9 d7 fe ff  ff 6a 00 6a 04 e9 ce fe  |j.j......j.j....|
00000170  ff ff 6a 00 6a 05 e9 c5  fe ff ff 6a 00 6a 06 e9  |..j.j......j.j..|
00000180  bc fe ff ff 6a 00 6a 07  e9 b3 fe ff ff 6a 08 e9  |....j.j......j..|
00000190  ac fe ff ff 6a 00 6a 09  e9 a3 fe ff ff 6a 0a e9  |....j.j......j..|
000001a0  9c fe ff ff 6a 0b e9 95  fe ff ff 6a 0c e9 8e fe  |....j......j....|
000001b0  ff ff 6a 0d e9 87 fe ff  ff 6a 0e e9 80 fe ff ff  |..j......j......|
000001c0  6a 00 6a 0f e9 77 fe ff  ff 6a 00 6a 10 e9 6e fe  |j.j..w...j.j..n.|
000001d0  ff ff 6a 11 e9 67 fe ff  ff 6a 00 6a 12 e9 5e fe  |..j..g...j.j..^.|
000001e0  ff ff 6a 00 6a 13 e9 55  fe ff ff 6a 00 6a 14 e9  |..j.j..U...j.j..|
000001f0  4c fe ff ff 6a 15 e9 45  fe ff ff 6a 00 6a 16 e9  |L...j..E...j.j..|
00000200  3c fe ff ff 6a 00 6a 17  e9 33 fe ff ff 6a 00 6a  |<...j.j..3...j.j|
00000210  18 e9 2a fe ff ff 6a 00  6a 19 e9 21 fe ff ff 6a  |..*...j.j..!...j|
00000220  00 6a 1a e9 18 fe ff ff  6a 00 6a 1b e9 0f fe ff  |.j......j.j.....|
00000230  ff 6a 00 6a 1c e9 06 fe  ff ff 6a 00 6a 1d e9 fd  |.j.j......j.j...|
00000240  fd ff ff 6a 00 6a 1e e9  f4 fd ff ff 6a 00 6a 1f  |...j.j......j.j.|
00000250  e9 eb fd ff ff 6a 00 6a  20 e9 e2 fd ff ff 6a 00  |.....j.j .....j.|
00000260  6a 21 e9 d9 fd ff ff 6a  00 6a 22 e9 d0 fd ff ff  |j!.....j.j".....|
00000270  6a 00 6a 23 e9 c7 fd ff  ff 6a 00 6a 24 e9 be fd  |j.j#.....j.j$...|
00000280  ff ff 6a 00 6a 25 e9 b5  fd ff ff 6a 00 6a 26 e9  |..j.j%.....j.j&.|
00000290  ac fd ff ff 6a 00 6a 27  e9 a3 fd ff ff 6a 00 6a  |....j.j'.....j.j|
000002a0  28 e9 9a fd ff ff 6a 00  6a 29 e9 91 fd ff ff 6a  |(.....j.j).....j|
000002b0  00 6a 2a e9 88 fd ff ff  6a 00 6a 2b e9 7f fd ff  |.j*.....j.j+....|
000002c0  ff 6a 00 6a 2c e9 76 fd  ff ff 6a 00 6a 2d e9 6d  |.j.j,.v...j.j-.m|
000002d0  fd ff ff 6a 00 6a 2e e9  64 fd ff ff 6a 00 6a 2f  |...j.j..d...j.j/|
000002e0  e9 5b fd ff ff 6a 00 6a  30 e9 52 fd ff ff 6a 00  |.[...j.j0.R...j.|
000002f0  6a 31 e9 49 fd ff ff 6a  00 6a 32 e9 40 fd ff ff  |j1.I...j.j2.@...|
00000300  6a 00 6a 33 e9 37 fd ff  ff 6a 00 6a 34 e9 2e fd  |j.j3.7...j.j4...|
00000310  ff ff 6a 00 6a 35 e9 25  fd ff ff 6a 00 6a 36 e9  |..j.j5.%...j.j6.|
00000320  1c fd ff ff 6a 00 6a 37  e9 13 fd ff ff 6a 00 6a  |....j.j7.....j.j|
00000330  38 e9 0a fd ff ff 6a 00  6a 39 e9 01 fd ff ff 6a  |8.....j.j9.....j|
00000340  00 6a 3a e9 f8 fc ff ff  6a 00 6a 3b e9 ef fc ff  |.j:.....j.j;....|
00000350  ff 6a 00 6a 3c e9 e6 fc  ff ff 6a 00 6a 3d e9 dd  |.j.j<.....j.j=..|
00000360  fc ff ff 6a 00 6a 3e e9  d4 fc ff ff 6a 00 6a 3f  |...j.j>.....j.j?|
00000370  e9 cb fc ff ff 6a 00 6a  40 e9 c2 fc ff ff 6a 00  |.....j.j@.....j.|
00000380  6a 41 e9 b9 fc ff ff 6a  00 6a 42 e9 b0 fc ff ff  |jA.....j.jB.....|
00000390  6a 00 6a 43 e9 a7 fc ff  ff 6a 00 6a 44 e9 9e fc  |j.jC.....j.jD...|
000003a0  ff ff 6a 00 6a 45 e9 95  fc ff ff 6a 00 6a 46 e9  |..j.jE.....j.jF.|
000003b0  8c fc ff ff 6a 00 6a 47  e9 83 fc ff ff 6a 00 6a  |....j.jG.....j.j|
000003c0  48 e9 7a fc ff ff 6a 00  6a 49 e9 71 fc ff ff 6a  |H.z...j.jI.q...j|
000003d0  00 6a 4a e9 68 fc ff ff  6a 00 6a 4b e9 5f fc ff  |.jJ.h...j.jK._..|
000003e0  ff 6a 00 6a 4c e9 56 fc  ff ff 6a 00 6a 4d e9 4d  |.j.jL.V...j.jM.M|
000003f0  fc ff ff 6a 00 6a 4e e9  44 fc ff ff 6a 00 6a 4f  |...j.jN.D...j.jO|
00000400  e9 3b fc ff ff 6a 00 6a  50 e9 32 fc ff ff 6a 00  |.;...j.jP.2...j.|
00000410  6a 51 e9 29 fc ff ff 6a  00 6a 52 e9 20 fc ff ff  |jQ.)...j.jR. ...|
00000420  6a 00 6a 53 e9 17 fc ff  ff 6a 00 6a 54 e9 0e fc  |j.jS.....j.jT...|
00000430  ff ff 6a 00 6a 55 e9 05  fc ff ff 6a 00 6a 56 e9  |..j.jU.....j.jV.|
00000440  fc fb ff ff 6a 00 6a 57  e9 f3 fb ff ff 6a 00 6a  |....j.jW.....j.j|
00000450  58 e9 ea fb ff ff 6a 00  6a 59 e9 e1 fb ff ff 6a  |X.....j.jY.....j|
00000460  00 6a 5a e9 d8 fb ff ff  6a 00 6a 5b e9 cf fb ff  |.jZ.....j.j[....|
00000470  ff 6a 00 6a 5c e9 c6 fb  ff ff 6a 00 6a 5d e9 bd  |.j.j\.....j.j]..|
00000480  fb ff ff 6a 00 6a 5e e9  b4 fb ff ff 6a 00 6a 5f  |...j.j^.....j.j_|
00000490  e9 ab fb ff ff 6a 00 6a  60 e9 a2 fb ff ff 6a 00  |.....j.j`.....j.|
000004a0  6a 61 e9 99 fb ff ff 6a  00 6a 62 e9 90 fb ff ff  |ja.....j.jb.....|
000004b0  6a 00 6a 63 e9 87 fb ff  ff 6a 00 6a 64 e9 7e fb  |j.jc.....j.jd.~.|
000004c0  ff ff 6a 00 6a 65 e9 75  fb ff ff 6a 00 6a 66 e9  |..j.je.u...j.jf.|
000004d0  6c fb ff ff 6a 00 6a 67  e9 63 fb ff ff 6a 00 6a  |l...j.jg.c...j.j|
000004e0  68 e9 5a fb ff ff 6a 00  6a 69 e9 51 fb ff ff 6a  |h.Z...j.ji.Q...j|
000004f0  00 6a 6a e9 48 fb ff ff  6a 00 6a 6b e9 3f fb ff  |.jj.H...j.jk.?..|
00000500  ff 6a 00 6a 6c e9 36 fb  ff ff 6a 00 6a 6d e9 2d  |.j.jl.6...j.jm.-|
00000510  fb ff ff 6a 00 6a 6e e9  24 fb ff ff 6a 00 6a 6f  |...j.jn.$...j.jo|
00000520  e9 1b fb ff ff 6a 00 6a  70 e9 12 fb ff ff 6a 00  |.....j.jp.....j.|
00000530  6a 71 e9 09 fb ff ff 6a  00 6a 72 e9 00 fb ff ff  |jq.....j.jr.....|
00000540  6a 00 6a 73 e9 f7 fa ff  ff 6a 00 6a 74 e9 ee fa  |j.js.....j.jt...|
00000550  ff ff 6a 00 6a 75 e9 e5  fa ff ff 6a 00 6a 76 e9  |..j.ju.....j.jv.|
00000560  dc fa ff ff 6a 00 6a 77  e9 d3 fa ff ff 6a 00 6a  |....j.jw.....j.j|
00000570  78 e9 ca fa ff ff 6a 00  6a 79 e9 c1 fa ff ff 6a  |x.....j.jy.....j|
00000580  00 6a 7a e9 b8 fa ff ff  6a 00 6a 7b e9 af fa ff  |.jz.....j.j{....|
00000590  ff 6a 00 6a 7c e9 a6 fa  ff ff 6a 00 6a 7d e9 9d  |.j.j|.....j.j}..|
000005a0  fa ff ff 6a 00 6a 7e e9  94 fa ff ff 6a 00 6a 7f  |...j.j~.....j.j.|
000005b0  e9 8b fa ff ff 6a 00 68  80 00 00 00 e9 7f fa ff  |.....j.h........|
000005c0  ff 6a 00 68 81 00 00 00  e9 73 fa ff ff 6a 00 68  |.j.h.....s...j.h|
000005d0  82 00 00 00 e9 67 fa ff  ff 6a 00 68 83 00 00 00  |.....g...j.h....|
000005e0  e9 5b fa ff ff 6a 00 68  84 00 00 00 e9 4f fa ff  |.[...j.h.....O..|
000005f0  ff 6a 00 68 85 00 00 00  e9 43 fa ff ff 6a 00 68  |.j.h.....C...j.h|
00000600  86 00 00 00 e9 37 fa ff  ff 6a 00 68 87 00 00 00  |.....7...j.h....|
00000610  e9 2b fa ff ff 6a 00 68  88 00 00 00 e9 1f fa ff  |.+...j.h........|
00000620  ff 6a 00 68 89 00 00 00  e9 13 fa ff ff 6a 00 68  |.j.h.........j.h|
00000630  8a 00 00 00 e9 07 fa ff  ff 6a 00 68 8b 00 00 00  |.........j.h....|
00000640  e9 fb f9 ff ff 6a 00 68  8c 00 00 00 e9 ef f9 ff  |.....j.h........|
00000650  ff 6a 00 68 8d 00 00 00  e9 e3 f9 ff ff 6a 00 68  |.j.h.........j.h|
00000660  8e 00 00 00 e9 d7 f9 ff  ff 6a 00 68 8f 00 00 00  |.........j.h....|
00000670  e9 cb f9 ff ff 6a 00 68  90 00 00 00 e9 bf f9 ff  |.....j.h........|
00000680  ff 6a 00 68 91 00 00 00  e9 b3 f9 ff ff 6a 00 68  |.j.h.........j.h|
00000690  92 00 00 00 e9 a7 f9 ff  ff 6a 00 68 93 00 00 00  |.........j.h....|
000006a0  e9 9b f9 ff ff 6a 00 68  94 00 00 00 e9 8f f9 ff  |.....j.h........|
000006b0  ff 6a 00 68 95 00 00 00  e9 83 f9 ff ff 6a 00 68  |.j.h.........j.h|
000006c0  96 00 00 00 e9 77 f9 ff  ff 6a 00 68 97 00 00 00  |.....w...j.h....|
000006d0  e9 6b f9 ff ff 6a 00 68  98 00 00 00 e9 5f f9 ff  |.k...j.h....._..|
000006e0  ff 6a 00 68 99 00 00 00  e9 53 f9 ff ff 6a 00 68  |.j.h.....S...j.h|
000006f0  9a 00 00 00 e9 47 f9 ff  ff 6a 00 68 9b 00 00 00  |.....G...j.h....|
00000700  e9 3b f9 ff ff 6a 00 68  9c 00 00 00 e9 2f f9 ff  |.;...j.h...../..|
00000710  ff 6a 00 68 9d 00 00 00  e9 23 f9 ff ff 6a 00 68  |.j.h.....#...j.h|
00000720  9e 00 00 00 e9 17 f9 ff  ff 6a 00 68 9f 00 00 00  |.........j.h....|
00000730  e9 0b f9 ff ff 6a 00 68  a0 00 00 00 e9 ff f8 ff  |.....j.h........|
00000740  ff 6a 00 68 a1 00 00 00  e9 f3 f8 ff ff 6a 00 68  |.j.h.........j.h|
00000750  a2 00 00 00 e9 e7 f8 ff  ff 6a 00 68 a3 00 00 00  |.........j.h....|
00000760  e9 db f8 ff ff 6a 00 68  a4 00 00 00 e9 cf f8 ff  |.....j.h........|
00000770  ff 6a 00 68 a5 00 00 00  e9 c3 f8 ff ff 6a 00 68  |.j.h.........j.h|
00000780  a6 00 00 00 e9 b7 f8 ff  ff 6a 00 68 a7 00 00 00  |.........j.h....|
00000790  e9 ab f8 ff ff 6a 00 68  a8 00 00 00 e9 9f f8 ff  |.....j.h........|
000007a0  ff 6a 00 68 a9 00 00 00  e9 93 f8 ff ff 6a 00 68  |.j.h.........j.h|
000007b0  aa 00 00 00 e9 87 f8 ff  ff 6a 00 68 ab 00 00 00  |.........j.h....|
000007c0  e9 7b f8 ff ff 6a 00 68  ac 00 00 00 e9 6f f8 ff  |.{...j.h.....o..|
000007d0  ff 6a 00 68 ad 00 00 00  e9 63 f8 ff ff 6a 00 68  |.j.h.....c...j.h|
000007e0  ae 00 00 00 e9 57 f8 ff  ff 6a 00 68 af 00 00 00  |.....W...j.h....|
000007f0  e9 4b f8 ff ff 6a 00 68  b0 00 00 00 e9 3f f8 ff  |.K...j.h.....?..|
00000800  ff 6a 00 68 b1 00 00 00  e9 33 f8 ff ff 6a 00 68  |.j.h.....3...j.h|
00000810  b2 00 00 00 e9 27 f8 ff  ff 6a 00 68 b3 00 00 00  |.....'...j.h....|
00000820  e9 1b f8 ff ff 6a 00 68  b4 00 00 00 e9 0f f8 ff  |.....j.h........|
00000830  ff 6a 00 68 b5 00 00 00  e9 03 f8 ff ff 6a 00 68  |.j.h.........j.h|
00000840  b6 00 00 00 e9 f7 f7 ff  ff 6a 00 68 b7 00 00 00  |.........j.h....|
00000850  e9 eb f7 ff ff 6a 00 68  b8 00 00 00 e9 df f7 ff  |.....j.h........|
00000860  ff 6a 00 68 b9 00 00 00  e9 d3 f7 ff ff 6a 00 68  |.j.h.........j.h|
00000870  ba 00 00 00 e9 c7 f7 ff  ff 6a 00 68 bb 00 00 00  |.........j.h....|
00000880  e9 bb f7 ff ff 6a 00 68  bc 00 00 00 e9 af f7 ff  |.....j.h........|
00000890  ff 6a 00 68 bd 00 00 00  e9 a3 f7 ff ff 6a 00 68  |.j.h.........j.h|
000008a0  be 00 00 00 e9 97 f7 ff  ff 6a 00 68 bf 00 00 00  |.........j.h....|
000008b0  e9 8b f7 ff ff 6a 00 68  c0 00 00 00 e9 7f f7 ff  |.....j.h........|
000008c0  ff 6a 00 68 c1 00 00 00  e9 73 f7 ff ff 6a 00 68  |.j.h.....s...j.h|
000008d0  c2 00 00 00 e9 67 f7 ff  ff 6a 00 68 c3 00 00 00  |.....g...j.h....|
000008e0  e9 5b f7 ff ff 6a 00 68  c4 00 00 00 e9 4f f7 ff  |.[...j.h.....O..|
000008f0  ff 6a 00 68 c5 00 00 00  e9 43 f7 ff ff 6a 00 68  |.j.h.....C...j.h|
00000900  c6 00 00 00 e9 37 f7 ff  ff 6a 00 68 c7 00 00 00  |.....7...j.h....|
00000910  e9 2b f7 ff ff 6a 00 68  c8 00 00 00 e9 1f f7 ff  |.+...j.h........|
00000920  ff 6a 00 68 c9 00 00 00  e9 13 f7 ff ff 6a 00 68  |.j.h.........j.h|
00000930  ca 00 00 00 e9 07 f7 ff  ff 6a 00 68 cb 00 00 00  |.........j.h....|
00000940  e9 fb f6 ff ff 6a 00 68  cc 00 00 00 e9 ef f6 ff  |.....j.h........|
00000950  ff 6a 00 68 cd 00 00 00  e9 e3 f6 ff ff 6a 00 68  |.j.h.........j.h|
00000960  ce 00 00 00 e9 d7 f6 ff  ff 6a 00 68 cf 00 00 00  |.........j.h....|
00000970  e9 cb f6 ff ff 6a 00 68  d0 00 00 00 e9 bf f6 ff  |.....j.h........|
00000980  ff 6a 00 68 d1 00 00 00  e9 b3 f6 ff ff 6a 00 68  |.j.h.........j.h|
00000990  d2 00 00 00 e9 a7 f6 ff  ff 6a 00 68 d3 00 00 00  |.........j.h....|
000009a0  e9 9b f6 ff ff 6a 00 68  d4 00 00 00 e9 8f f6 ff  |.....j.h........|
000009b0  ff 6a 00 68 d5 00 00 00  e9 83 f6 ff ff 6a 00 68  |.j.h.........j.h|
000009c0  d6 00 00 00 e9 77 f6 ff  ff 6a 00 68 d7 00 00 00  |.....w...j.h....|
000009d0  e9 6b f6 ff ff 6a 00 68  d8 00 00 00 e9 5f f6 ff  |.k...j.h....._..|
000009e0  ff 6a 00 68 d9 00 00 00  e9 53 f6 ff ff 6a 00 68  |.j.h.....S...j.h|
000009f0  da 00 00 00 e9 47 f6 ff  ff 6a 00 68 db 00 00 00  |.....G...j.h....|
00000a00  e9 3b f6 ff ff 6a 00 68  dc 00 00 00 e9 2f f6 ff  |.;...j.h...../..|
00000a10  ff 6a 00 68 dd 00 00 00  e9 23 f6 ff ff 6a 00 68  |.j.h.....#...j.h|
00000a20  de 00 00 00 e9 17 f6 ff  ff 6a 00 68 df 00 00 00  |.........j.h....|
00000a30  e9 0b f6 ff ff 6a 00 68  e0 00 00 00 e9 ff f5 ff  |.....j.h........|
00000a40  ff 6a 00 68 e1 00 00 00  e9 f3 f5 ff ff 6a 00 68  |.j.h.........j.h|
00000a50  e2 00 00 00 e9 e7 f5 ff  ff 6a 00 68 e3 00 00 00  |.........j.h....|
00000a60  e9 db f5 ff ff 6a 00 68  e4 00 00 00 e9 cf f5 ff  |.....j.h........|
00000a70  ff 6a 00 68 e5 00 00 00  e9 c3 f5 ff ff 6a 00 68  |.j.h.........j.h|
00000a80  e6 00 00 00 e9 b7 f5 ff  ff 6a 00 68 e7 00 00 00  |.........j.h....|
00000a90  e9 ab f5 ff ff 6a 00 68  e8 00 00 00 e9 9f f5 ff  |.....j.h........|
00000aa0  ff 6a 00 68 e9 00 00 00  e9 93 f5 ff ff 6a 00 68  |.j.h.........j.h|
00000ab0  ea 00 00 00 e9 87 f5 ff  ff 6a 00 68 eb 00 00 00  |.........j.h....|
00000ac0  e9 7b f5 ff ff 6a 00 68  ec 00 00 00 e9 6f f5 ff  |.{...j.h.....o..|
00000ad0  ff 6a 00 68 ed 00 00 00  e9 63 f5 ff ff 6a 00 68  |.j.h.....c...j.h|
00000ae0  ee 00 00 00 e9 57 f5 ff  ff 6a 00 68 ef 00 00 00  |.....W...j.h....|
00000af0  e9 4b f5 ff ff 6a 00 68  f0 00 00 00 e9 3f f5 ff  |.K...j.h.....?..|
00000b00  ff 6a 00 68 f1 00 00 00  e9 33 f5 ff ff 6a 00 68  |.j.h.....3...j.h|
00000b10  f2 00 00 00 e9 27 f5 ff  ff 6a 00 68 f3 00 00 00  |.....'...j.h....|
00000b20  e9 1b f5 ff ff 6a 00 68  f4 00 00 00 e9 0f f5 ff  |.....j.h........|
00000b30  ff 6a 00 68 f5 00 00 00  e9 03 f5 ff ff 6a 00 68  |.j.h.........j.h|
00000b40  f6 00 00 00 e9 f7 f4 ff  ff 6a 00 68 f7 00 00 00  |.........j.h....|
00000b50  e9 eb f4 ff ff 6a 00 68  f8 00 00 00 e9 df f4 ff  |.....j.h........|
00000b60  ff 6a 00 68 f9 00 00 00  e9 d3 f4 ff ff 6a 00 68  |.j.h.........j.h|
00000b70  fa 00 00 00 e9 c7 f4 ff  ff 6a 00 68 fb 00 00 00  |.........j.h....|
00000b80  e9 bb f4 ff ff 6a 00 68  fc 00 00 00 e9 af f4 ff  |.....j.h........|
00000b90  ff 6a 00 68 fd 00 00 00  e9 a3 f4 ff ff 6a 00 68  |.j.h.........j.h|
00000ba0  fe 00 00 00 e9 97 f4 ff  ff 6a 00 68 ff 00 00 00  |.........j.h....|
00000bb0  e9 8b f4 ff ff 55 89 e5  83 ec 30 a1 18 a0 01 00  |.....U....0.....|
00000bc0  89 45 fc a1 10 a0 01 00  39 45 fc 76 08 a1 10 a0  |.E......9E.v....|
00000bd0  01 00 89 45 fc 8b 55 fc  89 d0 c1 e0 02 01 d0 c1  |...E..U.........|
00000be0  e0 04 89 c2 a1 14 a0 01  00 01 d0 89 45 f8 c7 45  |............E..E|
00000bf0  dc d4 03 00 00 c6 45 db  0e 0f b6 45 db 8b 55 dc  |......E....E..U.|
00000c00  ee 90 8b 45 f8 c1 e8 08  0f b6 c0 c7 45 e4 d5 03  |...E........E...|
00000c10  00 00 88 45 e3 0f b6 45  e3 8b 55 e4 ee 90 c7 45  |...E...E..U....E|
00000c20  ec d4 03 00 00 c6 45 eb  0f 0f b6 45 eb 8b 55 ec  |......E....E..U.|
00000c30  ee 90 8b 45 f8 0f b6 c0  c7 45 f4 d5 03 00 00 88  |...E.....E......|
00000c40  45 f3 0f b6 45 f3 8b 55  f4 ee 90 90 c9 c3 55 89  |E...E..U......U.|
00000c50  e5 83 ec 28 a1 24 a0 01  00 39 45 08 0f 87 eb 00  |...(.$...9E.....|
00000c60  00 00 a1 28 a0 01 00 39  45 0c 0f 87 dd 00 00 00  |...(...9E.......|
00000c70  8b 55 0c 89 d0 c1 e0 02  01 d0 c1 e0 04 89 c2 8b  |.U..............|
00000c80  45 08 01 d0 05 00 c0 05  00 01 c0 89 45 f4 81 65  |E...........E..e|
00000c90  10 ff ff 00 00 81 7d 10  ff 00 00 00 76 0d 8b 45  |......}.....v..E|
00000ca0  10 89 c2 8b 45 f4 66 89  10 eb 0e 8b 45 10 80 cc  |....E.f.....E...|
00000cb0  70 89 c2 8b 45 f4 66 89  10 0f b6 05 2c a0 01 00  |p...E.f.....,...|
00000cc0  84 c0 0f 84 84 00 00 00  a1 04 a0 01 00 39 45 08  |.............9E.|
00000cd0  72 7a a1 0c a0 01 00 39  45 08 77 70 a1 08 a0 01  |rz.....9E.wp....|
00000ce0  00 39 45 0c 72 66 a1 10  a0 01 00 39 45 0c 77 5c  |.9E.rf.....9E.w\|
00000cf0  8b 45 10 0f b6 c0 89 45  f0 83 7d f0 1f 76 06 83  |.E.....E..}..v..|
00000d00  7d f0 7e 76 0c 83 7d f0  0a 74 06 83 7d f0 09 75  |}.~v..}..t..}..u|
00000d10  11 8b 45 f0 83 ec 0c 50  e8 ef 3b 00 00 83 c4 10  |..E....P..;.....|
00000d20  eb 2b 83 ec 04 ff 75 f0  68 00 70 01 00 8d 45 e0  |.+....u.h.p...E.|
00000d30  50 e8 c4 5a 00 00 83 c4  10 83 ec 08 6a 04 8d 45  |P..Z........j..E|
00000d40  e0 50 e8 3b 3c 00 00 83  c4 10 eb 01 90 c9 c3 55  |.P.;<..........U|
00000d50  89 e5 83 ec 08 8b 15 24  a0 01 00 a1 1c a0 01 00  |.......$........|
00000d60  83 ec 04 52 ff 75 08 50  e8 44 57 00 00 83 c4 10  |...R.u.P.DW.....|
00000d70  a3 04 a0 01 00 8b 15 28  a0 01 00 a1 20 a0 01 00  |.......(.... ...|
00000d80  83 ec 04 52 ff 75 0c 50  e8 24 57 00 00 83 c4 10  |...R.u.P.$W.....|
00000d90  a3 08 a0 01 00 8b 15 24  a0 01 00 a1 04 a0 01 00  |.......$........|
00000da0  83 ec 04 52 ff 75 10 50  e8 04 57 00 00 83 c4 10  |...R.u.P..W.....|
00000db0  a3 0c a0 01 00 8b 15 28  a0 01 00 a1 08 a0 01 00  |.......(........|
00000dc0  83 ec 04 52 ff 75 14 50  e8 e4 56 00 00 83 c4 10  |...R.u.P..V.....|
00000dd0  a3 10 a0 01 00 a1 04 a0  01 00 a3 14 a0 01 00 a1  |................|
00000de0  08 a0 01 00 a3 18 a0 01  00 e8 c7 fd ff ff 90 c9  |................|
00000df0  c3 55 89 e5 83 ec 08 8b  15 0c a0 01 00 8b 0d 04  |.U..............|
00000e00  a0 01 00 8b 45 08 01 c1  a1 04 a0 01 00 83 ec 04  |....E...........|
00000e10  52 51 50 e8 99 56 00 00  83 c4 10 a3 14 a0 01 00  |RQP..V..........|
00000e20  8b 15 10 a0 01 00 8b 0d  08 a0 01 00 8b 45 0c 01  |.............E..|
00000e30  c1 a1 08 a0 01 00 83 ec  04 52 51 50 e8 70 56 00  |.........RQP.pV.|
00000e40  00 83 c4 10 a3 18 a0 01  00 e8 67 fd ff ff 90 c9  |..........g.....|
00000e50  c3 55 89 e5 83 ec 18 8b  45 10 83 e0 7f 83 f8 0a  |.U......E.......|
00000e60  0f 85 8f 00 00 00 a1 0c  a0 01 00 39 45 08 76 0a  |...........9E.v.|
00000e70  a1 24 a0 01 00 89 45 f4  eb 1f a1 04 a0 01 00 39  |.$....E........9|
00000e80  45 08 72 0a a1 0c a0 01  00 89 45 f4 eb 0b a1 04  |E.r.......E.....|
00000e90  a0 01 00 83 e8 01 89 45  f4 0f b6 05 2c a0 01 00  |.......E....,...|
00000ea0  a2 2d a0 01 00 c6 05 2c  a0 01 00 00 eb 17 83 ec  |.-.....,........|
00000eb0  04 6a 20 ff 75 0c ff 75  08 e8 90 fd ff ff 83 c4  |.j .u..u........|
00000ec0  10 83 45 08 01 8b 45 08  3b 45 f4 76 e1 0f b6 05  |..E...E.;E.v....|
00000ed0  2c a0 01 00 84 c0 74 0f  83 ec 0c 6a 0a e8 2a 3a  |,.....t....j..*:|
00000ee0  00 00 83 c4 10 eb 22 0f  b6 05 2d a0 01 00 a2 2c  |......"...-....,|
00000ef0  a0 01 00 eb 14 83 ec 04  ff 75 10 ff 75 0c ff 75  |.........u..u..u|
00000f00  08 e8 48 fd ff ff 83 c4  10 90 c9 c3 55 89 e5 83  |..H.........U...|
00000f10  ec 08 8b 15 18 a0 01 00  a1 10 a0 01 00 39 c2 76  |.............9.v|
00000f20  23 a1 18 a0 01 00 8b 15  10 a0 01 00 29 d0 83 ec  |#...........)...|
00000f30  0c 50 e8 a8 02 00 00 83  c4 10 a1 10 a0 01 00 a3  |.P..............|
00000f40  18 a0 01 00 8b 45 08 0f  b6 c0 83 f8 0a 74 0e 83  |.....E.......t..|
00000f50  f8 0d 0f 84 8f 00 00 00  e9 96 00 00 00 0f b6 05  |................|
00000f60  2c a0 01 00 a2 2d a0 01  00 c6 05 2c a0 01 00 00  |,....-.....,....|
00000f70  eb 27 8b 15 18 a0 01 00  a1 14 a0 01 00 83 ec 04  |.'..............|
00000f80  6a 20 52 50 e8 c5 fc ff  ff 83 c4 10 a1 14 a0 01  |j RP............|
00000f90  00 83 c0 01 a3 14 a0 01  00 8b 15 14 a0 01 00 a1  |................|
00000fa0  0c a0 01 00 39 c2 76 ca  0f b6 05 2c a0 01 00 84  |....9.v....,....|
00000fb0  c0 74 0f 83 ec 0c 6a 0a  e8 4f 39 00 00 83 c4 10  |.t....j..O9.....|
00000fc0  eb 0c 0f b6 05 2d a0 01  00 a2 2c a0 01 00 a1 04  |.....-....,.....|
00000fd0  a0 01 00 a3 14 a0 01 00  a1 18 a0 01 00 83 c0 01  |................|
00000fe0  a3 18 a0 01 00 eb 5b a1  04 a0 01 00 a3 14 a0 01  |......[.........|
00000ff0  00 eb 4f 8b 15 18 a0 01  00 a1 14 a0 01 00 83 ec  |..O.............|
00001000  04 ff 75 08 52 50 e8 43  fc ff ff 83 c4 10 a1 14  |..u.RP.C........|
00001010  a0 01 00 83 c0 01 a3 14  a0 01 00 8b 15 14 a0 01  |................|
00001020  00 a1 0c a0 01 00 39 c2  76 17 a1 04 a0 01 00 a3  |......9.v.......|
00001030  14 a0 01 00 a1 18 a0 01  00 83 c0 01 a3 18 a0 01  |................|
00001040  00 90 e8 6e fb ff ff 90  c9 c3 55 89 e5 83 ec 18  |...n......U.....|
00001050  eb 18 83 ec 04 ff 75 f4  ff 75 0c ff 75 08 e8 ee  |......u..u..u...|
00001060  fd ff ff 83 c4 10 83 45  08 01 8b 45 10 8d 50 01  |.......E...E..P.|
00001070  89 55 10 0f b6 00 0f be  c0 89 45 f4 83 7d f4 00  |.U........E..}..|
00001080  74 0a a1 24 a0 01 00 39  45 08 76 c6 90 c9 c3 55  |t..$...9E.v....U|
00001090  89 e5 83 ec 18 eb 0e 83  ec 0c ff 75 f4 e8 6a fe  |...........u..j.|
000010a0  ff ff 83 c4 10 8b 45 08  8d 50 01 89 55 08 0f b6  |......E..P..U...|
000010b0  00 0f be c0 89 45 f4 83  7d f4 00 75 da 90 90 c9  |.....E..}..u....|
000010c0  c3 55 89 e5 83 ec 18 c7  45 f4 00 00 00 00 eb 1e  |.U......E.......|
000010d0  8b 55 f4 8b 45 08 01 d0  0f b6 00 0f be c0 83 ec  |.U..E...........|
000010e0  0c 50 e8 25 fe ff ff 83  c4 10 83 45 f4 01 8b 45  |.P.%.......E...E|
000010f0  f4 3b 45 0c 7c da 90 90  c9 c3 55 89 e5 83 ec 10  |.;E.|.....U.....|
00001100  a1 0c a0 01 00 8b 15 04  a0 01 00 29 d0 83 c0 01  |...........)....|
00001110  89 45 f0 a1 08 a0 01 00  89 45 fc eb 47 8b 55 fc  |.E.......E..G.U.|
00001120  89 d0 c1 e0 02 01 d0 c1  e0 04 89 c2 a1 04 a0 01  |................|
00001130  00 01 d0 05 00 c0 05 00  01 c0 89 45 f4 c7 45 f8  |...........E..E.|
00001140  00 00 00 00 eb 12 8b 45  f4 8d 50 02 89 55 f4 66  |.......E..P..U.f|
00001150  c7 00 20 70 83 45 f8 01  8b 45 f8 3b 45 f0 72 e6  |.. p.E...E.;E.r.|
00001160  83 45 fc 01 a1 10 a0 01  00 39 45 fc 76 af 90 90  |.E.......9E.v...|
00001170  c9 c3 55 89 e5 83 ec 10  8b 15 20 a0 01 00 89 d0  |..U....... .....|
00001180  c1 e0 02 01 d0 c1 e0 04  89 c2 a1 1c a0 01 00 01  |................|
00001190  d0 05 00 c0 05 00 01 c0  89 45 fc a1 28 a0 01 00  |.........E..(...|
000011a0  8b 15 20 a0 01 00 29 d0  8d 50 01 a1 24 a0 01 00  |.. ...)..P..$...|
000011b0  8b 0d 1c a0 01 00 29 c8  83 c0 01 0f af c2 89 45  |......)........E|
000011c0  f8 eb 12 8b 45 fc 8d 50  02 89 55 fc 66 c7 00 20  |....E..P..U.f.. |
000011d0  70 83 6d f8 01 83 7d f8  00 75 e8 90 90 c9 c3 55  |p.m...}..u.....U|
000011e0  89 e5 83 ec 20 a1 0c a0  01 00 8b 15 04 a0 01 00  |.... ...........|
000011f0  29 d0 83 c0 01 89 45 ec  a1 10 a0 01 00 8b 15 08  |).....E.........|
00001200  a0 01 00 29 d0 39 45 08  76 23 e8 eb fe ff ff a1  |...).9E.v#......|
00001210  04 a0 01 00 a3 14 a0 01  00 a1 08 a0 01 00 a3 18  |................|
00001220  a0 01 00 e8 8d f9 ff ff  e9 ea 00 00 00 a1 08 a0  |................|
00001230  01 00 89 45 f4 eb 76 8b  55 f4 8b 45 08 01 c2 89  |...E..v.U..E....|
00001240  d0 c1 e0 02 01 d0 c1 e0  04 89 c2 a1 04 a0 01 00  |................|
00001250  01 d0 05 00 c0 05 00 01  c0 89 45 fc 8b 55 f4 89  |..........E..U..|
00001260  d0 c1 e0 02 01 d0 c1 e0  04 89 c2 a1 04 a0 01 00  |................|
00001270  01 d0 05 00 c0 05 00 01  c0 89 45 f8 c7 45 f0 00  |..........E..E..|
00001280  00 00 00 eb 1c 8b 55 fc  8d 42 02 89 45 fc 8b 45  |......U..B..E..E|
00001290  f8 8d 48 02 89 4d f8 0f  b7 12 66 89 10 83 45 f0  |..H..M....f...E.|
000012a0  01 8b 45 f0 3b 45 ec 7c  dc 83 45 f4 01 a1 10 a0  |..E.;E.|..E.....|
000012b0  01 00 2b 45 08 89 c2 8b  45 f4 39 c2 0f 83 75 ff  |..+E....E.9...u.|
000012c0  ff ff eb 47 8b 55 f4 89  d0 c1 e0 02 01 d0 c1 e0  |...G.U..........|
000012d0  04 89 c2 a1 04 a0 01 00  01 d0 05 00 c0 05 00 01  |................|
000012e0  c0 89 45 f8 c7 45 f0 00  00 00 00 eb 12 8b 45 f8  |..E..E........E.|
000012f0  8d 50 02 89 55 f8 66 c7  00 20 70 83 45 f0 01 8b  |.P..U.f.. p.E...|
00001300  45 f0 3b 45 ec 7c e6 83  45 f4 01 8b 55 f4 a1 10  |E.;E.|..E...U...|
00001310  a0 01 00 39 c2 76 ad c9  c3 55 89 e5 83 ec 08 eb  |...9.v...U......|
00001320  3c 83 7d 08 ff 75 06 83  7d 0c ff 74 1d 8b 4d 14  |<.}..u..}..t..M.|
00001330  8b 55 0c 8b 45 08 83 ec  04 51 52 50 e8 10 fb ff  |.U..E....QRP....|
00001340  ff 83 c4 10 83 45 08 01  eb 0f 8b 45 14 83 ec 0c  |.....E.....E....|
00001350  50 e8 b6 fb ff ff 83 c4  10 83 6d 10 01 83 7d 10  |P.........m...}.|
00001360  00 7f be 8b 45 08 c9 c3  55 89 e5 83 ec 18 83 7d  |....E...U......}|
00001370  14 00 79 11 83 ec 0c ff  75 10 e8 26 57 00 00 83  |..y.....u..&W...|
00001380  c4 10 89 45 14 8b 45 18  2b 45 14 89 45 f4 83 7d  |...E..E.+E..E..}|
00001390  f4 00 7e 1d 83 7d 1c 00  75 17 ff 75 20 ff 75 f4  |..~..}..u..u .u.|
000013a0  ff 75 0c ff 75 08 e8 6e  ff ff ff 83 c4 10 89 45  |.u..u..n.......E|
000013b0  08 83 7d 08 ff 75 06 83  7d 0c ff 74 1e 8b 55 0c  |..}..u..}..t..U.|
000013c0  8b 45 08 83 ec 04 ff 75  10 52 50 e8 7a fc ff ff  |.E.....u.RP.z...|
000013d0  83 c4 10 8b 45 14 01 45  08 eb 0e 83 ec 0c ff 75  |....E..E.......u|
000013e0  10 e8 a9 fc ff ff 83 c4  10 83 7d f4 00 7e 1d 83  |..........}..~..|
000013f0  7d 1c 00 74 17 ff 75 20  ff 75 f4 ff 75 0c ff 75  |}..t..u .u..u..u|
00001400  08 e8 13 ff ff ff 83 c4  10 89 45 08 8b 45 08 c9  |..........E..E..|
00001410  c3 55 89 e5 83 ec 38 8b  45 10 8b 00 89 45 f4 8b  |.U....8.E....E..|
00001420  45 10 83 c0 04 89 45 f0  e9 9d 02 00 00 80 7d ef  |E.....E.......}.|
00001430  25 0f 85 3b 02 00 00 c7  45 e8 00 00 00 00 c7 45  |%..;....E......E|
00001440  e0 20 00 00 00 c7 45 e4  00 00 00 00 8b 45 f4 8d  |. ....E......E..|
00001450  50 01 89 55 f4 0f b6 00  88 45 ef 80 7d ef 2d 75  |P..U.....E..}.-u|
00001460  16 c7 45 e8 01 00 00 00  8b 45 f4 8d 50 01 89 55  |..E......E..P..U|
00001470  f4 0f b6 00 88 45 ef 80  7d ef 30 75 40 c7 45 e0  |.....E..}.0u@.E.|
00001480  30 00 00 00 8b 45 f4 8d  50 01 89 55 f4 0f b6 00  |0....E..P..U....|
00001490  88 45 ef eb 28 8b 55 e4  89 d0 c1 e0 02 01 d0 01  |.E..(.U.........|
000014a0  c0 89 45 e4 0f be 45 ef  83 e8 30 01 45 e4 8b 45  |..E...E...0.E..E|
000014b0  f4 8d 50 01 89 55 f4 0f  b6 00 88 45 ef 80 7d ef  |..P..U.....E..}.|
000014c0  2f 7e 06 80 7d ef 39 7e  cc 0f be 45 ef 83 e8 63  |/~..}.9~...E...c|
000014d0  83 f8 15 0f 87 f1 01 00  00 8b 04 85 08 70 01 00  |.............p..|
000014e0  ff e0 8b 45 f0 8d 50 04  89 55 f0 8b 00 88 45 ef  |...E..P..U....E.|
000014f0  0f b6 45 ef 88 45 cc c6  45 cd 00 83 ec 04 ff 75  |..E..E..E......u|
00001500  e0 ff 75 e8 ff 75 e4 6a  01 8d 45 cc 50 ff 75 0c  |..u..u.j..E.P.u.|
00001510  ff 75 08 e8 50 fe ff ff  83 c4 20 89 45 08 e9 a7  |.u..P..... .E...|
00001520  01 00 00 8b 45 f0 8d 50  04 89 55 f0 8b 00 83 ec  |....E..P..U.....|
00001530  08 50 8d 45 cc 50 e8 9a  4f 00 00 83 c4 10 89 45  |.P.E.P..O......E|
00001540  dc 83 ec 04 ff 75 e0 ff  75 e8 ff 75 e4 ff 75 dc  |.....u..u..u..u.|
00001550  8d 45 cc 50 ff 75 0c ff  75 08 e8 09 fe ff ff 83  |.E.P.u..u.......|
00001560  c4 20 89 45 08 e9 60 01  00 00 8b 45 f0 8d 50 04  |. .E..`....E..P.|
00001570  89 55 f0 8b 00 89 45 d8  83 ec 04 ff 75 e0 ff 75  |.U....E.....u..u|
00001580  e8 ff 75 e4 6a ff ff 75  d8 ff 75 0c ff 75 08 e8  |..u.j..u..u..u..|
00001590  d4 fd ff ff 83 c4 20 89  45 08 e9 2b 01 00 00 8b  |...... .E..+....|
000015a0  45 f0 8d 50 04 89 55 f0  8b 00 83 ec 08 50 8d 45  |E..P..U......P.E|
000015b0  cc 50 e8 f2 4f 00 00 83  c4 10 89 45 dc 83 ec 04  |.P..O......E....|
000015c0  ff 75 e0 ff 75 e8 ff 75  e4 ff 75 dc 8d 45 cc 50  |.u..u..u..u..E.P|
000015d0  ff 75 0c ff 75 08 e8 8d  fd ff ff 83 c4 20 89 45  |.u..u........ .E|
000015e0  08 e9 e4 00 00 00 8b 45  f0 8d 50 04 89 55 f0 8b  |.......E..P..U..|
000015f0  00 83 ec 08 50 8d 45 cc  50 e8 16 50 00 00 83 c4  |....P.E.P..P....|
00001600  10 89 45 dc 83 ec 04 ff  75 e0 ff 75 e8 ff 75 e4  |..E.....u..u..u.|
00001610  ff 75 dc 8d 45 cc 50 ff  75 0c ff 75 08 e8 46 fd  |.u..E.P.u..u..F.|
00001620  ff ff 83 c4 20 89 45 08  e9 9d 00 00 00 8b 45 f0  |.... .E.......E.|
00001630  8d 50 04 89 55 f0 8b 00  83 ec 08 50 8d 45 cc 50  |.P..U......P.E.P|
00001640  e8 55 50 00 00 83 c4 10  89 45 dc 83 ec 04 ff 75  |.UP......E.....u|
00001650  e0 ff 75 e8 ff 75 e4 ff  75 dc 8d 45 cc 50 ff 75  |..u..u..u..E.P.u|
00001660  0c ff 75 08 e8 ff fc ff  ff 83 c4 20 89 45 08 90  |..u........ .E..|
00001670  eb 58 83 7d 08 ff 75 06  83 7d 0c ff 74 3c 0f be  |.X.}..u..}..t<..|
00001680  4d ef 8b 55 0c 8b 45 08  83 ec 04 51 52 50 e8 be  |M..U..E....QRP..|
00001690  f7 ff ff 83 c4 10 0f be  45 ef 83 f8 0a 74 07 83  |........E....t..|
000016a0  f8 0d 74 06 eb 0e 83 45  0c 01 a1 04 a0 01 00 89  |..t....E........|
000016b0  45 08 eb 04 83 45 08 01  eb 10 0f be 45 ef 83 ec  |E....E......E...|
000016c0  0c 50 e8 45 f8 ff ff 83  c4 10 8b 45 f4 8d 50 01  |.P.E.......E..P.|
000016d0  89 55 f4 0f b6 00 88 45  ef 80 7d ef 00 0f 85 4a  |.U.....E..}....J|
000016e0  fd ff ff 90 90 c9 c3 55  89 e5 83 ec 08 8b 55 0c  |.......U......U.|
000016f0  8b 45 08 83 ec 04 8d 4d  10 51 52 50 e8 10 fd ff  |.E.....M.QRP....|
00001700  ff 83 c4 10 90 c9 c3 55  89 e5 83 ec 08 83 ec 04  |.......U........|
00001710  8d 45 08 50 6a ff 6a ff  e8 f4 fc ff ff 83 c4 10  |.E.Pj.j.........|
00001720  90 c9 c3 55 89 e5 83 45  08 01 b8 08 a1 01 00 39  |...U...E.......9|
00001730  45 08 72 07 c7 45 08 40  a0 01 00 8b 45 08 5d c3  |E.r..E.@....E.].|
00001740  55 89 e5 83 ec 10 c7 45  fc ff ff ff ff 81 65 08  |U......E......e.|
00001750  ff 00 00 00 81 7d 08 b6  00 00 00 74 54 81 7d 08  |.....}.....tT.}.|
00001760  b6 00 00 00 7f 72 81 7d  08 aa 00 00 00 74 42 81  |.....r.}.....tB.|
00001770  7d 08 aa 00 00 00 7f 60  81 7d 08 9d 00 00 00 74  |}......`.}.....t|
00001780  4b 81 7d 08 9d 00 00 00  7f 4e 83 7d 08 36 74 12  |K.}......N.}.6t.|
00001790  83 7d 08 36 7f 42 83 7d  08 1d 74 24 83 7d 08 2a  |.}.6.B.}..t$.}.*|
000017a0  75 36 c7 05 08 a1 01 00  01 00 00 00 e9 99 00 00  |u6..............|
000017b0  00 c7 05 08 a1 01 00 00  00 00 00 e9 8a 00 00 00  |................|
000017c0  c7 05 08 95 01 00 1f 00  00 00 eb 7e c7 05 08 95  |...........~....|
000017d0  01 00 ff 00 00 00 eb 72  8b 45 08 25 80 00 00 00  |.......r.E.%....|
000017e0  85 c0 75 66 a1 08 a1 01  00 c1 e0 07 89 c2 8b 45  |..uf...........E|
000017f0  08 01 d0 05 00 94 01 00  0f b6 00 0f b6 c0 89 45  |...............E|
00001800  08 83 7d 08 ff 74 43 a1  04 95 01 00 50 e8 11 ff  |..}..tC.....P...|
00001810  ff ff 83 c4 04 89 45 f8  a1 08 95 01 00 23 45 08  |......E......#E.|
00001820  89 45 fc a1 00 95 01 00  39 45 f8 74 1d 8b 45 08  |.E......9E.t..E.|
00001830  89 c1 a1 08 95 01 00 89  c2 a1 04 95 01 00 21 ca  |..............!.|
00001840  88 10 8b 45 f8 a3 04 95  01 00 8b 45 fc c9 c3 55  |...E.......E...U|
00001850  89 e5 83 ec 28 c7 45 ec  60 00 00 00 8b 45 ec 89  |....(.E.`....E..|
00001860  c2 ec 88 45 eb 0f b6 45  eb 0f b6 c0 89 45 f4 ff  |...E...E.....E..|
00001870  75 f4 e8 c9 fe ff ff 83  c4 04 89 45 f0 83 7d f0  |u..........E..}.|
00001880  ff 74 19 a1 30 a0 01 00  85 c0 74 10 a1 30 a0 01  |.t..0.....t..0..|
00001890  00 83 ec 0c ff 75 f0 ff  d0 83 c4 10 c7 45 e4 20  |.....u.......E. |
000018a0  00 00 00 c6 45 e3 20 0f  b6 45 e3 8b 55 e4 ee 90  |....E. ..E..U...|
000018b0  90 c9 c3 55 89 e5 83 ec  28 9c 58 89 45 ec 8b 45  |...U....(.X.E..E|
000018c0  ec 25 00 02 00 00 89 45  f4 eb 45 83 7d f4 00 75  |.%.....E..E.}..u|
000018d0  3f 90 c7 45 e8 64 00 00  00 8b 45 e8 89 c2 ec 88  |?..E.d....E.....|
000018e0  45 e7 0f b6 45 e7 0f b6  c0 83 e0 01 85 c0 74 e2  |E...E.........t.|
000018f0  c7 45 e0 60 00 00 00 8b  45 e0 89 c2 ec 88 45 df  |.E.`....E.....E.|
00001900  0f b6 45 df 0f b6 c0 50  e8 33 fe ff ff 83 c4 04  |..E....P.3......|
00001910  8b 15 00 95 01 00 a1 04  95 01 00 39 c2 74 ac a1  |...........9.t..|
00001920  00 95 01 00 0f b6 00 88  45 f3 a1 00 95 01 00 50  |........E......P|
00001930  e8 ee fd ff ff 83 c4 04  a3 00 95 01 00 80 7d f3  |..............}.|
00001940  04 74 10 0f be 45 f3 83  ec 0c 50 e8 bc f5 ff ff  |.t...E....P.....|
00001950  83 c4 10 0f be 45 f3 c9  c3 55 89 e5 83 ec 18 c7  |.....E...U......|
00001960  45 f4 00 00 00 00 eb 2b  e8 46 ff ff ff 88 45 f3  |E......+.F....E.|
00001970  80 7d f3 04 74 25 8b 45  08 8d 50 01 89 55 08 0f  |.}..t%.E..P..U..|
00001980  b6 55 f3 88 10 83 45 f4  01 83 6d 0c 01 80 7d f3  |.U....E...m...}.|
00001990  0a 74 0b 83 7d 0c 01 77  cf eb 04 90 eb 01 90 8b  |.t..}..w........|
000019a0  45 08 c6 00 00 8b 45 f4  c9 c3 55 89 e5 83 ec 10  |E.....E...U.....|
000019b0  a1 04 95 01 00 8b 15 00  95 01 00 29 d0 89 45 fc  |...........)..E.|
000019c0  83 7d fc 00 79 07 81 45  fc c8 00 00 00 8b 45 fc  |.}..y..E......E.|
000019d0  c9 c3 55 89 e5 83 ec 08  c7 05 1c a0 01 00 00 00  |..U.............|
000019e0  00 00 c7 05 20 a0 01 00  00 00 00 00 c7 05 24 a0  |.... .........$.|
000019f0  01 00 4f 00 00 00 c7 05  28 a0 01 00 18 00 00 00  |..O.....(.......|
00001a00  c7 05 04 a0 01 00 00 00  00 00 c7 05 08 a0 01 00  |................|
00001a10  00 00 00 00 c7 05 0c a0  01 00 4f 00 00 00 c7 05  |..........O.....|
00001a20  10 a0 01 00 18 00 00 00  a1 20 a0 01 00 a3 18 a0  |......... ......|
00001a30  01 00 a1 1c a0 01 00 a3  14 a0 01 00 e8 74 f1 ff  |.............t..|
00001a40  ff 8b 45 08 a3 30 a0 01  00 83 ec 08 68 4f 18 01  |..E..0......hO..|
00001a50  00 6a 21 e8 4a 3a 00 00  83 c4 10 e8 12 f7 ff ff  |.j!.J:..........|
00001a60  83 ec 0c 68 60 70 01 00  e8 22 f6 ff ff 83 c4 10  |...h`p..."......|
00001a70  c7 05 00 a0 01 00 01 00  00 00 90 c9 c3 55 89 e5  |.............U..|
00001a80  83 ec 10 83 7d 08 00 74  07 b8 ff ff ff ff eb 17  |....}..t........|
00001a90  0f b6 05 2c a0 01 00 0f  b6 c0 89 45 fc c6 05 2c  |...,.......E...,|
00001aa0  a0 01 00 01 8b 45 fc c9  c3 55 89 e5 83 ec 10 83  |.....E...U......|
00001ab0  7d 08 00 74 07 b8 ff ff  ff ff eb 17 0f b6 05 2c  |}..t...........,|
00001ac0  a0 01 00 0f b6 c0 89 45  fc c6 05 2c a0 01 00 00  |.......E...,....|
00001ad0  8b 45 fc c9 c3 55 89 e5  57 56 53 81 ec dc 00 00  |.E...U..WVS.....|
00001ae0  00 a1 10 a1 01 00 83 c0  01 a3 10 a1 01 00 a1 10  |................|
00001af0  a1 01 00 83 f8 64 75 39  c7 05 10 a1 01 00 00 00  |.....du9........|
00001b00  00 00 a1 14 a1 01 00 83  c0 01 a3 14 a1 01 00 a1  |................|
00001b10  14 a1 01 00 83 e0 03 0f  b6 80 53 71 01 00 0f be  |..........Sq....|
00001b20  c0 83 ec 04 50 6a 00 6a  00 e8 23 f3 ff ff 83 c4  |....Pj.j..#.....|
00001b30  10 a1 0c a1 01 00 50 68  78 70 01 00 6a 00 6a 01  |......Phxp..j.j.|
00001b40  e8 a2 fb ff ff 83 c4 10  8b 0d 0c a1 01 00 ba 59  |...............Y|
00001b50  17 b7 d1 89 c8 f7 e2 89  d0 c1 e8 0c 69 d0 88 13  |............i...|
00001b60  00 00 89 c8 29 d0 85 c0  0f 85 39 01 00 00 83 ec  |....).....9.....|
00001b70  0c 8d 85 34 ff ff ff 50  e8 a1 15 00 00 83 c4 10  |...4...P........|
00001b80  89 45 e4 8b bd 4c ff ff  ff a1 58 a6 01 00 83 ec  |.E...L....X.....|
00001b90  0c 50 e8 d7 20 00 00 83  c4 10 89 c6 a1 54 a6 01  |.P.. ........T..|
00001ba0  00 83 ec 0c 50 e8 c4 20  00 00 83 c4 10 89 85 24  |....P.. .......$|
00001bb0  ff ff ff a1 50 a6 01 00  83 ec 0c 50 e8 ad 20 00  |....P......P.. .|
00001bc0  00 83 c4 10 89 85 20 ff  ff ff a1 4c a6 01 00 83  |...... ....L....|
00001bd0  ec 0c 50 e8 96 20 00 00  83 c4 10 89 85 1c ff ff  |..P.. ..........|
00001be0  ff a1 48 a6 01 00 83 ec  0c 50 e8 7f 20 00 00 83  |..H......P.. ...|
00001bf0  c4 10 89 85 18 ff ff ff  a1 44 a6 01 00 83 ec 0c  |.........D......|
00001c00  50 e8 68 20 00 00 83 c4  10 89 c3 a1 40 a6 01 00  |P.h ........@...|
00001c10  83 ec 0c 50 e8 55 20 00  00 83 c4 10 89 c2 a1 5c  |...P.U ........\|
00001c20  a6 01 00 85 c0 74 0a a1  5c a6 01 00 8b 40 14 eb  |.....t..\....@..|
00001c30  05 b8 ff ff ff ff ff 75  e4 57 56 ff b5 24 ff ff  |.......u.WV..$..|
00001c40  ff ff b5 20 ff ff ff ff  b5 1c ff ff ff ff b5 18  |... ............|
00001c50  ff ff ff 53 52 50 68 84  70 01 00 8d 85 54 ff ff  |...SRPh.p....T..|
00001c60  ff 50 e8 93 4b 00 00 83  c4 30 83 ec 0c 8d 85 54  |.P..K....0.....T|
00001c70  ff ff ff 50 e8 2c 4e 00  00 83 c4 10 83 f8 3c 76  |...P.,N.......<v|
00001c80  10 c6 45 90 20 c6 45 91  2a c6 45 92 2a c6 45 93  |..E. .E.*.E.*.E.|
00001c90  00 83 ec 04 8d 85 54 ff  ff ff 50 6a 00 6a 0f e8  |......T...Pj.j..|
00001ca0  a6 f3 ff ff 83 c4 10 a1  0c a1 01 00 83 c0 01 a3  |................|
00001cb0  0c a1 01 00 a1 4c a6 01  00 83 ec 08 8d 55 d4 52  |.....L.......U.R|
00001cc0  50 e8 d9 21 00 00 83 c4  10 89 45 e0 83 7d e0 04  |P..!......E..}..|
00001cd0  0f 84 a4 00 00 00 8b 45  d4 85 c0 75 28 83 ec 04  |.......E...u(...|
00001ce0  ff 75 e0 68 c4 70 01 00  68 20 a1 01 00 e8 08 4b  |.u.h.p..h .....K|
00001cf0  00 00 83 c4 10 83 ec 0c  68 20 a1 01 00 e8 bf 45  |........h .....E|
00001d00  00 00 83 c4 10 8b 45 d4  8b 50 0c a1 0c a1 01 00  |......E..P......|
00001d10  39 c2 77 69 a1 4c a6 01  00 83 ec 08 8d 55 d4 52  |9.wi.L.......U.R|
00001d20  50 e8 3b 22 00 00 83 c4  10 85 c0 74 39 83 ec 08  |P.;".......t9...|
00001d30  68 f0 70 01 00 68 9e 00  00 00 68 20 71 01 00 68  |h.p..h....h q..h|
00001d40  60 71 01 00 68 30 71 01  00 68 20 a4 01 00 e8 a7  |`q..h0q..h .....|
00001d50  4a 00 00 83 c4 20 83 ec  0c 68 20 a4 01 00 e8 5e  |J.... ...h ....^|
00001d60  45 00 00 83 c4 10 8b 45  d4 83 ec 0c 50 e8 aa 19  |E......E....P...|
00001d70  00 00 83 c4 10 e9 3a ff  ff ff 90 eb 01 90 a1 5c  |......:........\|
00001d80  a6 01 00 0f b6 50 1a a1  5c a6 01 00 83 ea 01 88  |.....P..\.......|
00001d90  50 1a a1 5c a6 01 00 0f  b6 40 1a 84 c0 75 16 a1  |P..\.....@...u..|
00001da0  5c a6 01 00 83 ec 0c 50  e8 6f 19 00 00 83 c4 10  |\......P.o......|
00001db0  e8 62 1a 00 00 c7 45 dc  20 00 00 00 c6 45 db 20  |.b....E. ....E. |
00001dc0  0f b6 45 db 8b 55 dc ee  90 90 8d 65 f4 5b 5e 5f  |..E..U.....e.[^_|
00001dd0  5d c3 55 89 e5 83 ec 28  83 ec 0c 68 58 71 01 00  |].U....(...hXq..|
00001de0  e8 aa f2 ff ff 83 c4 10  c7 05 10 a1 01 00 ff ff  |................|
00001df0  ff ff c7 05 14 a1 01 00  00 00 00 00 c7 05 0c a1  |................|
00001e00  01 00 00 00 00 00 c7 45  f4 a9 04 00 00 c7 45 e0  |.......E......E.|
00001e10  43 00 00 00 c6 45 df 36  0f b6 45 df 8b 55 e0 ee  |C....E.6..E..U..|
00001e20  90 8b 45 f4 0f b6 c0 c7  45 e8 40 00 00 00 88 45  |..E.....E.@....E|
00001e30  e7 0f b6 45 e7 8b 55 e8  ee 90 8b 45 f4 c1 e8 08  |...E..U....E....|
00001e40  0f b6 c0 c7 45 f0 40 00  00 00 88 45 ef 0f b6 45  |....E.@....E...E|
00001e50  ef 8b 55 f0 ee 90 83 ec  08 68 d5 1a 01 00 6a 20  |..U......h....j |
00001e60  e8 3d 36 00 00 83 c4 10  90 c9 c3 55 89 e5 83 ec  |.=6........U....|
00001e70  18 8b 45 08 88 45 f4 83  ec 0c 68 68 71 01 00 e8  |..E..E....hhq...|
00001e80  0b f2 ff ff 83 c4 10 83  ec 08 6a 19 68 8a 71 01  |..........j.h.q.|
00001e90  00 e8 71 f8 ff ff 83 c4  10 83 ec 08 6a 03 68 a0  |..q.........j.h.|
00001ea0  71 01 00 e8 5f f8 ff ff  83 c4 10 83 ec 08 6a 08  |q..._.........j.|
00001eb0  68 ae 71 01 00 e8 4d f8  ff ff 83 c4 10 83 ec 08  |h.q...M.........|
00001ec0  68 e8 03 00 00 68 bd 71  01 00 e8 38 f8 ff ff 83  |h....h.q...8....|
00001ed0  c4 10 83 ec 0c 68 cc 71  01 00 e8 b0 f1 ff ff 83  |.....h.q........|
00001ee0  c4 10 83 ec 08 68 0f 27  00 00 68 e0 71 01 00 e8  |.....h.'..h.q...|
00001ef0  13 f8 ff ff 83 c4 10 83  ec 08 68 00 01 00 00 68  |..........h....h|
00001f00  eb 71 01 00 e8 fe f7 ff  ff 83 c4 10 80 7d f4 00  |.q...........}..|
00001f10  74 10 83 ec 0c 68 fc 71  01 00 e8 70 f1 ff ff 83  |t....h.q...p....|
00001f20  c4 10 83 ec 0c 6a 0a e8  e0 ef ff ff 83 c4 10 90  |.....j..........|
00001f30  c9 c3 8d 4c 24 04 83 e4  f0 ff 71 fc 55 89 e5 53  |...L$.....q.U..S|
00001f40  51 83 ec 10 c7 45 f4 f4  7f 00 00 8b 45 f4 8d 50  |Q....E......E..P|
00001f50  02 89 55 f4 0f b7 00 66  a3 24 a6 01 00 8b 45 f4  |..U....f.$....E.|
00001f60  8d 50 02 89 55 f4 0f b7  00 66 a3 26 a6 01 00 8b  |.P..U....f.&....|
00001f70  45 f4 8d 50 02 89 55 f4  0f b7 00 66 a3 28 a6 01  |E..P..U....f.(..|
00001f80  00 e8 09 35 00 00 83 ec  0c 6a 00 e8 42 fa ff ff  |...5.....j..B...|
00001f90  83 c4 10 ba 88 6b 01 00  b8 00 00 01 00 83 ec 04  |.....k..........|
00001fa0  52 50 68 0a 72 01 00 e8  5b f7 ff ff 83 c4 10 ba  |RPh.r...[.......|
00001fb0  c8 84 01 00 b8 00 70 01  00 83 ec 04 52 50 68 1e  |......p.....RPh.|
00001fc0  72 01 00 e8 3f f7 ff ff  83 c4 10 ba 0c 95 01 00  |r...?...........|
00001fd0  b8 00 90 01 00 83 ec 04  52 50 68 32 72 01 00 e8  |........RPh2r...|
00001fe0  23 f7 ff ff 83 c4 10 ba  c0 b6 01 00 b8 00 a0 01  |#...............|
00001ff0  00 83 ec 04 52 50 68 46  72 01 00 e8 07 f7 ff ff  |....RPhFr.......|
00002000  83 c4 10 0f b7 05 26 a6  01 00 0f b7 c0 c1 e0 04  |......&.........|
00002010  89 c2 0f b7 05 24 a6 01  00 0f b7 c0 01 d0 a3 20  |.....$......... |
00002020  a6 01 00 a1 20 a6 01 00  89 c3 0f b7 05 24 a6 01  |.... ........$..|
00002030  00 0f b7 c8 0f b7 05 26  a6 01 00 0f b7 d0 0f b7  |.......&........|
00002040  05 28 a6 01 00 0f b7 c0  83 ec 0c 53 51 52 50 68  |.(.........SQRPh|
00002050  5c 72 01 00 e8 ae f6 ff  ff 83 c4 20 83 ec 0c 68  |\r......... ...h|
00002060  88 72 01 00 e8 26 f0 ff  ff 83 c4 10 83 ec 0c 68  |.r...&.........h|
00002070  ac 72 01 00 e8 16 f0 ff  ff 83 c4 10 83 ec 0c 68  |.r.............h|
00002080  cd 72 01 00 e8 06 f0 ff  ff 83 c4 10 e8 5e 03 00  |.r...........^..|
00002090  00 e8 89 1a 00 00 e8 3b  24 00 00 e8 75 11 00 00  |.......;$...u...|
000020a0  e8 54 2b 00 00 e8 28 fd  ff ff e8 b0 40 00 00 83  |.T+...(.....@...|
000020b0  ec 0c 6a 00 e8 c4 f9 ff  ff 83 c4 10 83 ec 0c 68  |..j............h|
000020c0  d8 72 01 00 e8 c6 ef ff  ff 83 c4 10 83 ec 0c 6a  |.r.............j|
000020d0  01 e8 95 fd ff ff 83 c4  10 83 ec 0c 68 ac 72 01  |............h.r.|
000020e0  00 e8 a9 ef ff ff 83 c4  10 83 ec 0c 68 fc 72 01  |............h.r.|
000020f0  00 e8 99 ef ff ff 83 c4  10 83 ec 0c 68 84 a9 01  |............h...|
00002100  00 e8 aa 13 00 00 83 c4  10 85 c0 74 39 83 ec 08  |...........t9...|
00002110  68 20 73 01 00 68 2b 01  00 00 68 42 73 01 00 68  |h s..h+...hBs..h|
00002120  8c 74 01 00 68 54 73 01  00 68 20 a4 01 00 e8 c7  |.t..hTs..h .....|
00002130  46 00 00 83 c4 20 83 ec  0c 68 20 a4 01 00 e8 7e  |F.... ...h ....~|
00002140  41 00 00 83 c4 10 a1 84  a9 01 00 c7 40 14 01 00  |A...........@...|
00002150  00 00 a1 84 a9 01 00 c6  40 18 01 a1 84 a9 01 00  |........@.......|
00002160  c6 40 19 00 c7 45 f0 77  73 01 00 83 ec 0c 8d 45  |.@...E.ws......E|
00002170  ec 50 e8 fe 2a 00 00 83  c4 10 85 c0 74 39 83 ec  |.P..*.......t9..|
00002180  08 68 7e 73 01 00 68 37  01 00 00 68 42 73 01 00  |.h~s..h7...hBs..|
00002190  68 8c 74 01 00 68 54 73  01 00 68 20 a4 01 00 e8  |h.t..hTs..h ....|
000021a0  56 46 00 00 83 c4 20 83  ec 0c 68 20 a4 01 00 e8  |VF.... ...h ....|
000021b0  0d 41 00 00 83 c4 10 a1  84 a9 01 00 8b 55 ec 89  |.A...........U..|
000021c0  50 04 a1 20 a6 01 00 8b  10 8b 45 ec 8b 1d 84 a9  |P.. ......E.....|
000021d0  01 00 83 ec 04 ff 75 f0  52 50 e8 5d 2b 00 00 83  |......u.RP.]+...|
000021e0  c4 10 89 03 a1 84 a9 01  00 8b 00 85 c0 75 39 83  |.............u9.|
000021f0  ec 08 68 9b 73 01 00 68  40 01 00 00 68 42 73 01  |..h.s..h@...hBs.|
00002200  00 68 8c 74 01 00 68 54  73 01 00 68 20 a4 01 00  |.h.t..hTs..h ...|
00002210  e8 e5 45 00 00 83 c4 20  83 ec 0c 68 20 a4 01 00  |..E.... ...h ...|
00002220  e8 9c 40 00 00 83 c4 10  a1 84 a9 01 00 8b 15 84  |..@.............|
00002230  a9 01 00 89 50 08 a1 84  a9 01 00 83 ec 0c 50 e8  |....P.........P.|
00002240  d8 14 00 00 83 c4 10 e8  cb 15 00 00 83 ec 0c 68  |...............h|
00002250  b5 73 01 00 e8 36 ee ff  ff 83 c4 10 e8 11 ef ff  |.s...6..........|
00002260  ff 6a 63 6a 63 6a 07 6a  00 e8 e1 ea ff ff 83 c4  |.jcjcj.j........|
00002270  10 e8 84 ee ff ff 83 ec  04 68 c0 73 01 00 6a 00  |.........h.s..j.|
00002280  6a 00 e8 c3 ed ff ff 83  c4 10 83 ec 04 68 14 74  |j............h.t|
00002290  01 00 6a 06 6a 00 e8 af  ed ff ff 83 c4 10 83 ec  |..j.j...........|
000022a0  0c 6a 03 e8 a8 24 00 00  83 c4 10 83 ec 0c 6a 02  |.j...$........j.|
000022b0  e8 a9 23 00 00 83 c4 10  83 ec 0c 68 68 74 01 00  |..#........hht..|
000022c0  e8 ca ed ff ff 83 c4 10  83 ec 0c 68 ac 72 01 00  |...........h.r..|
000022d0  e8 ba ed ff ff 83 c4 10  b8 00 00 00 00 8d 65 f8  |..............e.|
000022e0  59 5b 5d 8d 61 fc c3 55  89 e5 83 ec 18 81 7d 0c  |Y[].a..U......}.|
000022f0  ff 0f 00 00 0f 86 f2 00  00 00 8b 45 0c 25 ff 0f  |...........E.%..|
00002300  00 00 85 c0 74 07 81 65  0c 00 f0 ff ff 8b 45 08  |....t..e......E.|
00002310  89 45 ec 8b 45 0c c1 e8  0c 89 c2 8b 45 ec 89 10  |.E..E.......E...|
00002320  8b 45 ec c7 40 04 00 00  00 00 a1 2c a6 01 00 85  |.E..@......,....|
00002330  c0 75 17 8b 45 ec a3 2c  a6 01 00 8b 45 ec 8b 00  |.u..E..,....E...|
00002340  a3 34 a6 01 00 e9 a3 00  00 00 c7 45 f4 00 00 00  |.4.........E....|
00002350  00 a1 2c a6 01 00 89 45  f0 eb 0f 8b 45 f0 89 45  |..,....E....E..E|
00002360  f4 8b 45 f0 8b 40 04 89  45 f0 83 7d f0 00 74 08  |..E..@..E..}..t.|
00002370  8b 45 f0 3b 45 ec 72 e3  8b 45 ec 8b 55 f0 89 50  |.E.;E.r..E..U..P|
00002380  04 83 7d f4 00 75 49 83  7d f0 00 75 39 83 ec 08  |..}..uI.}..u9...|
00002390  68 94 74 01 00 68 0c 01  00 00 68 99 74 01 00 68  |h.t..h....h.t..h|
000023a0  bc 75 01 00 68 a8 74 01  00 68 20 a4 01 00 e8 47  |.u..h.t..h ....G|
000023b0  44 00 00 83 c4 20 83 ec  0c 68 20 a4 01 00 e8 fe  |D.... ...h .....|
000023c0  3e 00 00 83 c4 10 8b 45  ec a3 2c a6 01 00 eb 09  |>......E..,.....|
000023d0  8b 45 f4 8b 55 ec 89 50  04 8b 45 ec 8b 10 a1 34  |.E..U..P..E....4|
000023e0  a6 01 00 01 d0 a3 34 a6  01 00 eb 01 90 c9 c3 55  |......4........U|
000023f0  89 e5 53 83 ec 34 83 ec  0c 68 cb 74 01 00 e8 8c  |..S..4...h.t....|
00002400  ec ff ff 83 c4 10 c7 05  30 a6 01 00 00 00 00 00  |........0.......|
00002410  c7 05 2c a6 01 00 00 00  00 00 c7 05 38 a6 01 00  |..,.........8...|
00002420  00 00 00 00 a1 38 a6 01  00 a3 34 a6 01 00 c7 05  |.....8....4.....|
00002430  3c a6 01 00 00 00 00 00  b8 00 2d 00 00 8b 00 89  |<.........-.....|
00002440  45 dc 83 7d dc 00 0f 8e  61 01 00 00 c7 45 f4 04  |E..}....a....E..|
00002450  2d 00 00 c7 45 f0 00 00  00 00 e9 36 01 00 00 8b  |-...E......6....|
00002460  45 f4 8b 40 14 83 e0 01  85 c0 0f 84 10 01 00 00  |E..@............|
00002470  8b 45 f4 8b 40 14 83 e0  02 85 c0 0f 85 02 01 00  |.E..@...........|
00002480  00 8b 45 f4 8b 40 10 83  f8 01 0f 85 f6 00 00 00  |..E..@..........|
00002490  8b 45 f4 8b 50 04 8b 00  89 45 e8 89 55 ec 8b 45  |.E..P....E..U..E|
000024a0  f4 8b 50 0c 8b 40 08 89  45 d0 89 55 d4 8b 4d e8  |..P..@..E..U..M.|
000024b0  8b 5d ec 8b 45 d0 8b 55  d4 01 c8 11 da 89 45 e0  |.]..E..U......E.|
000024c0  89 55 e4 ba ff ff ff 3f  b8 00 00 00 00 3b 55 e8  |.U.....?.....;U.|
000024d0  1b 45 ec 72 12 ba ff ff  ff 3f b8 00 00 00 00 3b  |.E.r.....?.....;|
000024e0  55 e0 1b 45 e4 73 24 ba  00 00 00 40 b8 00 00 00  |U..E.s$....@....|
000024f0  00 3b 55 e8 1b 45 ec 0f  82 8c 00 00 00 c7 45 e0  |.;U..E........E.|
00002500  00 00 00 40 c7 45 e4 00  00 00 00 ba ff ff 0f 00  |...@.E..........|
00002510  b8 00 00 00 00 3b 55 e8  1b 45 ec 73 12 ba ff ff  |.....;U..E.s....|
00002520  0f 00 b8 00 00 00 00 3b  55 e0 1b 45 e4 72 20 ba  |.......;U..E.r .|
00002530  ff ff 0f 00 b8 00 00 00  00 3b 55 e0 1b 45 e4 73  |.........;U..E.s|
00002540  4b c7 45 e8 00 00 10 00  c7 45 ec 00 00 00 00 8b  |K.E......E......|
00002550  45 e0 8b 55 e4 2b 45 e8  1b 55 ec 89 45 d0 89 55  |E..U.+E..U..E..U|
00002560  d4 8b 45 e8 89 45 cc 8b  45 d0 89 45 c8 83 ec 08  |..E..E..E..E....|
00002570  ff 75 c8 ff 75 cc e8 6c  fd ff ff 83 c4 10 eb 0d  |.u..u..l........|
00002580  90 eb 0a 90 eb 07 90 eb  04 90 eb 01 90 83 45 f0  |..............E.|
00002590  01 83 45 f4 18 8b 45 f0  3b 45 dc 0f 8c be fe ff  |..E...E.;E......|
000025a0  ff c7 05 3c a6 01 00 01  00 00 00 eb 01 90 8b 5d  |...<...........]|
000025b0  fc c9 c3 55 89 e5 53 83  ec 14 8b 15 38 a6 01 00  |...U..S.....8...|
000025c0  a1 34 a6 01 00 bb 30 a6  01 00 b9 2c a6 01 00 83  |.4....0....,....|
000025d0  ec 0c 52 50 53 51 68 d0  74 01 00 e8 27 f1 ff ff  |..RPSQh.t...'...|
000025e0  83 c4 20 a1 2c a6 01 00  89 45 f4 eb 39 8b 45 f4  |.. .,....E..9.E.|
000025f0  8b 50 04 8b 45 f4 8b 00  c1 e0 0c 89 c1 8b 45 f4  |.P..E.........E.|
00002600  01 c1 8b 45 f4 8b 00 83  ec 0c 52 51 50 ff 75 f4  |...E......RQP.u.|
00002610  68 0c 75 01 00 e8 ed f0  ff ff 83 c4 20 8b 45 f4  |h.u......... .E.|
00002620  8b 40 04 89 45 f4 83 7d  f4 00 75 c1 a1 30 a6 01  |.@..E..}..u..0..|
00002630  00 89 45 f4 eb 39 8b 45  f4 8b 50 04 8b 45 f4 8b  |..E..9.E..P..E..|
00002640  00 c1 e0 0c 89 c1 8b 45  f4 01 c1 8b 45 f4 8b 00  |.......E....E...|
00002650  83 ec 0c 52 51 50 ff 75  f4 68 48 75 01 00 e8 a4  |...RQP.u.hHu....|
00002660  f0 ff ff 83 c4 20 8b 45  f4 8b 40 04 89 45 f4 83  |..... .E..@..E..|
00002670  7d f4 00 75 c1 90 90 8b  5d fc c9 c3 55 89 e5 83  |}..u....]...U...|
00002680  ec 28 a1 3c a6 01 00 85  c0 75 39 83 ec 08 68 85  |.(.<.....u9...h.|
00002690  75 01 00 68 ed 01 00 00  68 99 74 01 00 68 c8 75  |u..h....h.t..h.u|
000026a0  01 00 68 a8 74 01 00 68  20 a4 01 00 e8 49 41 00  |..h.t..h ....IA.|
000026b0  00 83 c4 20 83 ec 0c 68  20 a4 01 00 e8 00 3c 00  |... ...h .....<.|
000026c0  00 83 c4 10 83 7d 08 00  75 0a b8 00 00 00 00 e9  |.....}..u.......|
000026d0  a9 00 00 00 a1 2c a6 01  00 89 45 f4 c7 45 f0 2c  |.....,....E..E.,|
000026e0  a6 01 00 eb 11 8b 45 f4  83 c0 04 89 45 f0 8b 45  |......E.....E..E|
000026f0  f0 8b 00 89 45 f4 83 7d  f4 00 74 0a 8b 45 f4 8b  |....E..}..t..E..|
00002700  00 39 45 08 77 df 83 7d  f4 00 75 07 b8 00 00 00  |.9E.w..}..u.....|
00002710  00 eb 6a 8b 45 f4 8b 00  39 45 08 75 0d 8b 45 f4  |..j.E...9E.u..E.|
00002720  8b 50 04 8b 45 f0 89 10  eb 43 8b 45 f4 89 45 ec  |.P..E....C.E..E.|
00002730  8b 45 f4 8b 00 2b 45 08  89 45 e8 8b 45 08 c1 e0  |.E...+E..E..E...|
00002740  0c 89 c2 8b 45 f4 01 d0  89 45 e4 8b 55 e8 8b 45  |....E....E..U..E|
00002750  e4 89 10 8b 45 f4 8b 50  04 8b 45 e4 89 50 04 8b  |....E..P..E..P..|
00002760  45 f0 8b 55 e4 89 10 8b  45 ec 89 45 f4 a1 34 a6  |E..U....E..E..4.|
00002770  01 00 2b 45 08 a3 34 a6  01 00 8b 45 f4 c9 c3 55  |..+E..4....E...U|
00002780  89 e5 83 ec 08 83 7d 08  00 74 12 83 ec 08 6a 01  |......}..t....j.|
00002790  ff 75 08 e8 08 00 00 00  83 c4 10 eb 01 90 c9 c3  |.u..............|
000027a0  55 89 e5 83 ec 18 a1 3c  a6 01 00 85 c0 75 39 83  |U......<.....u9.|
000027b0  ec 08 68 99 75 01 00 68  61 02 00 00 68 99 74 01  |..h.u..ha...h.t.|
000027c0  00 68 d8 75 01 00 68 a8  74 01 00 68 20 a4 01 00  |.h.u..h.t..h ...|
000027d0  e8 25 40 00 00 83 c4 20  83 ec 0c 68 20 a4 01 00  |.%@.... ...h ...|
000027e0  e8 dc 3a 00 00 83 c4 10  83 7d 08 00 0f 84 e3 00  |..:......}......|
000027f0  00 00 8b 45 08 89 45 f4  8b 45 f4 8b 55 0c 89 10  |...E..E..E..U...|
00002800  c7 45 f0 00 00 00 00 a1  2c a6 01 00 89 45 ec eb  |.E......,....E..|
00002810  0f 8b 45 ec 89 45 f0 8b  45 ec 8b 40 04 89 45 ec  |..E..E..E..@..E.|
00002820  83 7d ec 00 74 08 8b 45  ec 3b 45 f4 72 e3 83 7d  |.}..t..E.;E.r..}|
00002830  f0 00 74 44 8b 45 f0 8b  00 c1 e0 0c 89 c2 8b 45  |..tD.E.........E|
00002840  f0 01 d0 39 45 f4 75 19  8b 45 f0 8b 10 8b 45 f4  |...9E.u..E....E.|
00002850  8b 00 01 c2 8b 45 f0 89  10 8b 45 f0 89 45 f4 eb  |.....E....E..E..|
00002860  2b 8b 45 f0 8b 50 04 8b  45 f4 89 50 04 8b 45 f0  |+.E..P..E..P..E.|
00002870  8b 55 f4 89 50 04 eb 14  8b 15 2c a6 01 00 8b 45  |.U..P.....,....E|
00002880  f4 89 50 04 8b 45 f4 a3  2c a6 01 00 83 7d ec 00  |..P..E..,....}..|
00002890  74 31 8b 45 f4 8b 00 c1  e0 0c 89 c2 8b 45 f4 01  |t1.E.........E..|
000028a0  d0 39 45 ec 75 1d 8b 45  ec 8b 50 04 8b 45 f4 89  |.9E.u..E..P..E..|
000028b0  50 04 8b 45 f4 8b 10 8b  45 ec 8b 00 01 c2 8b 45  |P..E....E......E|
000028c0  f4 89 10 8b 15 34 a6 01  00 8b 45 0c 01 d0 a3 34  |.....4....E....4|
000028d0  a6 01 00 eb 01 90 c9 c3  55 89 e5 83 ec 18 83 ec  |........U.......|
000028e0  0c 6a 01 e8 94 fd ff ff  83 c4 10 89 45 ec 83 7d  |.j..........E..}|
000028f0  ec 00 75 39 83 ec 08 68  a8 75 01 00 68 e1 02 00  |..u9...h.u..h...|
00002900  00 68 99 74 01 00 68 ec  75 01 00 68 a8 74 01 00  |.h.t..h.u..h.t..|
00002910  68 20 a4 01 00 e8 e0 3e  00 00 83 c4 20 83 ec 0c  |h .....>.... ...|
00002920  68 20 a4 01 00 e8 97 39  00 00 83 c4 10 8b 45 ec  |h .....9......E.|
00002930  89 45 f4 c7 45 f0 00 00  00 00 eb 26 83 ec 0c ff  |.E..E......&....|
00002940  75 f4 e8 f2 00 00 00 83  c4 10 81 45 f4 00 04 00  |u..........E....|
00002950  00 a1 38 a6 01 00 83 c0  01 a3 38 a6 01 00 83 45  |..8.......8....E|
00002960  f0 01 83 7d f0 03 7e d4  90 90 c9 c3 55 89 e5 83  |...}..~.....U...|
00002970  ec 18 a1 3c a6 01 00 85  c0 75 39 83 ec 08 68 99  |...<.....u9...h.|
00002980  75 01 00 68 f7 02 00 00  68 99 74 01 00 68 fc 75  |u..h....h.t..h.u|
00002990  01 00 68 a8 74 01 00 68  20 a4 01 00 e8 59 3e 00  |..h.t..h ....Y>.|
000029a0  00 83 c4 20 83 ec 0c 68  20 a4 01 00 e8 10 39 00  |... ...h .....9.|
000029b0  00 83 c4 10 a1 30 a6 01  00 85 c0 75 05 e8 16 ff  |.....0.....u....|
000029c0  ff ff a1 30 a6 01 00 89  45 f4 83 7d f4 00 75 39  |...0....E..}..u9|
000029d0  83 ec 08 68 ad 75 01 00  68 04 03 00 00 68 99 74  |...h.u..h....h.t|
000029e0  01 00 68 fc 75 01 00 68  a8 74 01 00 68 20 a4 01  |..h.u..h.t..h ..|
000029f0  00 e8 04 3e 00 00 83 c4  20 83 ec 0c 68 20 a4 01  |...>.... ...h ..|
00002a00  00 e8 bb 38 00 00 83 c4  10 a1 38 a6 01 00 83 e8  |...8......8.....|
00002a10  01 a3 38 a6 01 00 8b 45  f4 8b 40 04 a3 30 a6 01  |..8....E..@..0..|
00002a20  00 83 ec 08 68 00 04 00  00 ff 75 f4 e8 fd 3c 00  |....h.....u...<.|
00002a30  00 83 c4 10 8b 45 f4 c9  c3 55 89 e5 83 ec 18 8b  |.....E...U......|
00002a40  45 08 89 45 f4 a1 3c a6  01 00 85 c0 75 39 83 ec  |E..E..<.....u9..|
00002a50  08 68 99 75 01 00 68 22  03 00 00 68 99 74 01 00  |.h.u..h"...h.t..|
00002a60  68 0c 76 01 00 68 a8 74  01 00 68 20 a4 01 00 e8  |h.v..h.t..h ....|
00002a70  86 3d 00 00 83 c4 20 83  ec 0c 68 20 a4 01 00 e8  |.=.... ...h ....|
00002a80  3d 38 00 00 83 c4 10 8b  45 f4 c7 00 00 04 00 00  |=8......E.......|
00002a90  8b 15 30 a6 01 00 8b 45  f4 89 50 04 8b 45 f4 a3  |..0....E..P..E..|
00002aa0  30 a6 01 00 a1 38 a6 01  00 83 c0 01 a3 38 a6 01  |0....8.......8..|
00002ab0  00 90 c9 c3 55 89 e5 83  ec 18 83 7d 08 00 75 36  |....U......}..u6|
00002ac0  83 ec 08 68 1c 76 01 00  6a 23 68 29 76 01 00 68  |...h.v..j#h)v..h|
00002ad0  68 76 01 00 68 38 76 01  00 68 20 a4 01 00 e8 17  |hv..h8v..h .....|
00002ae0  3d 00 00 83 c4 20 83 ec  0c 68 20 a4 01 00 e8 ce  |=.... ...h .....|
00002af0  37 00 00 83 c4 10 83 7d  0c 00 75 36 83 ec 08 68  |7......}..u6...h|
00002b00  59 76 01 00 6a 24 68 29  76 01 00 68 68 76 01 00  |Yv..j$h)v..hhv..|
00002b10  68 38 76 01 00 68 20 a4  01 00 e8 db 3c 00 00 83  |h8v..h .....<...|
00002b20  c4 20 83 ec 0c 68 20 a4  01 00 e8 92 37 00 00 83  |. ...h .....7...|
00002b30  c4 10 8b 45 0c 89 45 f4  8b 45 08 8b 10 8b 45 f4  |...E..E..E....E.|
00002b40  89 10 8b 45 08 8b 55 f4  89 10 90 c9 c3 55 89 e5  |...E..U......U..|
00002b50  83 ec 18 83 7d 08 00 75  36 83 ec 08 68 1c 76 01  |....}..u6...h.v.|
00002b60  00 6a 36 68 29 76 01 00  68 74 76 01 00 68 38 76  |.j6h)v..htv..h8v|
00002b70  01 00 68 20 a4 01 00 e8  7e 3c 00 00 83 c4 20 83  |..h ....~<.... .|
00002b80  ec 0c 68 20 a4 01 00 e8  35 37 00 00 83 c4 10 8b  |..h ....57......|
00002b90  45 08 8b 00 89 45 f4 83  7d f4 00 74 13 8b 45 f4  |E....E..}..t..E.|
00002ba0  8b 10 8b 45 08 89 10 8b  45 f4 c7 00 00 00 00 00  |...E....E.......|
00002bb0  8b 45 f4 c9 c3 55 89 e5  83 ec 10 8b 45 08 2d 60  |.E...U......E.-`|
00002bc0  a6 01 00 c1 f8 05 89 45  fc 83 7d fc 00 78 06 83  |.......E..}..x..|
00002bd0  7d fc 18 7e 07 b8 ff ff  ff ff eb 03 8b 45 fc c9  |}..~.........E..|
00002be0  c3 55 89 e5 83 ec 10 8b  45 08 8b 40 0c 89 45 fc  |.U......E..@..E.|
00002bf0  8b 45 0c 8b 40 0c 89 45  f8 8b 45 fc 3b 45 f8 73  |.E..@..E..E.;E.s|
00002c00  07 b8 ff ff ff ff eb 14  8b 45 fc 3b 45 f8 75 07  |.........E.;E.u.|
00002c10  b8 00 00 00 00 eb 05 b8  01 00 00 00 c9 c3 55 89  |..............U.|
00002c20  e5 57 56 53 83 ec 2c 8b  5d 08 c6 45 e7 00 8b 43  |.WVS..,.]..E...C|
00002c30  40 83 f8 10 75 27 8b 03  83 f8 20 75 20 8b 43 04  |@...u'.... u .C.|
00002c40  83 f8 18 75 18 8b 43 08  83 f8 18 75 10 8b 43 0c  |...u..C....u..C.|
00002c50  83 f8 18 75 08 8b 43 10  83 f8 18 74 30 c6 45 e7  |...u..C....t0.E.|
00002c60  01 8b 43 04 89 45 d4 8b  7b 08 8b 73 0c 8b 4b 10  |..C..E..{..s..K.|
00002c70  8b 13 8b 43 40 83 ec 04  ff 75 d4 57 56 51 52 50  |...C@....u.WVQRP|
00002c80  68 b0 76 01 00 e8 7d ea  ff ff 83 c4 20 8b 43 20  |h.v...}..... .C |
00002c90  85 c0 74 14 8b 43 20 3d  ff ff 0f 00 76 39 8b 43  |..t..C =....v9.C|
00002ca0  20 3d 00 00 20 00 77 2f  8b 43 1c 85 c0 74 14 8b  | =.. .w/.C...t..|
00002cb0  43 1c 3d ff ff 0f 00 76  1e 8b 43 1c 3d 00 00 20  |C.=....v..C.=.. |
00002cc0  00 77 14 8b 43 3c 3d ff  ff 00 00 76 0a 8b 43 3c  |.w..C<=....v..C<|
00002cd0  3d 00 00 04 00 76 1d c6  45 e7 01 8b 4b 3c 8b 53  |=....v..E...K<.S|
00002ce0  1c 8b 43 20 51 52 50 68  ec 76 01 00 e8 16 ea ff  |..C QRPh.v......|
00002cf0  ff 83 c4 10 80 7d e7 00  74 3e a1 5c a6 01 00 85  |.....}..t>.\....|
00002d00  c0 74 25 a1 5c a6 01 00  83 ec 04 6a 01 50 68 10  |.t%.\......j.Ph.|
00002d10  77 01 00 e8 92 01 00 00  83 c4 10 83 ec 0c 6a 0a  |w.............j.|
00002d20  e8 e7 e1 ff ff 83 c4 10  83 ec 0c 68 90 01 00 00  |...........h....|
00002d30  e8 60 35 00 00 83 c4 10  90 8d 65 f4 5b 5e 5f 5d  |.`5.......e.[^_]|
00002d40  c3 55 89 e5 57 56 53 83  ec 1c 8b 5d 0c 83 7d 08  |.U..WVS....]..}.|
00002d50  00 74 0e 83 ec 0c ff 75  08 e8 31 e3 ff ff 83 c4  |.t.....u..1.....|
00002d60  10 89 d8 83 ec 08 50 68  20 77 01 00 e8 96 e9 ff  |......Ph w......|
00002d70  ff 83 c4 10 85 db 75 15  83 ec 0c 68 2a 77 01 00  |......u....h*w..|
00002d80  e8 0a e3 ff ff 83 c4 10  e9 9e 00 00 00 8b 43 40  |..............C@|
00002d90  0f b6 c0 89 45 e4 8b 43  10 0f b6 f8 8b 43 0c 0f  |....E..C.....C..|
00002da0  b6 f0 8b 43 08 0f b6 c8  8b 43 04 0f b6 d0 8b 03  |...C.....C......|
00002db0  0f b6 c0 83 ec 04 ff 75  e4 57 56 51 52 50 68 34  |.......u.WVQRPh4|
00002dc0  77 01 00 e8 3f e9 ff ff  83 c4 20 8b 73 20 8b 4b  |w...?..... .s .K|
00002dd0  1c 8b 53 18 8b 43 14 83  ec 0c 56 51 52 50 68 68  |..S..C....VQRPhh|
00002de0  77 01 00 e8 1f e9 ff ff  83 c4 20 8b 73 30 8b 4b  |w......... .s0.K|
00002df0  2c 8b 53 28 8b 43 24 83  ec 0c 56 51 52 50 68 90  |,.S(.C$...VQRPh.|
00002e00  77 01 00 e8 ff e8 ff ff  83 c4 20 8b 73 44 8b 4b  |w......... .sD.K|
00002e10  3c 8b 53 38 8b 43 34 83  ec 0c 56 51 52 50 68 b8  |<.S8.C4...VQRPh.|
00002e20  77 01 00 e8 df e8 ff ff  83 c4 20 8d 65 f4 5b 5e  |w......... .e.[^|
00002e30  5f 5d c3 55 89 e5 53 83  ec 14 83 7d 08 00 74 0e  |_].U..S....}..t.|
00002e40  83 ec 0c ff 75 08 e8 44  e2 ff ff 83 c4 10 c7 45  |....u..D.......E|
00002e50  f4 00 00 00 00 bb 60 a6  01 00 c7 45 f0 00 00 00  |......`....E....|
00002e60  00 eb 3a 0f b6 43 18 84  c0 74 2b 83 45 f4 01 8b  |..:..C...t+.E...|
00002e70  43 14 83 ec 04 50 ff 75  f4 68 df 77 01 00 e8 84  |C....P.u.h.w....|
00002e80  e8 ff ff 83 c4 10 8b 03  83 ec 08 50 6a 00 e8 ae  |...........Pj...|
00002e90  fe ff ff 83 c4 10 83 45  f0 01 83 c3 20 83 7d f0  |.......E.... .}.|
00002ea0  18 7e c0 90 90 8b 5d fc  c9 c3 55 89 e5 53 83 ec  |.~....]...U..S..|
00002eb0  24 8b 5d 0c 8b 45 10 88  45 e4 83 7d 08 00 74 0e  |$.]..E..E..}..t.|
00002ec0  83 ec 0c ff 75 08 e8 c4  e1 ff ff 83 c4 10 89 d8  |....u...........|
00002ed0  83 ec 08 50 68 e9 77 01  00 e8 29 e8 ff ff 83 c4  |...Ph.w...).....|
00002ee0  10 85 db 75 15 83 ec 0c  68 2a 77 01 00 e8 9d e1  |...u....h*w.....|
00002ef0  ff ff 83 c4 10 e9 30 01  00 00 0f b6 43 18 3c 07  |......0.....C.<.|
00002f00  77 12 0f b6 43 18 0f b6  c0 c1 e0 02 8d 90 80 76  |w...C..........v|
00002f10  01 00 eb 05 ba f2 77 01  00 8b 43 14 83 ec 04 52  |......w...C....R|
00002f20  50 68 f6 77 01 00 e8 dc  e7 ff ff 83 c4 10 80 7d  |Ph.w...........}|
00002f30  e4 00 0f 84 f1 00 00 00  0f b6 43 19 3c 02 77 15  |..........C.<.w.|
00002f40  0f b6 43 19 0f b6 d0 89  d0 c1 e0 02 01 d0 05 a0  |..C.............|
00002f50  76 01 00 eb 05 b8 f2 77  01 00 83 ec 08 50 68 fd  |v......w.....Ph.|
00002f60  77 01 00 e8 9f e7 ff ff  83 c4 10 8b 53 0c 8b 43  |w...........S..C|
00002f70  10 83 ec 04 52 50 68 06  78 01 00 e8 87 e7 ff ff  |....RPh.x.......|
00002f80  83 c4 10 8b 43 08 83 ec  08 50 68 19 78 01 00 e8  |....C....Ph.x...|
00002f90  73 e7 ff ff 83 c4 10 8b  43 08 85 c0 74 17 8b 43  |s.......C...t..C|
00002fa0  08 8b 40 14 83 ec 08 50  68 26 78 01 00 e8 55 e7  |..@....Ph&x...U.|
00002fb0  ff ff 83 c4 10 8b 43 04  89 c2 8b 03 83 ec 04 52  |......C........R|
00002fc0  50 68 2c 78 01 00 e8 3c  e7 ff ff 83 c4 10 83 ec  |Ph,x...<........|
00002fd0  0c 68 43 78 01 00 e8 2c  e7 ff ff 83 c4 10 c7 45  |.hCx...,.......E|
00002fe0  f4 00 00 00 00 eb 2b 83  ec 0c 6a 20 e8 1b df ff  |......+...j ....|
00002ff0  ff 83 c4 10 8b 45 f4 01  d8 83 c0 1b 0f b6 00 0f  |.....E..........|
00003000  b6 c0 83 ec 0c 50 e8 92  31 00 00 83 c4 10 83 45  |.....P..1......E|
00003010  f4 01 8b 45 f4 83 f8 04  76 cd 83 ec 0c 6a 0a e8  |...E....v....j..|
00003020  e8 de ff ff 83 c4 10 eb  01 90 8b 5d fc c9 c3 55  |...........]...U|
00003030  89 e5 53 83 ec 24 8b 45  0c 88 45 e4 83 7d 08 00  |..S..$.E..E..}..|
00003040  74 0e 83 ec 0c ff 75 08  e8 42 e0 ff ff 83 c4 10  |t.....u..B......|
00003050  83 ec 0c 6a 20 e8 b2 de  ff ff 83 c4 10 c7 45 f4  |...j .........E.|
00003060  00 00 00 00 c7 45 f0 00  00 00 00 bb 60 a6 01 00  |.....E......`...|
00003070  c7 45 ec 00 00 00 00 eb  58 0f b6 43 18 84 c0 75  |.E......X..C...u|
00003080  06 83 45 f0 01 eb 43 83  45 f4 01 80 7d e4 00 75  |..E...C.E...}..u|
00003090  13 83 7d f4 00 74 0d 83  ec 0c 6a 2c e8 6b de ff  |..}..t....j,.k..|
000030a0  ff 83 c4 10 83 ec 08 ff  75 ec 68 49 78 01 00 e8  |........u.hIx...|
000030b0  53 e6 ff ff 83 c4 10 0f  b6 45 e4 83 ec 04 50 53  |S........E....PS|
000030c0  6a 00 e8 e3 fd ff ff 83  c4 10 83 45 ec 01 83 c3  |j..........E....|
000030d0  20 83 7d ec 18 7e a2 80  7d e4 00 75 0d 83 ec 0c  | .}..~..}..u....|
000030e0  6a 0a e8 25 de ff ff 83  c4 10 8b 55 f4 8b 45 f0  |j..%.......U..E.|
000030f0  01 d0 83 f8 19 74 21 8b  55 f4 8b 45 f0 01 d0 83  |.....t!.U..E....|
00003100  ec 0c 50 ff 75 f0 ff 75  f4 6a 19 68 50 78 01 00  |..P.u..u.j.hPx..|
00003110  e8 f2 e5 ff ff 83 c4 20  90 8b 5d fc c9 c3 55 89  |....... ..]...U.|
00003120  e5 83 ec 38 b9 00 00 00  00 b8 20 00 00 00 83 e0  |...8...... .....|
00003130  fc 89 c2 b8 00 00 00 00  89 4c 05 cc 83 c0 04 39  |.........L.....9|
00003140  d0 72 f5 c7 45 f4 00 00  00 00 c7 45 f0 00 00 00  |.r..E......E....|
00003150  00 c7 45 ec 60 a6 01 00  eb 2e 8b 45 ec 0f b6 40  |..E.`......E...@|
00003160  18 3c 07 76 06 83 45 f4  01 eb 15 8b 45 ec 0f b6  |.<.v..E.....E...|
00003170  40 18 0f b6 c0 8b 54 85  cc 83 c2 01 89 54 85 cc  |@.....T......T..|
00003180  83 45 f0 01 83 45 ec 20  83 7d f0 18 7e cc 83 7d  |.E...E. .}..~..}|
00003190  08 00 74 19 83 ec 04 6a  20 8d 45 cc 50 ff 75 08  |..t....j .E.P.u.|
000031a0  e8 ad 35 00 00 83 c4 10  8b 45 f4 eb 66 83 ec 08  |..5......E..f...|
000031b0  ff 75 f4 68 7b 78 01 00  e8 4a e5 ff ff 83 c4 10  |.u.h{x...J......|
000031c0  c7 45 f0 00 00 00 00 eb  34 8b 45 f0 8b 44 85 cc  |.E......4.E..D..|
000031d0  85 c0 74 25 8b 45 f0 c1  e0 02 8d 90 80 76 01 00  |..t%.E.......v..|
000031e0  8b 45 f0 8b 44 85 cc 83  ec 04 52 50 68 8a 78 01  |.E..D.....RPh.x.|
000031f0  00 e8 11 e5 ff ff 83 c4  10 83 45 f0 01 83 7d f0  |..........E...}.|
00003200  07 7e c6 83 ec 0c 6a 0a  e8 ff dc ff ff 83 c4 10  |.~....j.........|
00003210  8b 45 f4 c9 c3 55 89 e5  83 ec 08 83 ec 0c 68 91  |.E...U........h.|
00003220  78 01 00 e8 67 de ff ff  83 c4 10 83 ec 08 68 20  |x...g.........h |
00003230  03 00 00 68 60 a6 01 00  e8 f1 34 00 00 83 c4 10  |...h`.....4.....|
00003240  83 ec 0c 6a 00 e8 26 09  00 00 83 c4 10 a3 40 a6  |...j..&.......@.|
00003250  01 00 a1 40 a6 01 00 85  c0 75 39 83 ec 08 68 98  |...@.....u9...h.|
00003260  78 01 00 68 aa 01 00 00  68 c5 78 01 00 68 04 7b  |x..h....h.x..h.{|
00003270  01 00 68 d4 78 01 00 68  20 a4 01 00 e8 79 35 00  |..h.x..h ....y5.|
00003280  00 83 c4 20 83 ec 0c 68  20 a4 01 00 e8 30 30 00  |... ...h ....00.|
00003290  00 83 c4 10 83 ec 0c 6a  00 e8 d2 08 00 00 83 c4  |.......j........|
000032a0  10 a3 44 a6 01 00 a1 44  a6 01 00 85 c0 75 39 83  |..D....D.....u9.|
000032b0  ec 08 68 f8 78 01 00 68  ab 01 00 00 68 c5 78 01  |..h.x..h....h.x.|
000032c0  00 68 04 7b 01 00 68 d4  78 01 00 68 20 a4 01 00  |.h.{..h.x..h ...|
000032d0  e8 25 35 00 00 83 c4 20  83 ec 0c 68 20 a4 01 00  |.%5.... ...h ...|
000032e0  e8 dc 2f 00 00 83 c4 10  83 ec 0c 6a 00 e8 7e 08  |../........j..~.|
000032f0  00 00 83 c4 10 a3 48 a6  01 00 a1 48 a6 01 00 85  |......H....H....|
00003300  c0 75 39 83 ec 08 68 24  79 01 00 68 ac 01 00 00  |.u9...h$y..h....|
00003310  68 c5 78 01 00 68 04 7b  01 00 68 d4 78 01 00 68  |h.x..h.{..h.x..h|
00003320  20 a4 01 00 e8 d1 34 00  00 83 c4 20 83 ec 0c 68  | .....4.... ...h|
00003330  20 a4 01 00 e8 88 2f 00  00 83 c4 10 83 ec 0c 68  | ...../........h|
00003340  e1 2b 01 00 e8 27 08 00  00 83 c4 10 a3 4c a6 01  |.+...'.......L..|
00003350  00 a1 4c a6 01 00 85 c0  75 39 83 ec 08 68 50 79  |..L.....u9...hPy|
00003360  01 00 68 ad 01 00 00 68  c5 78 01 00 68 04 7b 01  |..h....h.x..h.{.|
00003370  00 68 d4 78 01 00 68 20  a4 01 00 e8 7a 34 00 00  |.h.x..h ....z4..|
00003380  83 c4 20 83 ec 0c 68 20  a4 01 00 e8 31 2f 00 00  |.. ...h ....1/..|
00003390  83 c4 10 83 ec 0c 6a 00  e8 d3 07 00 00 83 c4 10  |......j.........|
000033a0  a3 50 a6 01 00 a1 50 a6  01 00 85 c0 75 39 83 ec  |.P....P.....u9..|
000033b0  08 68 80 79 01 00 68 ae  01 00 00 68 c5 78 01 00  |.h.y..h....h.x..|
000033c0  68 04 7b 01 00 68 d4 78  01 00 68 20 a4 01 00 e8  |h.{..h.x..h ....|
000033d0  26 34 00 00 83 c4 20 83  ec 0c 68 20 a4 01 00 e8  |&4.... ...h ....|
000033e0  dd 2e 00 00 83 c4 10 83  ec 0c 6a 00 e8 7f 07 00  |..........j.....|
000033f0  00 83 c4 10 a3 54 a6 01  00 a1 54 a6 01 00 85 c0  |.....T....T.....|
00003400  75 39 83 ec 08 68 a4 79  01 00 68 af 01 00 00 68  |u9...h.y..h....h|
00003410  c5 78 01 00 68 04 7b 01  00 68 d4 78 01 00 68 20  |.x..h.{..h.x..h |
00003420  a4 01 00 e8 d2 33 00 00  83 c4 20 83 ec 0c 68 20  |.....3.... ...h |
00003430  a4 01 00 e8 89 2e 00 00  83 c4 10 83 ec 0c 6a 00  |..............j.|
00003440  e8 2b 07 00 00 83 c4 10  a3 58 a6 01 00 a1 58 a6  |.+.......X....X.|
00003450  01 00 85 c0 75 39 83 ec  08 68 c8 79 01 00 68 b0  |....u9...h.y..h.|
00003460  01 00 00 68 c5 78 01 00  68 04 7b 01 00 68 d4 78  |...h.x..h.{..h.x|
00003470  01 00 68 20 a4 01 00 e8  7e 33 00 00 83 c4 20 83  |..h ....~3.... .|
00003480  ec 0c 68 20 a4 01 00 e8  35 2e 00 00 83 c4 10 c7  |..h ....5.......|
00003490  05 5c a6 01 00 00 00 00  00 c7 05 84 a9 01 00 00  |.\..............|
000034a0  00 00 00 c7 05 80 a9 01  00 02 00 00 00 90 c9 c3  |................|
000034b0  55 89 e5 53 83 ec 04 83  7d 08 00 75 39 83 ec 08  |U..S....}..u9...|
000034c0  68 ec 79 01 00 68 c7 01  00 00 68 c5 78 01 00 68  |h.y..h....h.x..h|
000034d0  10 7b 01 00 68 f8 79 01  00 68 20 a4 01 00 e8 17  |.{..h.y..h .....|
000034e0  33 00 00 83 c4 20 83 ec  0c 68 20 a4 01 00 e8 ce  |3.... ...h .....|
000034f0  2d 00 00 83 c4 10 bb 60  a6 01 00 eb 17 0f b6 43  |-......`.......C|
00003500  18 84 c0 75 0c 8b 45 08  89 18 b8 00 00 00 00 eb  |...u..E.........|
00003510  10 83 c3 20 81 fb 80 a9  01 00 72 e1 b8 07 00 00  |... ......r.....|
00003520  00 8b 5d fc c9 c3 55 89  e5 83 ec 08 83 7d 08 00  |..]...U......}..|
00003530  75 39 83 ec 08 68 ec 79  01 00 68 e4 01 00 00 68  |u9...h.y..h....h|
00003540  c5 78 01 00 68 1c 7b 01  00 68 f8 79 01 00 68 20  |.x..h.{..h.y..h |
00003550  a4 01 00 e8 a2 32 00 00  83 c4 20 83 ec 0c 68 20  |.....2.... ...h |
00003560  a4 01 00 e8 59 2d 00 00  83 c4 10 8b 45 08 c6 40  |....Y-......E..@|
00003570  18 00 90 c9 c3 55 89 e5  53 83 ec 04 83 7d 08 01  |.....U..S....}..|
00003580  7f 39 83 ec 08 68 19 7a  01 00 68 f8 01 00 00 68  |.9...h.z..h....h|
00003590  c5 78 01 00 68 28 7b 01  00 68 f8 79 01 00 68 20  |.x..h({..h.y..h |
000035a0  a4 01 00 e8 52 32 00 00  83 c4 20 83 ec 0c 68 20  |....R2.... ...h |
000035b0  a4 01 00 e8 09 2d 00 00  83 c4 10 bb 60 a6 01 00  |.....-......`...|
000035c0  eb 17 8b 43 14 39 45 08  75 0c 0f b6 43 18 84 c0  |...C.9E.u...C...|
000035d0  74 04 89 d8 eb 10 83 c3  20 81 fb 80 a9 01 00 72  |t....... ......r|
000035e0  e1 b8 00 00 00 00 8b 5d  fc c9 c3 55 89 e5 56 53  |.......]...U..VS|
000035f0  8b 75 08 81 fe 60 a6 01  00 72 08 81 fe 80 a9 01  |.u...`...r......|
00003600  00 72 39 83 ec 08 68 30  7a 01 00 68 18 02 00 00  |.r9...h0z..h....|
00003610  68 c5 78 01 00 68 38 7b  01 00 68 f8 79 01 00 68  |h.x..h8{..h.y..h|
00003620  20 a4 01 00 e8 d1 31 00  00 83 c4 20 83 ec 0c 68  | .....1.... ...h|
00003630  20 a4 01 00 e8 88 2c 00  00 83 c4 10 bb 60 a6 01  | .....,......`..|
00003640  00 eb 1a 39 f3 74 13 8b  43 08 39 c6 75 0c 0f b6  |...9.t..C.9.u...|
00003650  43 18 84 c0 74 04 89 d8  eb 10 83 c3 20 81 fb 80  |C...t....... ...|
00003660  a9 01 00 72 de b8 00 00  00 00 8d 65 f8 5b 5e 5d  |...r.......e.[^]|
00003670  c3 55 89 e5 83 ec 08 8b  45 08 85 c0 74 56 c6 40  |.U......E...tV.@|
00003680  18 07 8b 15 50 a6 01 00  83 ec 08 50 52 e8 2d 06  |....P......PR.-.|
00003690  00 00 83 c4 10 85 c0 74  3c 83 ec 08 68 60 7a 01  |.......t<...h`z.|
000036a0  00 68 44 02 00 00 68 c5  78 01 00 68 4c 7b 01 00  |.hD...h.x..hL{..|
000036b0  68 d4 78 01 00 68 20 a4  01 00 e8 3b 31 00 00 83  |h.x..h ....;1...|
000036c0  c4 20 83 ec 0c 68 20 a4  01 00 e8 f2 2b 00 00 83  |. ...h .....+...|
000036d0  c4 10 eb 01 90 c9 c3 55  89 e5 83 ec 08 83 7d 08  |.......U......}.|
000036e0  00 74 36 8b 45 08 8b 40  04 85 c0 74 1c 8b 45 08  |.t6.E..@...t..E.|
000036f0  8b 40 04 83 ec 0c 50 e8  df 15 00 00 83 c4 10 8b  |.@....P.........|
00003700  45 08 c7 40 04 00 00 00  00 83 ec 0c ff 75 08 e8  |E..@.........u..|
00003710  12 fe ff ff 83 c4 10 eb  01 90 c9 c3 55 89 e5 83  |............U...|
00003720  ec 08 ff 75 08 e8 8b f4  ff ff 83 c4 04 85 c0 79  |...u...........y|
00003730  39 83 ec 08 68 84 7a 01  00 68 7d 02 00 00 68 c5  |9...h.z..h}...h.|
00003740  78 01 00 68 58 7b 01 00  68 f8 79 01 00 68 20 a4  |x..hX{..h.y..h .|
00003750  01 00 e8 a3 30 00 00 83  c4 20 83 ec 0c 68 20 a4  |....0.... ...h .|
00003760  01 00 e8 5a 2b 00 00 83  c4 10 8b 45 08 0f b6 40  |...Z+......E...@|
00003770  19 3c 02 76 39 83 ec 08  68 94 7a 01 00 68 80 02  |.<.v9...h.z..h..|
00003780  00 00 68 c5 78 01 00 68  58 7b 01 00 68 f8 79 01  |..h.x..hX{..h.y.|
00003790  00 68 20 a4 01 00 e8 5f  30 00 00 83 c4 20 83 ec  |.h ...._0.... ..|
000037a0  0c 68 20 a4 01 00 e8 16  2b 00 00 83 c4 10 8b 45  |.h .....+......E|
000037b0  08 0f b6 40 19 0f b6 c0  8b 04 85 40 a6 01 00 83  |...@.......@....|
000037c0  ec 08 ff 75 08 50 e8 f4  04 00 00 83 c4 10 85 c0  |...u.P..........|
000037d0  74 3b 83 ec 04 68 ca 7a  01 00 6a 00 68 84 02 00  |t;...h.z..j.h...|
000037e0  00 68 c5 78 01 00 68 58  7b 01 00 68 e4 7a 01 00  |.h.x..hX{..h.z..|
000037f0  68 20 a4 01 00 e8 00 30  00 00 83 c4 20 83 ec 0c  |h .....0.... ...|
00003800  68 20 a4 01 00 e8 b7 2a  00 00 83 c4 10 8b 45 08  |h .....*......E.|
00003810  c6 40 18 02 90 c9 c3 55  89 e5 83 ec 18 c7 45 f0  |.@.....U......E.|
00003820  00 00 00 00 c7 45 f4 00  00 00 00 eb 22 8b 45 f4  |.....E......".E.|
00003830  8b 04 85 40 a6 01 00 83  ec 08 8d 55 f0 52 50 e8  |...@.......U.RP.|
00003840  1d 07 00 00 83 c4 10 85  c0 74 0c 83 45 f4 01 83  |.........t..E...|
00003850  7d f4 02 7e d8 eb 01 90  8b 45 f0 85 c0 75 39 83  |}..~.....E...u9.|
00003860  ec 08 68 fa 7a 01 00 68  a4 02 00 00 68 c5 78 01  |..h.z..h....h.x.|
00003870  00 68 64 7b 01 00 68 d4  78 01 00 68 20 a4 01 00  |.hd{..h.x..h ...|
00003880  e8 75 2f 00 00 83 c4 20  83 ec 0c 68 20 a4 01 00  |.u/.... ...h ...|
00003890  e8 2c 2a 00 00 83 c4 10  8b 45 f0 a3 5c a6 01 00  |.,*......E..\...|
000038a0  a1 5c a6 01 00 c6 40 18  03 a1 5c a6 01 00 c6 40  |.\....@...\....@|
000038b0  1a 03 90 c9 c3 55 89 e5  83 ec 10 8b 45 08 2d c0  |.....U......E.-.|
000038c0  a9 01 00 c1 f8 04 89 45  fc 83 7d fc 00 78 06 83  |.......E..}..x..|
000038d0  7d fc 07 7e 07 b8 ff ff  ff ff eb 03 8b 45 fc c9  |}..~.........E..|
000038e0  c3 55 89 e5 83 ec 08 83  7d 08 00 75 36 83 ec 08  |.U......}..u6...|
000038f0  68 70 7b 01 00 6a 6f 68  7b 7b 01 00 68 14 7d 01  |hp{..joh{{..h.}.|
00003900  00 68 8c 7b 01 00 68 20  a4 01 00 e8 ea 2e 00 00  |.h.{..h ........|
00003910  83 c4 20 83 ec 0c 68 20  a4 01 00 e8 a1 29 00 00  |.. ...h .....)..|
00003920  83 c4 10 8b 15 a0 a9 01  00 8b 45 08 89 50 04 8b  |..........E..P..|
00003930  45 08 a3 a0 a9 01 00 90  c9 c3 55 89 e5 83 ec 18  |E.........U.....|
00003940  83 ec 0c 6a 01 e8 32 ed  ff ff 83 c4 10 89 45 f4  |...j..2.......E.|
00003950  83 7d f4 00 75 39 83 ec  08 68 ad 7b 01 00 68 81  |.}..u9...h.{..h.|
00003960  00 00 00 68 7b 7b 01 00  68 20 7d 01 00 68 bc 7b  |...h{{..h }..h.{|
00003970  01 00 68 20 a4 01 00 e8  7e 2e 00 00 83 c4 20 83  |..h ....~..... .|
00003980  ec 0c 68 20 a4 01 00 e8  35 29 00 00 83 c4 10 c7  |..h ....5)......|
00003990  45 f0 00 00 00 00 eb 16  83 ec 0c ff 75 f4 e8 3e  |E...........u..>|
000039a0  ff ff ff 83 c4 10 83 45  f0 01 83 45 f4 08 8b 45  |.......E...E...E|
000039b0  f0 3d ff 01 00 00 76 e0  90 90 c9 c3 55 89 e5 83  |.=....v.....U...|
000039c0  ec 18 a1 a0 a9 01 00 85  c0 75 15 e8 6a ff ff ff  |.........u..j...|
000039d0  a1 a0 a9 01 00 85 c0 75  07 b8 00 00 00 00 eb 26  |.......u.......&|
000039e0  a1 a0 a9 01 00 89 45 f4  8b 45 f4 8b 40 04 a3 a0  |......E..E..@...|
000039f0  a9 01 00 83 ec 08 6a 08  ff 75 f4 e8 2e 2d 00 00  |......j..u...-..|
00003a00  83 c4 10 8b 45 f4 c9 c3  55 89 e5 83 ec 18 83 7d  |....E...U......}|
00003a10  08 00 74 05 8b 45 08 eb  05 b8 df 7b 01 00 83 ec  |..t..E.....{....|
00003a20  08 50 68 e3 7b 01 00 e8  db dc ff ff 83 c4 10 83  |.Ph.{...........|
00003a30  7d 0c 00 75 15 83 ec 0c  68 e8 7b 01 00 e8 4d d6  |}..u....h.{...M.|
00003a40  ff ff 83 c4 10 e9 d3 00  00 00 8b 45 0c 8b 40 08  |...........E..@.|
00003a50  8b 55 0c 8b 52 04 89 d1  8b 55 0c 8b 12 50 51 52  |.U..R....U...PQR|
00003a60  68 f1 7b 01 00 e8 9d dc  ff ff 83 c4 10 8b 45 0c  |h.{...........E.|
00003a70  8b 40 0c 85 c0 74 19 8b  45 0c 8b 40 0c 83 ec 08  |.@...t..E..@....|
00003a80  50 68 0c 7c 01 00 e8 7c  dc ff ff 83 c4 10 eb 10  |Ph.|...|........|
00003a90  83 ec 0c 68 1b 7c 01 00  e8 f2 d5 ff ff 83 c4 10  |...h.|..........|
00003aa0  8b 45 0c 8b 40 08 85 c0  74 73 83 ec 0c 68 22 7c  |.E..@...ts...h"||
00003ab0  01 00 e8 d8 d5 ff ff 83  c4 10 8b 45 0c 8b 00 89  |...........E....|
00003ac0  45 f4 c7 45 f0 00 00 00  00 eb 23 8b 45 f4 8b 00  |E..E......#.E...|
00003ad0  83 ec 08 50 68 2a 7c 01  00 e8 29 dc ff ff 83 c4  |...Ph*|...).....|
00003ae0  10 83 45 f0 01 8b 45 f4  8b 40 04 89 45 f4 83 7d  |..E...E..@..E..}|
00003af0  f0 04 7f 06 83 7d f4 00  75 d1 83 7d f4 00 74 10  |.....}..u..}..t.|
00003b00  83 ec 0c 68 32 7c 01 00  e8 82 d5 ff ff 83 c4 10  |...h2|..........|
00003b10  83 ec 0c 6a 0a e8 f2 d3  ff ff 83 c4 10 c9 c3 55  |...j...........U|
00003b20  89 e5 83 ec 08 83 ec 0c  68 37 7c 01 00 e8 5d d5  |........h7|...].|
00003b30  ff ff 83 c4 10 83 ec 08  68 80 00 00 00 68 c0 a9  |........h....h..|
00003b40  01 00 e8 e7 2b 00 00 83  c4 10 83 ec 04 6a 01 6a  |....+........j.j|
00003b50  08 68 40 aa 01 00 e8 78  2c 00 00 83 c4 10 c7 05  |.h@....x,.......|
00003b60  a0 a9 01 00 00 00 00 00  e8 cd fd ff ff 90 c9 c3  |................|
00003b70  55 89 e5 83 ec 10 c7 45  fc 00 00 00 00 eb 13 8b  |U......E........|
00003b80  45 fc 05 40 aa 01 00 0f  b6 00 84 c0 75 0c 83 45  |E..@........u..E|
00003b90  fc 01 83 7d fc 07 7e e7  eb 01 90 83 7d fc 07 7e  |...}..~.....}..~|
00003ba0  07 b8 00 00 00 00 eb 44  8b 45 fc c1 e0 04 05 c0  |.......D.E......|
00003bb0  a9 01 00 89 45 f8 8b 45  fc 05 40 aa 01 00 c6 00  |....E..E..@.....|
00003bc0  00 8b 45 f8 c7 40 04 00  00 00 00 8b 45 f8 8b 50  |..E..@......E..P|
00003bd0  04 8b 45 f8 89 10 8b 45  f8 c7 40 08 00 00 00 00  |..E....E..@.....|
00003be0  8b 45 f8 8b 55 08 89 50  0c 8b 45 f8 c9 c3 55 89  |.E..U..P..E...U.|
00003bf0  e5 83 ec 18 ff 75 08 e8  b9 fc ff ff 83 c4 04 89  |.....u..........|
00003c00  45 f4 83 7d f4 00 79 10  83 ec 0c 68 3c 7c 01 00  |E..}..y....h<|..|
00003c10  e8 ac 26 00 00 83 c4 10  8b 45 f4 05 40 aa 01 00  |..&......E..@...|
00003c20  0f b6 00 84 c0 74 10 83  ec 0c 68 58 7c 01 00 e8  |.....t....hX|...|
00003c30  8d 26 00 00 83 c4 10 8b  45 f4 05 40 aa 01 00 c6  |.&......E..@....|
00003c40  00 01 8b 45 08 c7 40 04  00 00 00 00 8b 45 08 8b  |...E..@......E..|
00003c50  50 04 8b 45 08 89 10 8b  45 08 c7 40 0c 00 00 00  |P..E....E..@....|
00003c60  00 8b 45 08 c7 40 08 00  00 00 00 90 c9 c3 55 89  |..E..@........U.|
00003c70  e5 83 ec 18 ff 75 08 e8  39 fc ff ff 83 c4 04 89  |.....u..9.......|
00003c80  45 f4 83 7d f4 00 79 10  83 ec 0c 68 77 7c 01 00  |E..}..y....hw|..|
00003c90  e8 2c 26 00 00 83 c4 10  8b 45 f4 05 40 aa 01 00  |.,&......E..@...|
00003ca0  0f b6 00 84 c0 74 10 83  ec 0c 68 93 7c 01 00 e8  |.....t....h.|...|
00003cb0  0d 26 00 00 83 c4 10 8b  45 08 8b 40 08 c9 c3 55  |.&......E..@...U|
00003cc0  89 e5 57 56 53 83 ec 1c  ff 75 08 e8 e5 fb ff ff  |..WVS....u......|
00003cd0  83 c4 04 85 c0 79 39 83  ec 08 68 b1 7c 01 00 68  |.....y9...h.|..h|
00003ce0  7c 01 00 00 68 7b 7b 01  00 68 30 7d 01 00 68 8c  ||...h{{..h0}..h.|
00003cf0  7b 01 00 68 20 a4 01 00  e8 fd 2a 00 00 83 c4 20  |{..h .....*.... |
00003d00  83 ec 0c 68 20 a4 01 00  e8 b4 25 00 00 83 c4 10  |...h .....%.....|
00003d10  e8 a7 fc ff ff 89 45 e4  83 7d e4 00 75 0a b8 08  |......E..}..u...|
00003d20  00 00 00 e9 6f 01 00 00  8b 45 e4 8b 55 0c 89 10  |....o....E..U...|
00003d30  8b 45 08 8b 40 08 85 c0  75 74 8b 45 08 8b 00 85  |.E..@...ut.E....|
00003d40  c0 75 0a 8b 45 08 8b 40  04 85 c0 74 39 83 ec 08  |.u..E..@...t9...|
00003d50  68 c0 7c 01 00 68 8c 01  00 00 68 7b 7b 01 00 68  |h.|..h....h{{..h|
00003d60  30 7d 01 00 68 8c 7b 01  00 68 20 a4 01 00 e8 87  |0}..h.{..h .....|
00003d70  2a 00 00 83 c4 20 83 ec  0c 68 20 a4 01 00 e8 3e  |*.... ...h ....>|
00003d80  25 00 00 83 c4 10 8b 45  08 8b 55 e4 89 50 04 8b  |%......E..U..P..|
00003d90  45 08 8b 50 04 8b 45 08  89 10 8b 45 08 c7 40 08  |E..P..E....E..@.|
00003da0  01 00 00 00 b8 00 00 00  00 e9 e9 00 00 00 8b 45  |...............E|
00003db0  08 8b 00 85 c0 74 0a 8b  45 08 8b 40 04 85 c0 75  |.....t..E..@...u|
00003dc0  39 83 ec 08 68 e4 7c 01  00 68 99 01 00 00 68 7b  |9...h.|..h....h{|
00003dd0  7b 01 00 68 30 7d 01 00  68 8c 7b 01 00 68 20 a4  |{..h0}..h.{..h .|
00003de0  01 00 e8 13 2a 00 00 83  c4 20 83 ec 0c 68 20 a4  |....*.... ...h .|
00003df0  01 00 e8 ca 24 00 00 83  c4 10 8b 45 08 8b 40 0c  |....$......E..@.|
00003e00  85 c0 75 2b 8b 45 08 8b  40 04 8b 55 e4 89 50 04  |..u+.E..@..U..P.|
00003e10  8b 45 08 8b 55 e4 89 50  04 8b 45 08 8b 40 08 8d  |.E..U..P..E..@..|
00003e20  50 01 8b 45 08 89 50 08  b8 00 00 00 00 eb 68 8b  |P..E..P.......h.|
00003e30  45 08 8b 78 0c be 00 00  00 00 8b 45 08 8b 18 eb  |E..x.......E....|
00003e40  05 89 de 8b 5b 04 85 db  74 12 8b 03 83 ec 08 50  |....[...t......P|
00003e50  ff 75 0c ff d7 83 c4 10  85 c0 79 e5 8b 45 e4 89  |.u........y..E..|
00003e60  58 04 85 f6 75 0a 8b 45  08 8b 55 e4 89 10 eb 13  |X...u..E..U.....|
00003e70  8b 45 e4 89 46 04 85 db  75 09 8b 45 08 8b 55 e4  |.E..F...u..E..U.|
00003e80  89 50 04 8b 45 08 8b 40  08 8d 50 01 8b 45 08 89  |.P..E..@..P..E..|
00003e90  50 08 b8 00 00 00 00 8d  65 f4 5b 5e 5f 5d c3 55  |P.......e.[^_].U|
00003ea0  89 e5 83 ec 08 83 7d 08  00 75 39 83 ec 08 68 07  |......}..u9...h.|
00003eb0  7d 01 00 68 fe 01 00 00  68 7b 7b 01 00 68 3c 7d  |}..h....h{{..h<}|
00003ec0  01 00 68 8c 7b 01 00 68  20 a4 01 00 e8 29 29 00  |..h.{..h ....)).|
00003ed0  00 83 c4 20 83 ec 0c 68  20 a4 01 00 e8 e0 23 00  |... ...h .....#.|
00003ee0  00 83 c4 10 83 7d 0c 00  75 07 b8 03 00 00 00 eb  |.....}..u.......|
00003ef0  6e 8b 45 08 8b 40 08 85  c0 75 07 b8 04 00 00 00  |n.E..@...u......|
00003f00  eb 5d 8b 45 08 8b 00 85  c0 74 0a 8b 45 08 8b 40  |.].E.....t..E..@|
00003f10  04 85 c0 75 39 83 ec 08  68 e4 7c 01 00 68 0b 02  |...u9...h.|..h..|
00003f20  00 00 68 7b 7b 01 00 68  3c 7d 01 00 68 8c 7b 01  |..h{{..h<}..h.{.|
00003f30  00 68 20 a4 01 00 e8 bf  28 00 00 83 c4 20 83 ec  |.h .....(.... ..|
00003f40  0c 68 20 a4 01 00 e8 76  23 00 00 83 c4 10 8b 45  |.h ....v#......E|
00003f50  08 8b 00 8b 10 8b 45 0c  89 10 b8 00 00 00 00 c9  |......E.........|
00003f60  c3 55 89 e5 83 ec 18 83  7d 08 00 75 39 83 ec 08  |.U......}..u9...|
00003f70  68 07 7d 01 00 68 21 02  00 00 68 7b 7b 01 00 68  |h.}..h!...h{{..h|
00003f80  48 7d 01 00 68 8c 7b 01  00 68 20 a4 01 00 e8 67  |H}..h.{..h ....g|
00003f90  28 00 00 83 c4 20 83 ec  0c 68 20 a4 01 00 e8 1e  |(.... ...h .....|
00003fa0  23 00 00 83 c4 10 83 7d  0c 00 75 0a b8 03 00 00  |#......}..u.....|
00003fb0  00 e9 b2 00 00 00 8b 45  08 8b 40 08 85 c0 75 0a  |.......E..@...u.|
00003fc0  b8 04 00 00 00 e9 9e 00  00 00 8b 45 08 8b 00 85  |...........E....|
00003fd0  c0 74 0a 8b 45 08 8b 40  04 85 c0 75 39 83 ec 08  |.t..E..@...u9...|
00003fe0  68 e4 7c 01 00 68 2e 02  00 00 68 7b 7b 01 00 68  |h.|..h....h{{..h|
00003ff0  48 7d 01 00 68 8c 7b 01  00 68 20 a4 01 00 e8 f7  |H}..h.{..h .....|
00004000  27 00 00 83 c4 20 83 ec  0c 68 20 a4 01 00 e8 ae  |'.... ...h .....|
00004010  22 00 00 83 c4 10 8b 45  08 8b 00 89 45 f4 8b 45  |"......E....E..E|
00004020  f4 8b 10 8b 45 0c 89 10  8b 45 f4 8b 50 04 8b 45  |....E....E..P..E|
00004030  08 89 10 8b 45 08 8b 00  85 c0 75 0a 8b 45 08 c7  |....E.....u..E..|
00004040  40 04 00 00 00 00 8b 45  08 8b 40 08 8d 50 ff 8b  |@......E..@..P..|
00004050  45 08 89 50 08 83 ec 0c  ff 75 f4 e8 81 f8 ff ff  |E..P.....u......|
00004060  83 c4 10 b8 00 00 00 00  c9 c3 55 89 e5 56 53 83  |..........U..VS.|
00004070  7d 08 00 75 39 83 ec 08  68 07 7d 01 00 68 59 02  |}..u9...h.}..hY.|
00004080  00 00 68 7b 7b 01 00 68  54 7d 01 00 68 8c 7b 01  |..h{{..hT}..h.{.|
00004090  00 68 20 a4 01 00 e8 5f  27 00 00 83 c4 20 83 ec  |.h ...._'.... ..|
000040a0  0c 68 20 a4 01 00 e8 16  22 00 00 83 c4 10 83 7d  |.h ....."......}|
000040b0  0c 00 75 0a b8 03 00 00  00 e9 c8 00 00 00 8b 45  |..u............E|
000040c0  08 8b 40 08 85 c0 75 0a  b8 04 00 00 00 e9 b4 00  |..@...u.........|
000040d0  00 00 8b 45 08 8b 00 85  c0 74 0a 8b 45 08 8b 40  |...E.....t..E..@|
000040e0  04 85 c0 75 39 83 ec 08  68 e4 7c 01 00 68 66 02  |...u9...h.|..hf.|
000040f0  00 00 68 7b 7b 01 00 68  54 7d 01 00 68 8c 7b 01  |..h{{..hT}..h.{.|
00004100  00 68 20 a4 01 00 e8 ef  26 00 00 83 c4 20 83 ec  |.h .....&.... ..|
00004110  0c 68 20 a4 01 00 e8 a6  21 00 00 83 c4 10 be 00  |.h .....!.......|
00004120  00 00 00 8b 45 08 8b 18  eb 05 89 de 8b 5b 04 85  |....E........[..|
00004130  db 74 07 8b 03 39 45 0c  75 f0 85 db 75 07 b8 05  |.t...9E.u...u...|
00004140  00 00 00 eb 41 85 f6 75  0a 8b 53 04 8b 45 08 89  |....A..u..S..E..|
00004150  10 eb 06 8b 43 04 89 46  04 8b 43 04 85 c0 75 06  |....C..F..C...u.|
00004160  8b 45 08 89 70 04 8b 45  08 8b 40 08 8d 50 ff 8b  |.E..p..E..@..P..|
00004170  45 08 89 50 08 83 ec 0c  53 e8 63 f7 ff ff 83 c4  |E..P....S.c.....|
00004180  10 b8 00 00 00 00 8d 65  f8 5b 5e 5d c3 55 89 e5  |.......e.[^].U..|
00004190  83 ec 58 c7 45 e4 fa 03  00 00 8b 45 e4 89 c2 ec  |..X.E......E....|
000041a0  88 45 e3 0f b6 45 e3 0f  b6 c0 83 e0 0f 89 45 f0  |.E...E........E.|
000041b0  83 7d f0 0c 0f 87 b8 02  00 00 8b 45 f0 c1 e0 02  |.}.........E....|
000041c0  05 54 7e 01 00 8b 00 ff  e0 c7 45 dc fd 03 00 00  |.T~.......E.....|
000041d0  8b 45 dc 89 c2 ec 88 45  db 0f b6 45 db 0f b6 c0  |.E.....E...E....|
000041e0  83 ec 08 50 68 64 7d 01  00 e8 19 d5 ff ff 83 c4  |...Phd}.........|
000041f0  10 e9 d9 02 00 00 c7 45  d4 f8 03 00 00 8b 45 d4  |.......E......E.|
00004200  89 c2 ec 88 45 d3 0f b6  45 d3 0f b6 c0 89 45 f4  |....E...E.....E.|
00004210  83 7d f4 0d 75 07 c7 45  f4 0a 00 00 00 a1 58 a6  |.}..u..E......X.|
00004220  01 00 83 ec 0c 50 e8 43  fa ff ff 83 c4 10 85 c0  |.....P.C........|
00004230  0f 8e f1 00 00 00 c7 45  ac 00 00 00 00 a1 58 a6  |.......E......X.|
00004240  01 00 83 ec 08 8d 55 ac  52 50 e8 12 fd ff ff 83  |......U.RP......|
00004250  c4 10 85 c0 74 39 83 ec  08 68 7c 7d 01 00 68 b0  |....t9...h|}..h.|
00004260  00 00 00 68 b3 7d 01 00  68 e4 7e 01 00 68 c0 7d  |...h.}..h.~..h.}|
00004270  01 00 68 20 a4 01 00 e8  7e 25 00 00 83 c4 20 83  |..h ....~%.... .|
00004280  ec 0c 68 20 a4 01 00 e8  35 20 00 00 83 c4 10 8b  |..h ....5 ......|
00004290  45 ac 85 c0 75 39 83 ec  08 68 e3 7d 01 00 68 b2  |E...u9...h.}..h.|
000042a0  00 00 00 68 b3 7d 01 00  68 e4 7e 01 00 68 c0 7d  |...h.}..h.~..h.}|
000042b0  01 00 68 20 a4 01 00 e8  3e 25 00 00 83 c4 20 83  |..h ....>%.... .|
000042c0  ec 0c 68 20 a4 01 00 e8  f5 1f 00 00 83 c4 10 8b  |..h ............|
000042d0  45 ac 8b 00 83 c0 50 8b  00 89 45 ec 8b 45 ac 8b  |E.....P...E..E..|
000042e0  00 83 c0 54 8b 00 89 45  e8 83 7d e8 00 74 18 8b  |...T...E..}..t..|
000042f0  45 f4 89 c2 8b 45 ec 88  10 8b 45 ac 8b 00 c7 40  |E....E....E....@|
00004300  30 01 00 00 00 eb 0c 8b  45 ac 8b 00 c7 40 30 00  |0.......E....@0.|
00004310  00 00 00 8b 45 ac 83 ec  0c 50 e8 fd f3 ff ff 83  |....E....P......|
00004320  c4 10 e9 a7 01 00 00 a1  88 ae 01 00 3d ff 03 00  |............=...|
00004330  00 0f 87 97 01 00 00 a1  80 ae 01 00 8d 50 01 89  |.............P..|
00004340  15 80 ae 01 00 8b 55 f4  88 10 a1 88 ae 01 00 83  |......U.........|
00004350  c0 01 a3 88 ae 01 00 e9  72 01 00 00 c7 45 cc f8  |........r....E..|
00004360  03 00 00 8b 45 cc 89 c2  ec 88 45 cb 0f b6 45 cb  |....E.....E...E.|
00004370  0f b6 c0 89 45 f4 83 ec  08 ff 75 f4 68 f0 7d 01  |....E.....u.h.}.|
00004380  00 e8 81 d3 ff ff 83 c4  10 e9 41 01 00 00 a1 ac  |..........A.....|
00004390  b2 01 00 85 c0 74 5e a1  a8 b2 01 00 85 c0 74 55  |.....t^.......tU|
000043a0  a1 a4 b2 01 00 0f b6 00  0f b6 c0 c7 45 c4 f8 03  |............E...|
000043b0  00 00 88 45 c3 0f b6 45  c3 8b 55 c4 ee 90 a1 a4  |...E...E..U.....|
000043c0  b2 01 00 83 c0 01 a3 a4  b2 01 00 a1 a4 b2 01 00  |................|
000043d0  ba a0 b2 01 00 39 d0 72  0a c7 05 a4 b2 01 00 a0  |.....9.r........|
000043e0  ae 01 00 a1 a8 b2 01 00  83 e8 01 a3 a8 b2 01 00  |................|
000043f0  e9 da 00 00 00 c7 05 a8  b2 01 00 00 00 00 00 c7  |................|
00004400  05 a4 b2 01 00 a0 ae 01  00 a1 a4 b2 01 00 a3 a0  |................|
00004410  b2 01 00 c7 05 ac b2 01  00 00 00 00 00 83 ec 0c  |................|
00004420  6a 01 e8 b0 02 00 00 83  c4 10 e9 a0 00 00 00 c7  |j...............|
00004430  45 bc 20 00 00 00 c6 45  bb 20 0f b6 45 bb 8b 55  |E. ....E. ..E..U|
00004440  bc ee 90 e9 8c 00 00 00  c7 45 b4 fe 03 00 00 8b  |.........E......|
00004450  45 b4 89 c2 ec 88 45 b3  0f b6 45 b3 0f b6 c0 83  |E.....E...E.....|
00004460  ec 08 50 68 11 7e 01 00  e8 9a d2 ff ff 83 c4 10  |..Ph.~..........|
00004470  eb 5d 8b 45 f0 0f b6 c0  83 ec 04 50 68 29 7e 01  |.].E.......Ph)~.|
00004480  00 68 20 a1 01 00 e8 6f  23 00 00 83 c4 10 83 ec  |.h ....o#.......|
00004490  04 68 20 a1 01 00 6a 00  68 0a 01 00 00 68 b3 7d  |.h ...j.h....h.}|
000044a0  01 00 68 e4 7e 01 00 68  3c 7e 01 00 68 20 a4 01  |..h.~..h<~..h ..|
000044b0  00 e8 44 23 00 00 83 c4  20 83 ec 0c 68 20 a4 01  |..D#.... ...h ..|
000044c0  00 e8 fb 1d 00 00 83 c4  10 e9 c5 fc ff ff 90 e9  |................|
000044d0  bf fc ff ff c9 c3 55 89  e5 83 ec 68 83 ec 0c 68  |......U....h...h|
000044e0  88 7e 01 00 e8 a6 cb ff  ff 83 c4 10 83 ec 08 68  |.~.............h|
000044f0  00 04 00 00 68 80 aa 01  00 e8 30 22 00 00 83 c4  |....h.....0"....|
00004500  10 c7 05 84 ae 01 00 80  aa 01 00 a1 84 ae 01 00  |................|
00004510  a3 80 ae 01 00 c7 05 88  ae 01 00 00 00 00 00 83  |................|
00004520  ec 08 68 00 04 00 00 68  a0 ae 01 00 e8 fd 21 00  |..h....h......!.|
00004530  00 83 c4 10 c7 05 a4 b2  01 00 a0 ae 01 00 a1 a4  |................|
00004540  b2 01 00 a3 a0 b2 01 00  c7 05 a8 b2 01 00 00 00  |................|
00004550  00 00 c7 05 ac b2 01 00  00 00 00 00 c7 45 a4 fa  |.............E..|
00004560  03 00 00 c6 45 a3 20 0f  b6 45 a3 8b 55 a4 ee 90  |....E. ..E..U...|
00004570  c7 45 ac fa 03 00 00 c6  45 ab 00 0f b6 45 ab 8b  |.E......E....E..|
00004580  55 ac ee 90 c7 45 b4 fa  03 00 00 c6 45 b3 01 0f  |U....E......E...|
00004590  b6 45 b3 8b 55 b4 ee 90  c7 45 bc fa 03 00 00 c6  |.E..U....E......|
000045a0  45 bb 03 0f b6 45 bb 8b  55 bc ee 90 c7 45 c4 fa  |E....E..U....E..|
000045b0  03 00 00 c6 45 c3 07 0f  b6 45 c3 8b 55 c4 ee 90  |....E....E..U...|
000045c0  c7 45 cc f9 03 00 00 c6  45 cb 00 0f b6 45 cb 8b  |.E......E....E..|
000045d0  55 cc ee 90 c6 05 b0 b2  01 00 00 c7 45 d4 fb 03  |U...........E...|
000045e0  00 00 c6 45 d3 80 0f b6  45 d3 8b 55 d4 ee 90 c7  |...E....E..U....|
000045f0  45 dc f8 03 00 00 c6 45  db 0c 0f b6 45 db 8b 55  |E......E....E..U|
00004600  dc ee 90 c7 45 e4 f9 03  00 00 c6 45 e3 00 0f b6  |....E......E....|
00004610  45 e3 8b 55 e4 ee 90 c7  45 ec fb 03 00 00 c6 45  |E..U....E......E|
00004620  eb 03 0f b6 45 eb 8b 55  ec ee 90 c7 45 f4 fc 03  |....E..U....E...|
00004630  00 00 c6 45 f3 0b 0f b6  45 f3 8b 55 f4 ee 90 83  |...E....E..U....|
00004640  ec 08 68 8d 41 01 00 6a  24 e8 54 0e 00 00 83 c4  |..h.A..j$.T.....|
00004650  10 c7 05 60 aa 01 00 01  00 00 00 90 c9 c3 55 89  |...`..........U.|
00004660  e5 83 ec 14 8b 45 08 88  45 ec 0f b6 05 b0 b2 01  |.....E..E.......|
00004670  00 88 45 ff 0f b6 45 ec  83 e0 01 85 c0 74 0f 0f  |..E...E......t..|
00004680  b6 05 b0 b2 01 00 83 c8  02 a2 b0 b2 01 00 0f b6  |................|
00004690  45 ec 83 e0 02 85 c0 74  0f 0f b6 05 b0 b2 01 00  |E......t........|
000046a0  83 c8 01 a2 b0 b2 01 00  0f b6 05 b0 b2 01 00 38  |...............8|
000046b0  45 ff 74 1d 0f b6 05 b0  b2 01 00 0f b6 c0 c7 45  |E.t............E|
000046c0  f8 f9 03 00 00 88 45 f7  0f b6 45 f7 8b 55 f8 ee  |......E...E..U..|
000046d0  90 0f b6 45 ff c9 c3 55  89 e5 83 ec 14 8b 45 08  |...E...U......E.|
000046e0  88 45 ec 0f b6 05 b0 b2  01 00 88 45 ff 0f b6 45  |.E.........E...E|
000046f0  ec 83 e0 01 85 c0 74 0f  0f b6 05 b0 b2 01 00 83  |......t.........|
00004700  e0 fd a2 b0 b2 01 00 0f  b6 45 ec 83 e0 02 85 c0  |.........E......|
00004710  74 0f 0f b6 05 b0 b2 01  00 83 e0 fe a2 b0 b2 01  |t...............|
00004720  00 0f b6 05 b0 b2 01 00  38 45 ff 74 1d 0f b6 05  |........8E.t....|
00004730  b0 b2 01 00 0f b6 c0 c7  45 f8 f9 03 00 00 88 45  |........E......E|
00004740  f7 0f b6 45 f7 8b 55 f8  ee 90 0f b6 45 ff c9 c3  |...E..U.....E...|
00004750  55 89 e5 83 ec 24 8b 45  08 88 45 dc 0f b6 45 dc  |U....$.E..E...E.|
00004760  83 e0 02 85 c0 74 69 c7  05 88 ae 01 00 00 00 00  |.....ti.........|
00004770  00 c7 05 84 ae 01 00 80  aa 01 00 a1 84 ae 01 00  |................|
00004780  a3 80 ae 01 00 c7 45 f8  fd 03 00 00 8b 45 f8 89  |......E......E..|
00004790  c2 ec 88 45 f7 0f b6 45  f7 88 45 ff eb 27 c7 45  |...E...E..E..'.E|
000047a0  e8 f8 03 00 00 8b 45 e8  89 c2 ec 88 45 e7 c7 45  |......E.....E..E|
000047b0  f0 fd 03 00 00 8b 45 f0  89 c2 ec 88 45 ef 0f b6  |......E.....E...|
000047c0  45 ef 88 45 ff 0f b6 45  ff 83 e0 01 85 c0 75 ce  |E..E...E......u.|
000047d0  0f b6 45 dc 83 e0 01 85  c0 74 28 c7 05 a8 b2 01  |..E......t(.....|
000047e0  00 00 00 00 00 c7 05 a4  b2 01 00 a0 ae 01 00 a1  |................|
000047f0  a4 b2 01 00 a3 a0 b2 01  00 c7 05 ac b2 01 00 00  |................|
00004800  00 00 00 90 c9 c3 55 89  e5 a1 88 ae 01 00 5d c3  |......U.......].|
00004810  55 89 e5 83 ec 10 c7 45  fc ff ff ff ff a1 88 ae  |U......E........|
00004820  01 00 85 c0 74 46 a1 84  ae 01 00 8d 50 01 89 15  |....tF......P...|
00004830  84 ae 01 00 0f b6 00 0f  be c0 25 ff 00 00 00 89  |..........%.....|
00004840  45 fc a1 88 ae 01 00 83  e8 01 a3 88 ae 01 00 a1  |E...............|
00004850  88 ae 01 00 85 c0 75 14  c7 05 84 ae 01 00 80 aa  |......u.........|
00004860  01 00 a1 84 ae 01 00 a3  80 ae 01 00 8b 45 fc c9  |.............E..|
00004870  c3 55 89 e5 83 ec 10 8b  45 08 89 45 fc c7 45 f8  |.U......E..E..E.|
00004880  00 00 00 00 a1 88 ae 01  00 85 c0 75 4c b8 00 00  |...........uL...|
00004890  00 00 eb 76 8b 15 84 ae  01 00 8d 42 01 a3 84 ae  |...v.......B....|
000048a0  01 00 8b 45 fc 8d 48 01  89 4d fc 0f b6 12 88 10  |...E..H..M......|
000048b0  a1 84 ae 01 00 ba 80 ae  01 00 39 d0 76 0a c7 05  |..........9.v...|
000048c0  84 ae 01 00 80 aa 01 00  a1 88 ae 01 00 83 e8 01  |................|
000048d0  a3 88 ae 01 00 83 45 f8  01 a1 88 ae 01 00 85 c0  |......E.........|
000048e0  74 08 8b 45 f8 3b 45 0c  7c aa a1 88 ae 01 00 85  |t..E.;E.|.......|
000048f0  c0 75 14 c7 05 84 ae 01  00 80 aa 01 00 a1 84 ae  |.u..............|
00004900  01 00 a3 80 ae 01 00 8b  45 f8 c9 c3 55 89 e5 83  |........E...U...|
00004910  ec 18 83 7d 08 0a 75 0d  83 ec 0c 6a 0d e8 ea ff  |...}..u....j....|
00004920  ff ff 83 c4 10 a1 ac b2  01 00 85 c0 74 22 a1 a0  |............t"..|
00004930  b2 01 00 8d 50 01 89 15  a0 b2 01 00 8b 55 08 88  |....P........U..|
00004940  10 a1 a8 b2 01 00 83 c0  01 a3 a8 b2 01 00 eb 30  |...............0|
00004950  c7 05 ac b2 01 00 01 00  00 00 8b 45 08 0f b6 c0  |...........E....|
00004960  c7 45 f4 f8 03 00 00 88  45 f3 0f b6 45 f3 8b 55  |.E......E...E..U|
00004970  f4 ee 90 83 ec 0c 6a 01  e8 e1 fc ff ff 83 c4 10  |......j.........|
00004980  c9 c3 55 89 e5 83 ec 18  8b 45 08 0f b6 00 0f be  |..U......E......|
00004990  c0 89 45 ec 8b 45 08 89  45 f4 c7 45 f0 00 00 00  |..E..E..E..E....|
000049a0  00 a1 ac b2 01 00 85 c0  75 4f 83 45 f4 01 83 45  |........uO.E...E|
000049b0  f0 01 eb 45 8b 55 f4 8d  42 01 89 45 f4 a1 a0 b2  |...E.U..B..E....|
000049c0  01 00 8d 48 01 89 0d a0  b2 01 00 0f b6 12 88 10  |...H............|
000049d0  a1 a0 b2 01 00 ba a0 b2  01 00 39 d0 72 0a c7 05  |..........9.r...|
000049e0  a0 b2 01 00 a0 ae 01 00  a1 a8 b2 01 00 83 c0 01  |................|
000049f0  a3 a8 b2 01 00 83 45 f0  01 8b 45 f0 3b 45 0c 7d  |......E...E.;E.}|
00004a00  0c a1 a8 b2 01 00 3d ff  03 00 00 76 a7 a1 ac b2  |......=....v....|
00004a10  01 00 85 c0 75 0e 83 ec  0c ff 75 ec e8 eb fe ff  |....u.....u.....|
00004a20  ff 83 c4 10 8b 45 f0 c9  c3 55 89 e5 83 ec 18 83  |.....E...U......|
00004a30  ec 0c ff 75 08 e8 6b 20  00 00 83 c4 10 89 45 f4  |...u..k ......E.|
00004a40  83 ec 08 ff 75 f4 ff 75  08 e8 34 ff ff ff 83 c4  |....u..u..4.....|
00004a50  10 8b 45 f4 c9 c3 55 89  e5 83 ec 18 66 c7 45 f6  |..E...U.....f.E.|
00004a60  78 00 8b 45 08 88 45 f6  83 ec 08 6a 01 8d 45 f6  |x..E..E....j..E.|
00004a70  50 e8 0c ff ff ff 83 c4  10 90 c9 c3 55 89 e5 57  |P...........U..W|
00004a80  56 53 83 ec 2c 8b 45 08  88 45 d4 8b 0d a8 b2 01  |VS..,.E..E......|
00004a90  00 8b 15 88 ae 01 00 0f  b6 05 b0 b2 01 00 0f b6  |................|
00004aa0  c0 83 e0 01 85 c0 74 07  bf 52 00 00 00 eb 05 bf  |......t..R......|
00004ab0  72 00 00 00 0f b6 05 b0  b2 01 00 0f b6 c0 83 e0  |r...............|
00004ac0  02 85 c0 74 07 be 54 00  00 00 eb 05 be 74 00 00  |...t..T......t..|
00004ad0  00 a1 ac b2 01 00 85 c0  74 07 bb 2a 00 00 00 eb  |........t..*....|
00004ae0  05 bb 2e 00 00 00 0f b6  05 b0 b2 01 00 0f b6 c0  |................|
00004af0  83 ec 0c 51 52 57 56 53  50 68 90 7e 01 00 6a 00  |...QRWVSPh.~..j.|
00004b00  6a 30 e8 e0 cb ff ff 83  c4 30 80 7d d4 00 0f 84  |j0.......0.}....|
00004b10  dc 00 00 00 a1 88 ae 01  00 85 c0 74 5c 83 ec 0c  |...........t\...|
00004b20  68 b3 7e 01 00 e8 65 c5  ff ff 83 c4 10 a1 84 ae  |h.~...e.........|
00004b30  01 00 89 45 e0 c7 45 e4  00 00 00 00 eb 1f 8b 45  |...E..E........E|
00004b40  e0 8d 50 01 89 55 e0 0f  b6 00 0f be c0 83 ec 0c  |..P..U..........|
00004b50  50 e8 47 16 00 00 83 c4  10 83 45 e4 01 8b 55 e4  |P.G.......E...U.|
00004b60  a1 88 ae 01 00 39 c2 72  d5 83 ec 0c 68 c6 7e 01  |.....9.r....h.~.|
00004b70  00 e8 19 c5 ff ff 83 c4  10 a1 a8 b2 01 00 85 c0  |................|
00004b80  74 6f 83 ec 0c 68 c9 7e  01 00 e8 00 c5 ff ff 83  |to...h.~........|
00004b90  c4 10 83 ec 0c 68 dd 7e  01 00 e8 f0 c4 ff ff 83  |.....h.~........|
00004ba0  c4 10 a1 a4 b2 01 00 89  45 e0 c7 45 e4 00 00 00  |........E..E....|
00004bb0  00 eb 1f 8b 45 e0 8d 50  01 89 55 e0 0f b6 00 0f  |....E..P..U.....|
00004bc0  be c0 83 ec 0c 50 e8 d2  15 00 00 83 c4 10 83 45  |.....P.........E|
00004bd0  e4 01 8b 55 e4 a1 a8 b2  01 00 39 c2 72 d5 83 ec  |...U......9.r...|
00004be0  0c 68 c6 7e 01 00 e8 a4  c4 ff ff 83 c4 10 eb 01  |.h.~............|
00004bf0  90 8d 65 f4 5b 5e 5f 5d  c3 55 89 e5 83 ec 08 83  |..e.[^_].U......|
00004c00  ec 0c 68 ec 7e 01 00 e8  83 c4 ff ff 83 c4 10 c7  |..h.~...........|
00004c10  05 bc b2 01 00 00 00 00  00 83 ec 0c 68 b4 b2 01  |............h...|
00004c20  00 e8 4f 00 00 00 83 c4  10 85 c0 74 36 83 ec 08  |..O........t6...|
00004c30  68 f4 7e 01 00 6a 75 68  14 7f 01 00 68 98 7f 01  |h.~..juh....h...|
00004c40  00 68 24 7f 01 00 68 20  a4 01 00 e8 aa 1b 00 00  |.h$...h ........|
00004c50  83 c4 20 83 ec 0c 68 20  a4 01 00 e8 61 16 00 00  |.. ...h ....a...|
00004c60  83 c4 10 a1 b4 b2 01 00  05 fc 1f 00 00 a3 b8 b2  |................|
00004c70  01 00 90 c9 c3 55 89 e5  83 ec 18 a1 bc b2 01 00  |.....U..........|
00004c80  85 c0 75 12 83 ec 0c 6a  02 e8 ee d9 ff ff 83 c4  |..u....j........|
00004c90  10 89 45 f4 eb 18 a1 bc  b2 01 00 89 45 f0 8b 45  |..E.........E..E|
00004ca0  f0 8b 00 a3 bc b2 01 00  8b 45 f0 89 45 f4 83 7d  |.........E..E..}|
00004cb0  f4 00 74 1b 83 ec 08 68  00 20 00 00 ff 75 f4 e8  |..t....h. ...u..|
00004cc0  6a 1a 00 00 83 c4 10 8b  45 08 8b 55 f4 89 10 83  |j.......E..U....|
00004cd0  7d f4 00 0f 94 c0 0f b6  c0 c9 c3 55 89 e5 83 ec  |}..........U....|
00004ce0  18 83 7d 08 00 75 39 83  ec 08 68 47 7f 01 00 68  |..}..u9...hG...h|
00004cf0  be 00 00 00 68 14 7f 01  00 68 a4 7f 01 00 68 54  |....h....h....hT|
00004d00  7f 01 00 68 20 a4 01 00  e8 ed 1a 00 00 83 c4 20  |...h .......... |
00004d10  83 ec 0c 68 20 a4 01 00  e8 a4 15 00 00 83 c4 10  |...h ...........|
00004d20  8b 45 08 89 45 f4 8b 15  bc b2 01 00 8b 45 f4 89  |.E..E........E..|
00004d30  10 8b 45 f4 a3 bc b2 01  00 90 c9 c3 55 89 e5 83  |..E.........U...|
00004d40  ec 28 c7 45 f4 01 00 00  00 83 ec 0c ff 75 10 e8  |.(.E.........u..|
00004d50  51 1d 00 00 83 c4 10 83  c0 01 89 45 f0 8b 45 f0  |Q..........E..E.|
00004d60  83 c0 03 83 e0 fc 89 45  f0 8b 45 f0 c1 e8 02 89  |.......E..E.....|
00004d70  45 ec 8b 45 ec 01 45 f4  83 45 f4 01 8b 45 08 05  |E..E..E..E...E..|
00004d80  00 20 00 00 89 45 e8 8b  45 f4 c1 e0 02 f7 d8 89  |. ...E..E.......|
00004d90  c2 8b 45 e8 01 d0 89 45  e4 8b 45 e4 83 e0 f0 89  |..E....E..E.....|
00004da0  45 e4 8b 45 e4 83 c0 04  89 c2 8b 45 e4 89 10 8b  |E..E.......E....|
00004db0  45 e4 83 c0 04 83 ec 04  ff 75 f0 ff 75 10 50 e8  |E........u..u.P.|
00004dc0  bc 19 00 00 83 c4 10 83  6d e4 04 a1 20 a6 01 00  |........m... ...|
00004dd0  8b 50 04 8b 45 e4 89 10  8b 45 e4 83 e8 48 89 45  |.P..E....E...H.E|
00004de0  e0 8b 45 e0 c7 40 44 02  02 00 00 8b 45 e0 8b 55  |..E..@D.....E..U|
00004df0  0c 89 50 3c 8b 45 e0 c7  40 40 10 00 00 00 8b 45  |..P<.E..@@.....E|
00004e00  e0 c7 00 20 00 00 00 8b  45 e0 c7 40 04 18 00 00  |... ....E..@....|
00004e10  00 8b 45 e0 8b 50 04 8b  45 e0 89 50 08 8b 45 e0  |..E..P..E..P..E.|
00004e20  8b 50 08 8b 45 e0 89 50  0c 8b 45 e0 8b 50 0c 8b  |.P..E..P..E..P..|
00004e30  45 e0 89 50 10 8b 45 e0  c9 c3 55 89 e5 57 56 53  |E..P..E...U..WVS|
00004e40  81 ec dc 00 00 00 c7 45  e4 00 08 00 00 c7 45 e0  |.......E......E.|
00004e50  00 00 00 00 8b 45 0c 89  45 dc 8b 45 0c 89 45 d8  |.....E..E..E..E.|
00004e60  c7 85 37 ff ff ff 30 31  32 33 c7 85 3b ff ff ff  |..7...0123..;...|
00004e70  34 35 36 37 c7 85 3f ff  ff ff 38 39 41 42 c7 85  |4567..?...89AB..|
00004e80  43 ff ff ff 43 44 45 46  c6 85 47 ff ff ff 00 83  |C...CDEF..G.....|
00004e90  7d 10 00 74 30 8b 45 10  89 45 e4 8b 45 e4 83 e0  |}..t0.E..E..E...|
00004ea0  03 85 c0 74 0c 8b 45 e4  83 c0 03 83 e0 fc 89 45  |...t..E........E|
00004eb0  e4 b8 00 08 00 00 2b 45  e4 c1 e0 02 01 45 d8 8b  |......+E.....E..|
00004ec0  45 d8 89 45 dc 83 ec 0c  68 75 7f 01 00 e8 bd c1  |E..E....hu......|
00004ed0  ff ff 83 c4 10 83 7d 08  00 74 15 83 ec 08 ff 75  |......}..t.....u|
00004ee0  08 68 7f 7f 01 00 e8 1c  c8 ff ff 83 c4 10 eb 10  |.h..............|
00004ef0  83 ec 0c 68 87 7f 01 00  e8 92 c1 ff ff 83 c4 10  |...h............|
00004f00  c6 45 90 00 e9 5e 01 00  00 8d 9d 60 ff ff ff 8d  |.E...^.....`....|
00004f10  bd 48 ff ff ff 8b 45 dc  89 45 c8 c7 45 d4 00 00  |.H....E..E..E...|
00004f20  00 00 e9 a5 00 00 00 8b  45 d8 8d 50 04 89 55 d8  |........E..P..U.|
00004f30  8b 00 89 85 24 ff ff ff  89 c6 89 d8 8d 58 01 c6  |....$........X..|
00004f40  00 20 89 d8 8d 58 01 c6  00 20 c7 45 d0 00 00 00  |. ...X... .E....|
00004f50  00 eb 24 89 f0 c1 e8 1c  89 45 c0 89 da 8d 5a 01  |..$......E....Z.|
00004f60  8d 8d 37 ff ff ff 8b 45  c0 01 c8 0f b6 00 88 02  |..7....E........|
00004f70  c1 e6 04 83 45 d0 01 83  7d d0 07 7e d6 8b b5 24  |....E...}..~...$|
00004f80  ff ff ff 89 f8 8d 78 01  c6 00 20 c7 45 cc 00 00  |......x... .E...|
00004f90  00 00 eb 2e 89 f0 c1 e8  18 89 45 c4 83 7d c4 1f  |..........E..}..|
00004fa0  76 0d 83 7d c4 7e 77 07  8b 45 c4 89 c2 eb 05 ba  |v..}.~w..E......|
00004fb0  2e 00 00 00 89 f8 8d 78  01 88 10 c1 e6 08 83 45  |.......x.......E|
00004fc0  cc 01 83 7d cc 03 7e cc  83 45 d4 01 83 7d d4 03  |...}..~..E...}..|
00004fd0  0f 8e 51 ff ff ff c6 03  00 c6 07 00 83 6d e4 04  |..Q..........m..|
00004fe0  83 45 dc 10 83 ec 08 8d  85 60 ff ff ff 50 8d 45  |.E.......`...P.E|
00004ff0  90 50 e8 78 1a 00 00 83  c4 10 85 c0 75 06 83 45  |.P.x........u..E|
00005000  e0 01 eb 63 83 7d e0 00  74 07 b8 2a 00 00 00 eb  |...c.}..t..*....|
00005010  05 b8 20 00 00 00 83 ec  04 50 ff 75 c8 68 8a 7f  |.. ......P.u.h..|
00005020  01 00 e8 e0 c6 ff ff 83  c4 10 c7 45 e0 00 00 00  |...........E....|
00005030  00 83 ec 04 8d 85 48 ff  ff ff 50 8d 85 60 ff ff  |......H...P..`..|
00005040  ff 50 68 91 7f 01 00 e8  bb c6 ff ff 83 c4 10 83  |.Ph.............|
00005050  ec 04 6a 30 8d 85 60 ff  ff ff 50 8d 45 90 50 e8  |..j0..`...P.E.P.|
00005060  ee 16 00 00 83 c4 10 83  7d e4 00 0f 85 98 fe ff  |........}.......|
00005070  ff 90 90 8d 65 f4 5b 5e  5f 5d c3 55 89 e5 83 ec  |....e.[^_].U....|
00005080  08 8b 45 08 83 ec 04 ff  75 0c 50 68 b0 7f 01 00  |..E.....u.Ph....|
00005090  e8 72 c6 ff ff 83 c4 10  83 ec 0c 68 d7 7f 01 00  |.r.........h....|
000050a0  e8 ce 03 00 00 83 c4 10  90 c9 c3 55 89 e5 83 ec  |...........U....|
000050b0  08 8b 45 08 83 ec 04 ff  75 0c 50 68 ec 7f 01 00  |..E.....u.Ph....|
000050c0  e8 42 c6 ff ff 83 c4 10  a1 5c a6 01 00 8b 00 8b  |.B.......\......|
000050d0  50 3c a1 5c a6 01 00 8b  00 8b 40 40 83 ec 04 52  |P<.\......@@...R|
000050e0  50 68 0c 80 01 00 e8 1c  c6 ff ff 83 c4 10 a1 5c  |Ph.............\|
000050f0  a6 01 00 83 ec 04 6a 01  50 68 27 80 01 00 e8 a7  |......j.Ph'.....|
00005100  dd ff ff 83 c4 10 a1 5c  a6 01 00 8b 00 83 ec 08  |.......\........|
00005110  50 68 2f 80 01 00 e8 26  dc ff ff 83 c4 10 83 ec  |Ph/....&........|
00005120  0c 68 37 80 01 00 e8 48  03 00 00 83 c4 10 90 c9  |.h7....H........|
00005130  c3 55 89 e5 83 ec 08 8b  45 08 83 ec 04 ff 75 0c  |.U......E.....u.|
00005140  50 68 4c 80 01 00 e8 bc  c5 ff ff 83 c4 10 83 7d  |PhL............}|
00005150  0c 00 74 16 8b 45 0c 83  ec 08 50 68 67 80 01 00  |..t..E....Phg...|
00005160  e8 a2 c5 ff ff 83 c4 10  eb 0d 83 ec 0c 6a 0a e8  |.............j..|
00005170  98 bd ff ff 83 c4 10 a1  5c a6 01 00 8b 00 8b 50  |........\......P|
00005180  3c a1 5c a6 01 00 8b 00  8b 40 40 83 ec 04 52 50  |<.\......@@...RP|
00005190  68 0c 80 01 00 e8 6d c5  ff ff 83 c4 10 a1 5c a6  |h.....m.......\.|
000051a0  01 00 83 ec 04 6a 01 50  68 27 80 01 00 e8 f8 dc  |.....j.Ph'......|
000051b0  ff ff 83 c4 10 a1 5c a6  01 00 8b 00 83 ec 08 50  |......\........P|
000051c0  68 2f 80 01 00 e8 77 db  ff ff 83 c4 10 83 ec 0c  |h/....w.........|
000051d0  68 81 80 01 00 e8 99 02  00 00 83 c4 10 90 c9 c3  |h...............|
000051e0  55 89 e5 83 ec 18 8b 45  08 83 ec 04 ff 75 0c 50  |U......E.....u.P|
000051f0  68 9c 80 01 00 e8 0d c5  ff ff 83 c4 10 83 7d 08  |h.............}.|
00005200  1f 7e 36 83 7d 08 2f 7f  30 83 7d 08 27 7e 14 c7  |.~6.}./.0.}.'~..|
00005210  45 f4 a0 00 00 00 c6 45  f3 20 0f b6 45 f3 8b 55  |E......E. ..E..U|
00005220  f4 ee 90 c7 45 ec 20 00  00 00 c6 45 eb 20 0f b6  |....E. ....E. ..|
00005230  45 eb 8b 55 ec ee 90 eb  11 83 ec 0c 68 c0 80 01  |E..U........h...|
00005240  00 e8 2d 02 00 00 83 c4  10 90 90 c9 c3 55 89 e5  |..-..........U..|
00005250  83 ec 28 8b 45 08 83 ec  04 ff 75 0c 50 68 e4 80  |..(.E.....u.Ph..|
00005260  01 00 e8 a0 c4 ff ff 83  c4 10 83 7d 08 1f 7e 36  |...........}..~6|
00005270  83 7d 08 2f 7f 30 83 7d  08 27 7e 14 c7 45 f4 a0  |.}./.0.}.'~..E..|
00005280  00 00 00 c6 45 f3 20 0f  b6 45 f3 8b 55 f4 ee 90  |....E. ..E..U...|
00005290  c7 45 ec 20 00 00 00 c6  45 eb 20 0f b6 45 eb 8b  |.E. ....E. ..E..|
000052a0  55 ec ee 90 eb 14 c7 45  e4 20 00 00 00 c6 45 e3  |U......E. ....E.|
000052b0  20 0f b6 45 e3 8b 55 e4  ee 90 90 c9 c3 55 89 e5  | ..E..U......U..|
000052c0  83 ec 50 c7 45 b4 20 00  00 00 c6 45 b3 11 0f b6  |..P.E. ....E....|
000052d0  45 b3 8b 55 b4 ee 90 c7  45 bc a0 00 00 00 c6 45  |E..U....E......E|
000052e0  bb 11 0f b6 45 bb 8b 55  bc ee 90 c7 45 c4 21 00  |....E..U....E.!.|
000052f0  00 00 c6 45 c3 20 0f b6  45 c3 8b 55 c4 ee 90 c7  |...E. ..E..U....|
00005300  45 cc a1 00 00 00 c6 45  cb 28 0f b6 45 cb 8b 55  |E......E.(..E..U|
00005310  cc ee 90 c7 45 d4 21 00  00 00 c6 45 d3 04 0f b6  |....E.!....E....|
00005320  45 d3 8b 55 d4 ee 90 c7  45 dc a1 00 00 00 c6 45  |E..U....E......E|
00005330  db 02 0f b6 45 db 8b 55  dc ee 90 c7 45 e4 21 00  |....E..U....E.!.|
00005340  00 00 c6 45 e3 01 0f b6  45 e3 8b 55 e4 ee 90 c7  |...E....E..U....|
00005350  45 ec a1 00 00 00 c6 45  eb 01 0f b6 45 eb 8b 55  |E......E....E..U|
00005360  ec ee 90 c7 45 f4 21 00  00 00 c6 45 f3 00 0f b6  |....E.!....E....|
00005370  45 f3 8b 55 f4 ee 90 c7  45 fc a1 00 00 00 c6 45  |E..U....E......E|
00005380  fb 00 0f b6 45 fb 8b 55  fc ee 90 90 c9 c3 55 89  |....E..U......U.|
00005390  e5 83 ec 10 8b 45 08 c1  e0 03 05 00 25 00 00 89  |.....E......%...|
000053a0  45 fc 8b 45 0c 89 c2 8b  45 fc 66 89 10 8b 45 fc  |E..E....E.f...E.|
000053b0  66 c7 40 02 10 00 8b 45  fc 66 c7 40 04 00 8e 8b  |f.@....E.f.@....|
000053c0  45 0c c1 e8 10 89 c2 8b  45 fc 66 89 50 06 90 c9  |E.......E.f.P...|
000053d0  c3 55 89 e5 83 ec 18 c7  45 f4 00 00 00 00 eb 2d  |.U......E......-|
000053e0  8b 45 f4 8b 04 85 00 90  01 00 50 ff 75 f4 e8 9b  |.E........P.u...|
000053f0  ff ff ff 83 c4 08 83 ec  08 68 7b 50 01 00 ff 75  |.........h{P...u|
00005400  f4 e8 9c 00 00 00 83 c4  10 83 45 f4 01 81 7d f4  |..........E...}.|
00005410  ff 00 00 00 7e ca 83 ec  08 68 e0 51 01 00 6a 21  |....~....h.Q..j!|
00005420  e8 7d 00 00 00 83 c4 10  83 ec 08 68 e0 51 01 00  |.}.........h.Q..|
00005430  6a 20 e8 6b 00 00 00 83  c4 10 83 ec 08 68 4d 52  |j .k.........hMR|
00005440  01 00 6a 27 e8 59 00 00  00 83 c4 10 83 ec 08 68  |..j'.Y.........h|
00005450  ab 50 01 00 6a 06 e8 47  00 00 00 83 c4 10 83 ec  |.P..j..G........|
00005460  08 68 31 51 01 00 6a 0d  e8 35 00 00 00 83 c4 10  |.h1Q..j..5......|
00005470  90 c9 c3 55 89 e5 83 ec  08 fa 83 ec 08 ff 75 08  |...U..........u.|
00005480  68 08 81 01 00 e8 7d c2  ff ff 83 c4 10 eb fe 55  |h.....}........U|
00005490  89 e5 83 ec 08 e8 37 ff  ff ff e8 1e fe ff ff 90  |......7.........|
000054a0  c9 c3 55 89 e5 83 ec 10  8b 45 08 8b 04 85 c0 b2  |..U......E......|
000054b0  01 00 89 45 fc 8b 45 08  8b 55 0c 89 14 85 c0 b2  |...E..E..U......|
000054c0  01 00 8b 45 fc c9 c3 55  89 e5 83 ec 18 83 7d 08  |...E...U......}.|
000054d0  00 75 36 83 ec 08 68 20  81 01 00 6a 59 68 2f 81  |.u6...h ...jYh/.|
000054e0  01 00 68 fc 82 01 00 68  44 81 01 00 68 20 a4 01  |..h....hD...h ..|
000054f0  00 e8 04 13 00 00 83 c4  20 83 ec 0c 68 20 a4 01  |........ ...h ..|
00005500  00 e8 bb 0d 00 00 83 c4  10 83 7d 0c 00 75 36 83  |..........}..u6.|
00005510  ec 08 68 65 81 01 00 6a  5a 68 2f 81 01 00 68 fc  |..he...jZh/...h.|
00005520  82 01 00 68 44 81 01 00  68 20 a4 01 00 e8 c8 12  |...hD...h ......|
00005530  00 00 83 c4 20 83 ec 0c  68 20 a4 01 00 e8 7f 0d  |.... ...h ......|
00005540  00 00 83 c4 10 8b 45 0c  8b 50 14 8b 45 08 8b 00  |......E..P..E...|
00005550  89 50 30 8b 45 08 8b 00  83 c0 4c 8b 00 89 45 f4  |.P0.E.....L...E.|
00005560  83 7d f4 00 74 0b 8b 45  0c 8b 50 10 8b 45 f4 89  |.}..t..E..P..E..|
00005570  10 90 c9 c3 55 89 e5 83  ec 18 83 7d 08 00 75 39  |....U......}..u9|
00005580  83 ec 08 68 73 81 01 00  68 8a 00 00 00 68 2f 81  |...hs...h....h/.|
00005590  01 00 68 0c 83 01 00 68  80 81 01 00 68 20 a4 01  |..h....h....h ..|
000055a0  00 e8 54 12 00 00 83 c4  20 83 ec 0c 68 20 a4 01  |..T..... ...h ..|
000055b0  00 e8 0b 0d 00 00 83 c4  10 8b 45 08 8b 40 08 89  |..........E..@..|
000055c0  45 f0 83 7d f0 00 75 39  83 ec 08 68 20 81 01 00  |E..}..u9...h ...|
000055d0  68 93 00 00 00 68 2f 81  01 00 68 0c 83 01 00 68  |h....h/...h....h|
000055e0  44 81 01 00 68 20 a4 01  00 e8 0c 12 00 00 83 c4  |D...h ..........|
000055f0  20 83 ec 0c 68 20 a4 01  00 e8 c3 0c 00 00 83 c4  | ...h ..........|
00005600  10 8b 45 f0 0f b6 40 18  84 c0 75 39 83 ec 08 68  |..E...@...u9...h|
00005610  a3 81 01 00 68 94 00 00  00 68 2f 81 01 00 68 0c  |....h....h/...h.|
00005620  83 01 00 68 44 81 01 00  68 20 a4 01 00 e8 c8 11  |...hD...h ......|
00005630  00 00 83 c4 20 83 ec 0c  68 20 a4 01 00 e8 7f 0c  |.... ...h ......|
00005640  00 00 83 c4 10 8b 45 f0  3b 45 08 75 39 83 ec 08  |......E.;E.u9...|
00005650  68 c1 81 01 00 68 95 00  00 00 68 2f 81 01 00 68  |h....h....h/...h|
00005660  0c 83 01 00 68 44 81 01  00 68 20 a4 01 00 e8 87  |....hD...h .....|
00005670  11 00 00 83 c4 20 83 ec  0c 68 20 a4 01 00 e8 3e  |..... ...h ....>|
00005680  0c 00 00 83 c4 10 8b 45  08 8b 00 83 c0 4c 8b 00  |.......E.....L..|
00005690  89 c2 8b 45 08 89 50 10  c7 45 f4 00 00 00 00 83  |...E..P..E......|
000056a0  ec 0c ff 75 08 e8 41 df  ff ff 83 c4 10 89 45 ec  |...u..A.......E.|
000056b0  83 7d ec 00 74 63 8b 45  ec 8b 40 08 39 45 08 74  |.}..tc.E..@.9E.t|
000056c0  39 83 ec 08 68 cf 81 01  00 68 a4 00 00 00 68 2f  |9...h....h....h/|
000056d0  81 01 00 68 0c 83 01 00  68 44 81 01 00 68 20 a4  |...h....hD...h .|
000056e0  01 00 e8 13 11 00 00 83  c4 20 83 ec 0c 68 20 a4  |......... ...h .|
000056f0  01 00 e8 ca 0b 00 00 83  c4 10 8b 15 84 a9 01 00  |................|
00005700  8b 45 ec 89 50 08 8b 45  ec 0f b6 40 18 3c 07 75  |.E..P..E...@.<.u|
00005710  8e 8b 45 ec 89 45 f4 eb  86 90 83 7d f4 00 0f 84  |..E..E.....}....|
00005720  95 00 00 00 a1 84 a9 01  00 0f b6 40 18 3c 06 0f  |...........@.<..|
00005730  85 84 00 00 00 a1 50 a6  01 00 83 ec 08 ff 75 f4  |......P.......u.|
00005740  50 e8 24 e9 ff ff 83 c4  10 85 c0 74 39 83 ec 08  |P.$........t9...|
00005750  68 e4 81 01 00 68 c5 00  00 00 68 2f 81 01 00 68  |h....h....h/...h|
00005760  0c 83 01 00 68 80 81 01  00 68 20 a4 01 00 e8 87  |....h....h .....|
00005770  10 00 00 83 c4 20 83 ec  0c 68 20 a4 01 00 e8 3e  |..... ...h ....>|
00005780  0b 00 00 83 c4 10 a1 84  a9 01 00 83 ec 08 ff 75  |...............u|
00005790  f4 50 e8 30 fd ff ff 83  c4 10 a1 84 a9 01 00 83  |.P.0............|
000057a0  ec 0c 50 e8 74 df ff ff  83 c4 10 83 ec 0c ff 75  |..P.t..........u|
000057b0  f4 e8 21 df ff ff 83 c4  10 8b 45 f0 0f b6 40 18  |..!.......E...@.|
000057c0  3c 06 75 2f 83 ec 08 ff  75 08 ff 75 f0 e8 f5 fc  |<.u/....u..u....|
000057d0  ff ff 83 c4 10 83 ec 0c  ff 75 f0 e8 3c df ff ff  |.........u..<...|
000057e0  83 c4 10 83 ec 0c ff 75  08 e8 e9 de ff ff 83 c4  |.......u........|
000057f0  10 eb 0e 83 ec 0c ff 75  08 e8 73 de ff ff 83 c4  |.......u..s.....|
00005800  10 e8 11 e0 ff ff 90 c9  c3 55 89 e5 83 ec 18 83  |.........U......|
00005810  7d 08 00 75 39 83 ec 08  68 73 81 01 00 68 03 01  |}..u9...hs...h..|
00005820  00 00 68 2f 81 01 00 68  18 83 01 00 68 80 81 01  |..h/...h....h...|
00005830  00 68 20 a4 01 00 e8 bf  0f 00 00 83 c4 20 83 ec  |.h .......... ..|
00005840  0c 68 20 a4 01 00 e8 76  0a 00 00 83 c4 10 c7 45  |.h ....v.......E|
00005850  f4 00 00 00 00 c7 45 f0  00 00 00 00 c7 45 ec 00  |......E......E..|
00005860  00 00 00 eb 47 8b 45 ec  c1 e0 05 05 60 a6 01 00  |....G.E.....`...|
00005870  89 45 e8 8b 45 e8 3b 45  08 74 2d 8b 45 e8 8b 40  |.E..E.;E.t-.E..@|
00005880  08 39 45 08 75 22 8b 45  e8 0f b6 40 18 84 c0 74  |.9E.u".E...@...t|
00005890  17 83 45 f4 01 8b 45 e8  0f b6 40 18 3c 07 75 08  |..E...E...@.<.u.|
000058a0  8b 45 e8 89 45 f0 eb 0a  83 45 ec 01 83 7d ec 18  |.E..E....E...}..|
000058b0  7e b3 83 7d f0 00 74 21  83 ec 08 ff 75 f0 ff 75  |~..}..t!....u..u|
000058c0  08 e8 01 fc ff ff 83 c4  10 83 ec 0c ff 75 f0 e8  |.............u..|
000058d0  03 de ff ff 83 c4 10 eb  20 83 7d f4 00 7f 0e 8b  |........ .}.....|
000058e0  45 08 8b 00 c7 40 30 fc  ff ff ff eb 0c 8b 45 08  |E....@0.......E.|
000058f0  c6 40 18 06 e8 1e df ff  ff c9 c3 55 89 e5 83 ec  |.@.........U....|
00005900  28 83 7d 08 00 75 39 83  ec 08 68 73 81 01 00 68  |(.}..u9...hs...h|
00005910  67 01 00 00 68 2f 81 01  00 68 24 83 01 00 68 80  |g...h/...h$...h.|
00005920  81 01 00 68 20 a4 01 00  e8 cd 0e 00 00 83 c4 20  |...h .......... |
00005930  83 ec 0c 68 20 a4 01 00  e8 84 09 00 00 83 c4 10  |...h ...........|
00005940  83 ec 0c 8d 45 e4 50 e8  64 db ff ff 83 c4 10 89  |....E.P.d.......|
00005950  45 ec 83 7d ec 00 74 11  8b 45 08 8b 00 c7 40 30  |E..}..t..E....@0|
00005960  ff ff ff ff e9 8e 01 00  00 83 ec 0c 8d 45 e0 50  |.............E.P|
00005970  e8 00 f3 ff ff 83 c4 10  89 45 ec 83 7d ec 00 74  |.........E..}..t|
00005980  20 8b 45 e4 83 ec 0c 50  e8 99 db ff ff 83 c4 10  | .E....P........|
00005990  8b 45 08 8b 00 c7 40 30  ff ff ff ff e9 56 01 00  |.E....@0.....V..|
000059a0  00 8b 45 e4 83 ec 08 6a  20 50 e8 7f 0d 00 00 83  |..E....j P......|
000059b0  c4 10 8b 45 e4 c6 40 18  01 8b 45 e4 8b 55 e0 89  |...E..@...E..U..|
000059c0  50 04 8b 45 e4 8b 55 08  89 50 08 a1 80 a9 01 00  |P..E..U..P......|
000059d0  8d 50 01 89 15 80 a9 01  00 8b 55 e4 89 42 14 8b  |.P........U..B..|
000059e0  45 08 8b 00 83 c0 4c 8b  10 8b 45 e4 88 50 19 8b  |E.....L...E..P..|
000059f0  45 e4 0f b6 40 19 3c 80  75 0d 8b 45 e4 8b 55 08  |E...@.<.u..E..U.|
00005a00  0f b6 52 19 88 50 19 8b  45 08 8b 50 04 8b 45 e0  |..R..P..E..P..E.|
00005a10  83 ec 04 68 00 20 00 00  52 50 e8 f8 09 00 00 83  |...h. ..RP......|
00005a20  c4 10 8b 55 e0 8b 45 08  8b 48 04 89 d0 29 c8 89  |...U..E..H...)..|
00005a30  45 e8 8b 45 08 8b 08 8b  55 e8 8b 45 e4 01 ca 89  |E..E....U..E....|
00005a40  10 8b 45 e4 8b 00 8b 40  1c 85 c0 74 15 8b 45 e4  |..E....@...t..E.|
00005a50  8b 00 8b 48 1c 8b 55 e8  8b 45 e4 8b 00 01 ca 89  |...H..U..E......|
00005a60  50 1c 8b 45 e4 8b 00 8b  40 20 85 c0 74 15 8b 45  |P..E....@ ..t..E|
00005a70  e4 8b 00 8b 48 20 8b 55  e8 8b 45 e4 8b 00 01 ca  |....H .U..E.....|
00005a80  89 50 20 8b 45 e4 8b 00  8b 40 1c 89 45 f4 c7 45  |.P .E....@..E..E|
00005a90  f0 00 00 00 00 eb 1d 8b  45 f4 8b 10 8b 45 e8 01  |........E....E..|
00005aa0  c2 8b 45 f4 89 10 8b 45  f4 89 45 f0 8b 45 f4 8b  |..E....E..E..E..|
00005ab0  00 89 45 f4 83 7d f4 00  75 dd 83 45 f0 08 8b 45  |..E..}..u..E...E|
00005ac0  f0 8b 10 8b 45 e8 01 c2  8b 45 f0 89 10 8b 45 e4  |....E....E....E.|
00005ad0  8b 50 14 8b 45 08 8b 00  89 50 30 8b 45 e4 8b 00  |.P..E....P0.E...|
00005ae0  c7 40 30 00 00 00 00 8b  45 e4 83 ec 0c 50 e8 29  |.@0.....E....P.)|
00005af0  dc ff ff 83 c4 10 90 c9  c3 55 89 e5 83 ec 28 83  |.........U....(.|
00005b00  7d 08 00 75 39 83 ec 08  68 73 81 01 00 68 da 01  |}..u9...hs...h..|
00005b10  00 00 68 2f 81 01 00 68  30 83 01 00 68 80 81 01  |..h/...h0...h...|
00005b20  00 68 20 a4 01 00 e8 cf  0c 00 00 83 c4 20 83 ec  |.h .......... ..|
00005b30  0c 68 20 a4 01 00 e8 86  07 00 00 83 c4 10 8b 45  |.h ............E|
00005b40  08 8b 00 8b 40 4c 89 45  f4 8b 45 08 8b 00 83 c0  |....@L.E..E.....|
00005b50  50 8b 00 89 45 f0 8b 45  08 8b 40 04 89 45 ec 83  |P...E..E..@..E..|
00005b60  ec 0c 8d 45 e4 50 e8 0a  f1 ff ff 83 c4 10 89 45  |...E.P.........E|
00005b70  e8 83 7d e8 00 74 0e 8b  45 08 8b 00 c7 40 30 ff  |..}..t..E....@0.|
00005b80  ff ff ff eb 6a 8b 45 e4  83 ec 04 ff 75 f0 ff 75  |....j.E.....u..u|
00005b90  f4 50 e8 a5 f1 ff ff 83  c4 10 8b 55 08 89 02 8b  |.P.........U....|
00005ba0  45 08 8b 00 85 c0 75 39  83 ec 08 68 10 82 01 00  |E.....u9...h....|
00005bb0  68 f4 01 00 00 68 2f 81  01 00 68 30 83 01 00 68  |h....h/...h0...h|
00005bc0  44 81 01 00 68 20 a4 01  00 e8 2c 0c 00 00 83 c4  |D...h ....,.....|
00005bd0  20 83 ec 0c 68 20 a4 01  00 e8 e3 06 00 00 83 c4  | ...h ..........|
00005be0  10 83 ec 0c ff 75 ec e8  ef f0 ff ff 83 c4 10 c9  |.....u..........|
00005bf0  c3 55 89 e5 83 ec 18 83  7d 08 00 75 39 83 ec 08  |.U......}..u9...|
00005c00  68 73 81 01 00 68 11 02  00 00 68 2f 81 01 00 68  |hs...h....h/...h|
00005c10  3c 83 01 00 68 80 81 01  00 68 20 a4 01 00 e8 d7  |<...h....h .....|
00005c20  0b 00 00 83 c4 20 83 ec  0c 68 20 a4 01 00 e8 8e  |..... ...h .....|
00005c30  06 00 00 83 c4 10 8b 45  08 8b 00 8b 40 4c 89 45  |.......E....@L.E|
00005c40  f4 8b 45 08 8b 00 8b 40  54 89 45 f0 8b 45 08 8b  |..E....@T.E..E..|
00005c50  00 83 c0 50 8b 00 89 45  ec 83 7d f0 00 75 11 8b  |...P...E..}..u..|
00005c60  45 08 8b 00 c7 40 30 00  00 00 00 e9 e9 00 00 00  |E....@0.........|
00005c70  c7 45 e8 00 00 00 00 83  7d f4 00 75 3e e8 28 bd  |.E......}..u>.(.|
00005c80  ff ff 85 c0 7f 11 8b 45  08 8b 00 c7 40 30 00 00  |.......E....@0..|
00005c90  00 00 e9 c2 00 00 00 83  ec 08 ff 75 f0 ff 75 ec  |...........u..u.|
00005ca0  e8 b4 bc ff ff 83 c4 10  89 45 e8 8b 45 08 8b 00  |.........E..E...|
00005cb0  8b 55 e8 89 50 30 e9 9e  00 00 00 83 7d f4 01 0f  |.U..P0......}...|
00005cc0  85 87 00 00 00 8b 45 f0  83 ec 08 50 ff 75 ec e8  |......E....P.u..|
00005cd0  9d eb ff ff 83 c4 10 89  45 e8 83 7d e8 00 7f 5f  |........E..}..._|
00005ce0  8b 45 08 c6 40 18 05 a1  58 a6 01 00 83 ec 08 ff  |.E..@...X.......|
00005cf0  75 08 50 e8 c7 df ff ff  83 c4 10 85 c0 75 39 83  |u.P..........u9.|
00005d00  ec 08 68 28 82 01 00 68  44 02 00 00 68 2f 81 01  |..h(...hD...h/..|
00005d10  00 68 3c 83 01 00 68 44  81 01 00 68 20 a4 01 00  |.h<...hD...h ...|
00005d20  e8 d5 0a 00 00 83 c4 20  83 ec 0c 68 20 a4 01 00  |....... ...h ...|
00005d30  e8 8c 05 00 00 83 c4 10  e8 da da ff ff eb 1a 8b  |................|
00005d40  45 08 8b 00 8b 55 e8 89  50 30 eb 0d 8b 45 08 8b  |E....U..P0...E..|
00005d50  00 c7 40 30 fb ff ff ff  90 c9 c3 55 89 e5 83 ec  |..@0.......U....|
00005d60  18 83 7d 08 00 75 39 83  ec 08 68 73 81 01 00 68  |..}..u9...hs...h|
00005d70  64 02 00 00 68 2f 81 01  00 68 48 83 01 00 68 80  |d...h/...hH...h.|
00005d80  81 01 00 68 20 a4 01 00  e8 6d 0a 00 00 83 c4 20  |...h ....m..... |
00005d90  83 ec 0c 68 20 a4 01 00  e8 24 05 00 00 83 c4 10  |...h ....$......|
00005da0  8b 45 08 8b 00 8b 40 4c  89 45 f0 8b 45 08 8b 00  |.E....@L.E..E...|
00005db0  8b 40 54 89 45 ec 8b 45  08 8b 00 83 c0 50 8b 00  |.@T.E..E.....P..|
00005dc0  89 45 e8 8b 45 ec 89 45  f4 83 7d f0 00 75 14 8b  |.E..E..E..}..u..|
00005dd0  45 ec 83 ec 08 50 ff 75  e8 e8 e3 b2 ff ff 83 c4  |E....P.u........|
00005de0  10 eb 21 83 7d f0 01 75  14 8b 45 ec 83 ec 08 50  |..!.}..u..E....P|
00005df0  ff 75 e8 e8 8a eb ff ff  83 c4 10 eb 07 c7 45 f4  |.u............E.|
00005e00  fb ff ff ff 8b 45 08 8b  00 8b 55 f4 89 50 30 90  |.....E....U..P0.|
00005e10  c9 c3 55 89 e5 83 ec 18  83 7d 08 00 75 39 83 ec  |..U......}..u9..|
00005e20  08 68 73 81 01 00 68 a1  02 00 00 68 2f 81 01 00  |.hs...h....h/...|
00005e30  68 54 83 01 00 68 80 81  01 00 68 20 a4 01 00 e8  |hT...h....h ....|
00005e40  b6 09 00 00 83 c4 20 83  ec 0c 68 20 a4 01 00 e8  |...... ...h ....|
00005e50  6d 04 00 00 83 c4 10 8b  45 08 8b 00 8b 40 4c 89  |m.......E....@L.|
00005e60  45 f4 83 7d f4 00 75 15  83 ec 0c ff 75 08 e8 a9  |E..}..u.....u...|
00005e70  d8 ff ff 83 c4 10 e8 9c  d9 ff ff eb 70 8b 45 08  |............p.E.|
00005e80  c6 40 18 04 8b 15 0c a1  01 00 8b 45 f4 01 c2 8b  |.@.........E....|
00005e90  45 08 89 50 0c a1 4c a6  01 00 83 ec 08 ff 75 08  |E..P..L.......u.|
00005ea0  50 e8 19 de ff ff 83 c4  10 85 c0 74 3b 68 b8 02  |P..........t;h..|
00005eb0  00 00 68 2f 81 01 00 68  54 83 01 00 68 55 82 01  |..h/...hT...hU..|
00005ec0  00 e8 41 b8 ff ff 83 c4  10 83 ec 0c 68 68 82 01  |..A.........hh..|
00005ed0  00 e8 b9 b1 ff ff 83 c4  10 83 ec 0c 6a 0a e8 29  |............j..)|
00005ee0  b0 ff ff 83 c4 10 eb 05  e8 2a d9 ff ff 90 c9 c3  |.........*......|
00005ef0  55 89 e5 83 ec 08 83 7d  08 00 75 39 83 ec 08 68  |U......}..u9...h|
00005f00  73 81 01 00 68 cb 02 00  00 68 2f 81 01 00 68 60  |s...h....h/...h`|
00005f10  83 01 00 68 80 81 01 00  68 20 a4 01 00 e8 d8 08  |...h....h ......|
00005f20  00 00 83 c4 20 83 ec 0c  68 20 a4 01 00 e8 8f 03  |.... ...h ......|
00005f30  00 00 83 c4 10 8b 45 08  8b 50 14 8b 45 08 8b 00  |......E..P..E...|
00005f40  89 50 30 90 c9 c3 55 89  e5 83 ec 08 83 7d 08 00  |.P0...U......}..|
00005f50  75 39 83 ec 08 68 73 81  01 00 68 de 02 00 00 68  |u9...hs...h....h|
00005f60  2f 81 01 00 68 6c 83 01  00 68 80 81 01 00 68 20  |/...hl...h....h |
00005f70  a4 01 00 e8 82 08 00 00  83 c4 20 83 ec 0c 68 20  |.......... ...h |
00005f80  a4 01 00 e8 39 03 00 00  83 c4 10 8b 45 08 8b 00  |....9.......E...|
00005f90  8b 15 0c a1 01 00 89 50  30 90 c9 c3 55 89 e5 83  |.......P0...U...|
00005fa0  ec 18 83 7d 08 00 75 39  83 ec 08 68 73 81 01 00  |...}..u9...hs...|
00005fb0  68 f4 02 00 00 68 2f 81  01 00 68 78 83 01 00 68  |h....h/...hx...h|
00005fc0  80 81 01 00 68 20 a4 01  00 e8 2c 08 00 00 83 c4  |....h ....,.....|
00005fd0  20 83 ec 0c 68 20 a4 01  00 e8 e3 02 00 00 83 c4  | ...h ..........|
00005fe0  10 8b 45 08 8b 00 83 c0  4c 8b 00 89 45 f4 83 7d  |..E.....L...E..}|
00005ff0  f4 00 74 0b 8b 45 08 8b  40 14 39 45 f4 75 14 8b  |..t..E..@.9E.u..|
00006000  45 08 0f b6 50 19 8b 45  08 8b 00 0f b6 d2 89 50  |E...P..E.......P|
00006010  30 eb 42 83 ec 0c ff 75  f4 e8 57 d5 ff ff 83 c4  |0.B....u..W.....|
00006020  10 89 45 f0 83 7d 08 00  74 1f 8b 45 08 0f b6 40  |..E..}..t..E...@|
00006030  18 84 c0 74 14 8b 45 f0  0f b6 50 19 8b 45 08 8b  |...t..E...P..E..|
00006040  00 0f b6 d2 89 50 30 eb  0c 8b 45 08 8b 00 c7 40  |.....P0...E....@|
00006050  30 fe ff ff ff c9 c3 55  89 e5 83 ec 18 a1 5c a6  |0......U......\.|
00006060  01 00 85 c0 75 39 83 ec  08 68 a8 82 01 00 68 39  |....u9...h....h9|
00006070  03 00 00 68 2f 81 01 00  68 84 83 01 00 68 80 81  |...h/...h....h..|
00006080  01 00 68 20 a4 01 00 e8  6e 07 00 00 83 c4 20 83  |..h ....n..... .|
00006090  ec 0c 68 20 a4 01 00 e8  25 02 00 00 83 c4 10 a1  |..h ....%.......|
000060a0  5c a6 01 00 8b 00 85 c0  75 39 83 ec 08 68 b8 82  |\.......u9...h..|
000060b0  01 00 68 3a 03 00 00 68  2f 81 01 00 68 84 83 01  |..h:...h/...h...|
000060c0  00 68 80 81 01 00 68 20  a4 01 00 e8 2a 07 00 00  |.h....h ....*...|
000060d0  83 c4 20 83 ec 0c 68 20  a4 01 00 e8 e1 01 00 00  |.. ...h ........|
000060e0  83 c4 10 a1 5c a6 01 00  8b 00 8b 40 30 89 45 0c  |....\......@0.E.|
000060f0  83 7d 0c 00 78 06 83 7d  0c 09 7e 33 a1 5c a6 01  |.}..x..}..~3.\..|
00006100  00 8b 40 14 83 ec 04 ff  75 0c 50 68 d4 82 01 00  |..@.....u.Ph....|
00006110  e8 f2 b5 ff ff 83 c4 10  c7 45 0c 00 00 00 00 a1  |.........E......|
00006120  5c a6 01 00 8b 00 83 c0  4c c7 00 fd ff ff ff 8b  |\.......L.......|
00006130  45 0c 8b 04 85 80 82 01  00 8b 15 5c a6 01 00 83  |E..........\....|
00006140  ec 0c 52 ff d0 83 c4 10  c7 45 f4 20 00 00 00 c6  |..R......E. ....|
00006150  45 f3 20 0f b6 45 f3 8b  55 f4 ee 90 90 c9 c3 55  |E. ..E..U......U|
00006160  89 e5 83 ec 08 83 ec 0c  68 f6 82 01 00 e8 1d af  |........h.......|
00006170  ff ff 83 c4 10 83 ec 08  68 57 60 01 00 68 80 00  |........hW`..h..|
00006180  00 00 e8 1b f3 ff ff 83  c4 10 90 c9 c3 55 89 e5  |.............U..|
00006190  83 ec 10 89 e8 89 45 fc  8b 45 fc c9 c3 55 89 e5  |......E..E...U..|
000061a0  83 ec 08 83 7d 08 1f 7e  17 83 7d 08 7e 7f 11 8b  |....}..~..}.~...|
000061b0  45 08 83 ec 0c 50 e8 51  ad ff ff 83 c4 10 eb 14  |E....P.Q........|
000061c0  83 ec 08 ff 75 08 68 8c  83 01 00 e8 37 b5 ff ff  |....u.h.....7...|
000061d0  83 c4 10 90 90 c9 c3 55  89 e5 83 ec 18 83 ec 0c  |.......U........|
000061e0  68 93 83 01 00 e8 a5 ae  ff ff 83 c4 10 83 7d 08  |h.............}.|
000061f0  00 75 15 83 ec 0c 68 9c  83 01 00 e8 8f ae ff ff  |.u....h.........|
00006200  83 c4 10 e9 8b 00 00 00  83 ec 0c 6a 0a e8 fa ac  |...........j....|
00006210  ff ff 83 c4 10 eb 76 8b  45 08 8b 40 04 89 45 f0  |......v.E..@..E.|
00006220  8b 45 08 83 ec 04 ff 75  f0 50 68 b9 83 01 00 e8  |.E.....u.Ph.....|
00006230  d3 b4 ff ff 83 c4 10 c7  45 f4 00 00 00 00 eb 30  |........E......0|
00006240  8b 45 f4 83 c0 02 8d 14  85 00 00 00 00 8b 45 08  |.E............E.|
00006250  01 d0 8b 00 8b 55 f4 83  c2 01 83 ec 04 50 52 68  |.....U.......PRh|
00006260  d1 83 01 00 e8 9e b4 ff  ff 83 c4 10 83 45 f4 01  |.............E..|
00006270  8b 45 f4 3b 45 0c 72 c8  83 ec 0c 6a 0a e8 8a ac  |.E.;E.r....j....|
00006280  ff ff 83 c4 10 8b 45 08  8b 00 89 45 08 83 7d 08  |......E....E..}.|
00006290  00 75 84 c9 c3 55 89 e5  83 ec 10 eb 16 c7 45 fc  |.u...U........E.|
000062a0  00 00 00 00 eb 04 83 45  fc 01 81 7d fc 7f 96 98  |.......E...}....|
000062b0  00 7e f3 83 6d 08 01 83  7d 08 00 79 e0 90 90 c9  |.~..m...}..y....|
000062c0  c3 55 89 e5 83 ec 08 83  ec 0c 68 dc 83 01 00 e8  |.U........h.....|
000062d0  bb ad ff ff 83 c4 10 83  7d 08 00 74 13 83 ec 08  |........}..t....|
000062e0  ff 75 08 68 f7 83 01 00  e8 1a b4 ff ff 83 c4 10  |.u.h............|
000062f0  83 ec 0c 68 c8 00 00 00  e8 98 ff ff ff 83 c4 10  |...h............|
00006300  a1 5c a6 01 00 83 ec 04  6a 01 50 68 fb 83 01 00  |.\......j.Ph....|
00006310  e8 95 cb ff ff 83 c4 10  83 ec 0c 6a 00 e8 fc cd  |...........j....|
00006320  ff ff 83 c4 10 a1 40 a6  01 00 83 ec 08 50 68 03  |......@......Ph.|
00006330  84 01 00 e8 d0 d6 ff ff  83 c4 10 a1 44 a6 01 00  |............D...|
00006340  83 ec 08 50 68 06 84 01  00 e8 ba d6 ff ff 83 c4  |...Ph...........|
00006350  10 a1 48 a6 01 00 83 ec  08 50 68 09 84 01 00 e8  |..H......Ph.....|
00006360  a4 d6 ff ff 83 c4 10 a1  4c a6 01 00 83 ec 08 50  |........L......P|
00006370  68 0c 84 01 00 e8 8e d6  ff ff 83 c4 10 a1 50 a6  |h.............P.|
00006380  01 00 83 ec 08 50 68 0e  84 01 00 e8 78 d6 ff ff  |.....Ph.....x...|
00006390  83 c4 10 a1 54 a6 01 00  83 ec 08 50 68 10 84 01  |....T......Ph...|
000063a0  00 e8 62 d6 ff ff 83 c4  10 a1 58 a6 01 00 83 ec  |..b.......X.....|
000063b0  08 50 68 12 84 01 00 e8  4c d6 ff ff 83 c4 10 83  |.Ph.....L.......|
000063c0  ec 0c 68 14 84 01 00 e8  c3 ac ff ff 83 c4 10 83  |..h.............|
000063d0  ec 08 6a 01 68 2a 84 01  00 e8 51 cc ff ff 83 c4  |..j.h*....Q.....|
000063e0  10 83 ec 0c 68 3d 84 01  00 e8 45 ca ff ff 83 c4  |....h=....E.....|
000063f0  10 e8 97 fd ff ff 83 ec  08 6a 03 50 e8 d6 fd ff  |.........j.P....|
00006400  ff 83 c4 10 fa 83 ec 0c  68 4f 84 01 00 e8 f5 b2  |........hO......|
00006410  ff ff 83 c4 10 eb fe 55  89 e5 56 53 8b 45 10 8b  |.......U..VS.E..|
00006420  55 08 83 e2 03 85 d2 75  13 8b 55 0c 83 e2 03 85  |U......u..U.....|
00006430  d2 75 09 89 c2 83 e2 03  85 d2 74 14 83 ec 04 50  |.u........t....P|
00006440  ff 75 0c ff 75 08 e8 35  03 00 00 83 c4 10 eb 5a  |.u..u..5.......Z|
00006450  8b 5d 08 8b 75 0c c1 e8  02 39 de 73 44 8d 14 85  |.]..u....9.sD...|
00006460  00 00 00 00 01 f2 39 d3  73 37 8d 14 85 00 00 00  |......9.s7......|
00006470  00 01 d6 8d 14 85 00 00  00 00 01 d3 eb 0a 83 ee  |................|
00006480  04 83 eb 04 8b 16 89 13  89 c2 8d 42 ff 85 d2 75  |...........B...u|
00006490  ed eb 17 89 f1 8d 71 04  89 da 8d 5a 04 8b 09 89  |......q....Z....|
000064a0  0a 89 c2 8d 42 ff 85 d2  75 e9 8d 65 f8 5b 5e 5d  |....B...u..e.[^]|
000064b0  c3 55 89 e5 8b 45 0c 3b  45 08 73 06 8b 45 08 89  |.U...E.;E.s..E..|
000064c0  45 0c 8b 45 0c 3b 45 10  76 06 8b 45 10 89 45 0c  |E..E.;E.v..E..E.|
000064d0  8b 45 0c 5d c3 55 89 e5  83 ec 18 8b 45 08 89 45  |.E.].U......E..E|
000064e0  f4 83 7d 0c 00 79 0f 8b  45 f4 8d 50 01 89 55 f4  |..}..y..E..P..U.|
000064f0  c6 00 2d f7 5d 0c 83 ec  08 ff 75 0c ff 75 f4 e8  |..-.].....u..u..|
00006500  14 00 00 00 83 c4 10 89  45 f4 8b 45 f4 c6 00 00  |........E..E....|
00006510  8b 45 f4 2b 45 08 c9 c3  55 89 e5 53 83 ec 14 8b  |.E.+E...U..S....|
00006520  4d 0c ba 67 66 66 66 89  c8 f7 ea 89 d0 c1 f8 02  |M..gfff.........|
00006530  c1 f9 1f 89 ca 29 d0 89  45 f4 83 7d f4 00 79 0e  |.....)..E..}..y.|
00006540  c7 45 f4 cc cc cc 0c c7  45 0c 08 00 00 00 83 7d  |.E......E......}|
00006550  f4 00 74 14 83 ec 08 ff  75 f4 ff 75 08 e8 b6 ff  |..t.....u..u....|
00006560  ff ff 83 c4 10 89 45 08  8b 4d 0c ba 67 66 66 66  |......E..M..gfff|
00006570  89 c8 f7 ea 89 d0 c1 f8  02 89 cb c1 fb 1f 29 d8  |..............).|
00006580  89 c2 89 d0 c1 e0 02 01  d0 01 c0 29 c1 89 ca 89  |...........)....|
00006590  d0 8d 48 30 8b 45 08 8d  50 01 89 55 08 89 ca 88  |..H0.E..P..U....|
000065a0  10 8b 45 08 8b 5d fc c9  c3 55 89 e5 83 ec 10 c7  |..E..]...U......|
000065b0  45 fc 00 00 00 00 c7 45  f8 00 00 00 00 eb 44 8b  |E......E......D.|
000065c0  45 0c 25 00 00 00 f0 89  45 f4 83 7d fc 00 75 0c  |E.%.....E..}..u.|
000065d0  83 7d f4 00 75 06 83 7d  f8 07 75 1f 83 45 fc 01  |.}..u..}..u..E..|
000065e0  c1 6d f4 1c 8b 45 08 8d  50 01 89 55 08 8b 55 f4  |.m...E..P..U..U.|
000065f0  81 c2 5c 84 01 00 0f b6  12 88 10 c1 65 0c 04 83  |..\.........e...|
00006600  45 f8 01 83 7d f8 07 7e  b6 8b 45 08 c6 00 00 8b  |E...}..~..E.....|
00006610  45 fc c9 c3 55 89 e5 83  ec 10 c7 45 f8 00 00 00  |E...U......E....|
00006620  00 8b 45 08 89 45 f4 8b  45 0c 25 00 00 00 c0 89  |..E..E..E.%.....|
00006630  45 f0 c1 6d f0 1e c7 45  fc 00 00 00 00 eb 47 83  |E..m...E......G.|
00006640  7d fc 0a 74 0c 83 7d f0  00 75 06 83 7d f8 00 74  |}..t..}..u..}..t|
00006650  1e c7 45 f8 01 00 00 00  83 65 f0 07 8b 45 f0 8d  |..E......e...E..|
00006660  48 30 8b 45 f4 8d 50 01  89 55 f4 89 ca 88 10 c1  |H0.E..P..U......|
00006670  65 0c 03 8b 45 0c 25 00  00 00 e0 89 45 f0 c1 6d  |e...E.%.....E..m|
00006680  f0 1d 83 45 fc 01 83 7d  fc 0a 7e b3 8b 45 f4 c6  |...E...}..~..E..|
00006690  00 00 8b 45 f4 2b 45 08  c9 c3 55 89 e5 83 ec 18  |...E.+E...U.....|
000066a0  8b 45 08 89 45 f4 83 ec  08 ff 75 0c ff 75 f4 e8  |.E..E.....u..u..|
000066b0  14 00 00 00 83 c4 10 89  45 f4 8b 45 f4 c6 00 00  |........E..E....|
000066c0  8b 45 f4 2b 45 08 c9 c3  55 89 e5 83 ec 18 8b 45  |.E.+E...U......E|
000066d0  0c ba cd cc cc cc f7 e2  89 d0 c1 e8 03 89 45 f4  |..............E.|
000066e0  83 7d f4 00 74 15 8b 45  f4 83 ec 08 50 ff 75 08  |.}..t..E....P.u.|
000066f0  e8 23 fe ff ff 83 c4 10  89 45 08 8b 4d 0c ba cd  |.#.......E..M...|
00006700  cc cc cc 89 c8 f7 e2 c1  ea 03 89 d0 c1 e0 02 01  |................|
00006710  d0 01 c0 29 c1 89 ca 89  d0 8d 48 30 8b 45 08 8d  |...)......H0.E..|
00006720  50 01 89 55 08 89 ca 88  10 8b 45 08 c9 c3 55 89  |P..U......E...U.|
00006730  e5 53 8b 55 0c 8b 5d 08  eb 08 89 d8 8d 58 01 c6  |.S.U..]......X..|
00006740  00 00 89 d0 8d 50 ff 85  c0 75 ef 90 90 8b 5d fc  |.....P...u....].|
00006750  c9 c3 55 89 e5 56 53 8b  4d 10 8b 5d 08 8b 75 0c  |..U..VS.M..]..u.|
00006760  eb 0f 89 f2 8d 72 01 89  d8 8d 58 01 0f b6 12 88  |.....r....X.....|
00006770  10 89 c8 8d 48 ff 85 c0  75 e8 90 90 5b 5e 5d c3  |....H...u...[^].|
00006780  55 89 e5 56 53 8b 45 10  8b 5d 08 8b 75 0c 39 de  |U..VS.E..]..u.9.|
00006790  73 32 8d 14 06 39 d3 73  2b 01 c6 01 c3 eb 0b 83  |s2...9.s+.......|
000067a0  ee 01 83 eb 01 0f b6 16  88 13 89 c2 8d 42 ff 85  |.............B..|
000067b0  d2 75 ec eb 19 89 f1 8d  71 01 89 da 8d 5a 01 0f  |.u......q....Z..|
000067c0  b6 09 88 0a 89 c2 8d 42  ff 85 d2 75 e8 90 90 5b  |.......B...u...[|
000067d0  5e 5d c3 55 89 e5 53 8b  4d 0c 8b 5d 08 eb 0b 89  |^].U..S.M..]....|
000067e0  d8 8d 58 01 0f b6 55 10  88 10 89 c8 8d 48 ff 85  |..X...U......H..|
000067f0  c0 75 ec 90 90 8b 5d fc  c9 c3 55 89 e5 83 ec 38  |.u....]...U....8|
00006800  8d 45 0c 83 c0 04 89 45  f4 e9 3f 02 00 00 80 7d  |.E.....E..?....}|
00006810  f3 25 0f 85 26 02 00 00  c7 45 ec 00 00 00 00 c7  |.%..&....E......|
00006820  45 e4 20 00 00 00 c7 45  e8 00 00 00 00 8b 45 0c  |E. ....E......E.|
00006830  8d 50 01 89 55 0c 0f b6  00 88 45 f3 80 7d f3 2d  |.P..U.....E..}.-|
00006840  75 16 c7 45 ec 01 00 00  00 8b 45 0c 8d 50 01 89  |u..E......E..P..|
00006850  55 0c 0f b6 00 88 45 f3  80 7d f3 30 75 40 c7 45  |U.....E..}.0u@.E|
00006860  e4 30 00 00 00 8b 45 0c  8d 50 01 89 55 0c 0f b6  |.0....E..P..U...|
00006870  00 88 45 f3 eb 28 8b 55  e8 89 d0 c1 e0 02 01 d0  |..E..(.U........|
00006880  01 c0 89 45 e8 0f be 45  f3 83 e8 30 01 45 e8 8b  |...E...E...0.E..|
00006890  45 0c 8d 50 01 89 55 0c  0f b6 00 88 45 f3 80 7d  |E..P..U.....E..}|
000068a0  f3 2f 7e 06 80 7d f3 39  7e cc 0f be 45 f3 83 e8  |./~..}.9~...E...|
000068b0  63 83 f8 15 0f 87 93 01  00 00 8b 04 85 70 84 01  |c............p..|
000068c0  00 ff e0 8b 45 f4 8d 50  04 89 55 f4 8b 00 88 45  |....E..P..U....E|
000068d0  f3 0f b6 45 f3 88 45 d0  c6 45 d1 00 83 ec 08 ff  |...E..E..E......|
000068e0  75 e4 ff 75 ec ff 75 e8  6a 01 8d 45 d0 50 ff 75  |u..u..u.j..E.P.u|
000068f0  08 e8 d3 01 00 00 83 c4  20 89 45 08 e9 4c 01 00  |........ .E..L..|
00006900  00 8b 45 f4 8d 50 04 89  55 f4 8b 00 83 ec 08 50  |..E..P..U......P|
00006910  8d 45 d0 50 e8 bc fb ff  ff 83 c4 10 89 45 e0 83  |.E.P.........E..|
00006920  ec 08 ff 75 e4 ff 75 ec  ff 75 e8 ff 75 e0 8d 45  |...u..u..u..u..E|
00006930  d0 50 ff 75 08 e8 8f 01  00 00 83 c4 20 89 45 08  |.P.u........ .E.|
00006940  e9 08 01 00 00 8b 45 f4  8d 50 04 89 55 f4 8b 00  |......E..P..U...|
00006950  89 45 dc 83 ec 08 ff 75  e4 ff 75 ec ff 75 e8 6a  |.E.....u..u..u.j|
00006960  ff ff 75 dc ff 75 08 e8  5d 01 00 00 83 c4 20 89  |..u..u..]..... .|
00006970  45 08 e9 d6 00 00 00 8b  45 f4 8d 50 04 89 55 f4  |E.......E..P..U.|
00006980  8b 00 83 ec 08 50 8d 45  d0 50 e8 1a fc ff ff 83  |.....P.E.P......|
00006990  c4 10 89 45 e0 83 ec 08  ff 75 e4 ff 75 ec ff 75  |...E.....u..u..u|
000069a0  e8 ff 75 e0 8d 45 d0 50  ff 75 08 e8 19 01 00 00  |..u..E.P.u......|
000069b0  83 c4 20 89 45 08 e9 92  00 00 00 8b 45 f4 8d 50  |.. .E.......E..P|
000069c0  04 89 55 f4 8b 00 83 ec  08 50 8d 45 d0 50 e8 41  |..U......P.E.P.A|
000069d0  fc ff ff 83 c4 10 89 45  e0 83 ec 08 ff 75 e4 ff  |.......E.....u..|
000069e0  75 ec ff 75 e8 ff 75 e0  8d 45 d0 50 ff 75 08 e8  |u..u..u..E.P.u..|
000069f0  d5 00 00 00 83 c4 20 89  45 08 eb 51 8b 45 f4 8d  |...... .E..Q.E..|
00006a00  50 04 89 55 f4 8b 00 83  ec 08 50 8d 45 d0 50 e8  |P..U......P.E.P.|
00006a10  86 fc ff ff 83 c4 10 89  45 e0 83 ec 08 ff 75 e4  |........E.....u.|
00006a20  ff 75 ec ff 75 e8 ff 75  e0 8d 45 d0 50 ff 75 08  |.u..u..u..E.P.u.|
00006a30  e8 94 00 00 00 83 c4 20  89 45 08 90 eb 0f 8b 45  |....... .E.....E|
00006a40  08 8d 50 01 89 55 08 0f  b6 55 f3 88 10 8b 45 0c  |..P..U...U....E.|
00006a50  8d 50 01 89 55 0c 0f b6  00 88 45 f3 80 7d f3 00  |.P..U.....E..}..|
00006a60  0f 85 a8 fd ff ff 8b 45  08 c6 00 00 90 c9 c3 55  |.......E.......U|
00006a70  89 e5 53 8b 45 08 8b 55  0c eb 06 83 c0 01 83 c2  |..S.E..U........|
00006a80  01 0f b6 08 84 c9 74 0a  0f b6 18 0f b6 0a 38 cb  |......t.......8.|
00006a90  74 e9 0f b6 00 0f be c0  0f b6 12 0f be d2 29 d0  |t.............).|
00006aa0  8b 5d fc c9 c3 55 89 e5  53 8b 55 08 bb 00 00 00  |.]...U..S.U.....|
00006ab0  00 eb 03 83 c3 01 89 d0  8d 50 01 0f b6 00 84 c0  |.........P......|
00006ac0  75 f1 89 d8 8b 5d fc c9  c3 55 89 e5 83 ec 18 83  |u....]...U......|
00006ad0  7d 10 00 79 11 83 ec 0c  ff 75 0c e8 c5 ff ff ff  |}..y.....u......|
00006ae0  83 c4 10 89 45 10 8b 45  14 2b 45 10 89 45 f0 83  |....E..E.+E..E..|
00006af0  7d f0 00 7e 1d 83 7d 18  00 75 17 83 ec 04 ff 75  |}..~..}..u.....u|
00006b00  1c ff 75 f0 ff 75 08 e8  5a 00 00 00 83 c4 10 89  |..u..u..Z.......|
00006b10  45 08 c7 45 f4 00 00 00  00 eb 1b 8b 55 f4 8b 45  |E..E........U..E|
00006b20  0c 8d 0c 02 8b 45 08 8d  50 01 89 55 08 0f b6 11  |.....E..P..U....|
00006b30  88 10 83 45 f4 01 8b 45  f4 3b 45 10 7c dd 83 7d  |...E...E.;E.|..}|
00006b40  f0 00 7e 1d 83 7d 18 00  74 17 83 ec 04 ff 75 1c  |..~..}..t.....u.|
00006b50  ff 75 f0 ff 75 08 e8 0b  00 00 00 83 c4 10 89 45  |.u..u..........E|
00006b60  08 8b 45 08 c9 c3 55 89  e5 eb 12 8b 45 08 8d 50  |..E...U.....E..P|
00006b70  01 89 55 08 8b 55 10 88  10 83 6d 0c 01 83 7d 0c  |..U..U....m...}.|
00006b80  00 7f e8 8b 45 08 5d c3  00 00 00 00 00 00 00 00  |....E.].........|
00006b90  00 00 00 00 00 00 00 00  00 00 00 00 00 00 00 00  |................|
*
00007000  5c 78 25 30 32 78 00 00  e2 14 01 00 23 15 01 00  |\x%02x......#...|
00007010  ca 16 01 00 ca 16 01 00  ca 16 01 00 ca 16 01 00  |................|
*
00007030  ca 16 01 00 ca 16 01 00  e6 15 01 00 ca 16 01 00  |................|
00007040  ca 16 01 00 ca 16 01 00  6a 15 01 00 ca 16 01 00  |........j.......|
00007050  2d 16 01 00 ca 16 01 00  ca 16 01 00 9f 15 01 00  |-...............|
00007060  43 6f 6e 73 6f 6c 65 20  49 2f 4f 20 69 73 20 61  |Console I/O is a|
00007070  63 74 69 76 65 0a 00 00  20 74 69 6d 65 20 25 30  |ctive... time %0|
00007080  38 78 00 00 20 63 75 72  72 20 25 64 2c 20 51 73  |8x.. curr %d, Qs|
00007090  3a 20 52 5b 25 64 2c 25  64 2c 25 64 5d 20 53 5b  |: R[%d,%d,%d] S[|
000070a0  25 64 5d 20 5a 5b 25 64  5d 20 42 5b 25 64 5d 20  |%d] Z[%d] B[%d] |
000070b0  49 5b 25 64 5d 20 57 5b  25 75 5d 20 3f 5b 25 75  |I[%d] W[%u] ?[%u|
000070c0  5d 00 00 00 63 6c 6b 5f  69 73 72 3a 20 73 6c 65  |]...clk_isr: sle|
000070d0  65 70 69 6e 67 20 70 65  65 6b 20 73 74 61 74 75  |eping peek statu|
000070e0  73 20 25 64 2c 20 70 63  62 20 4e 55 4c 4c 0a 00  |s %d, pcb NULL..|
000070f0  71 75 65 5f 72 65 6d 6f  76 65 28 73 6c 65 65 70  |que_remove(sleep|
00007100  69 6e 67 2c 28 76 6f 69  64 20 2a 2a 29 26 70 63  |ing,(void **)&pc|
00007110  62 29 20 3d 3d 20 45 5f  53 55 43 43 45 53 53 00  |b) == E_SUCCESS.|
00007120  6b 65 72 6e 65 6c 2f 63  6c 6f 63 6b 2e 63 00 00  |kernel/clock.c..|
00007130  25 73 20 28 25 73 20 40  20 25 64 29 2c 20 61 73  |%s (%s @ %d), as|
00007140  73 65 72 74 69 6f 6e 20  25 73 20 66 61 69 6c 65  |sertion %s faile|
00007150  64 0a 00 7c 2f 2d 5c 00  20 43 6c 6b 00 00 00 00  |d..|/-\. Clk....|
00007160  63 6c 6b 5f 69 73 72 00  0a 2d 2d 2d 2d 2d 2d 2d  |clk_isr..-------|
00007170  2d 2d 2d 2d 2d 2d 2d 2d  2d 2d 2d 2d 2d 2d 2d 2d  |----------------|
00007180  2d 2d 2d 2d 2d 2d 2d 2d  0a 00 43 6f 6e 66 69 67  |--------..Config|
00007190  3a 20 20 4e 5f 50 52 4f  43 53 20 3d 20 25 64 00  |:  N_PROCS = %d.|
000071a0  20 4e 5f 50 52 49 4f 53  20 3d 20 25 64 00 20 4e  | N_PRIOS = %d. N|
000071b0  5f 53 54 41 54 45 53 20  3d 20 25 64 00 20 43 4c  |_STATES = %d. CL|
000071c0  4f 43 4b 20 3d 20 25 64  48 7a 0a 00 4f 70 74 69  |OCK = %dHz..Opti|
000071d0  6f 6e 73 3a 20 20 52 2d  75 69 6e 74 20 43 58 00  |ons:  R-uint CX.|
000071e0  20 44 42 4c 56 20 3d 20  25 64 00 20 54 52 41 43  | DBLV = %d. TRAC|
000071f0  45 20 3d 20 30 78 25 30  34 78 0a 00 54 72 61 63  |E = 0x%04x..Trac|
00007200  69 6e 67 3a 20 49 4e 49  54 00 54 65 78 74 3a 20  |ing: INIT.Text: |
00007210  25 30 38 78 20 74 6f 20  25 30 38 78 0a 00 52 64  |%08x to %08x..Rd|
00007220  61 74 3a 20 25 30 38 78  20 74 6f 20 25 30 38 78  |at: %08x to %08x|
00007230  0a 00 44 61 74 61 3a 20  25 30 38 78 20 74 6f 20  |..Data: %08x to |
00007240  25 30 38 78 0a 00 42 53  53 3a 20 20 25 30 38 78  |%08x..BSS:  %08x|
00007250  20 74 6f 20 25 30 38 78  0a 00 00 00 55 73 65 72  | to %08x....User|
00007260  20 62 6c 6f 62 20 25 75  20 73 65 63 74 6f 72 73  | blob %u sectors|
00007270  20 40 20 25 30 34 78 3a  25 30 34 78 20 28 25 30  | @ %04x:%04x (%0|
00007280  38 78 29 0a 00 00 00 00  53 79 73 74 65 6d 20 69  |8x).....System i|
00007290  6e 69 74 69 61 6c 69 7a  61 74 69 6f 6e 20 73 74  |nitialization st|
000072a0  61 72 74 69 6e 67 2e 0a  00 00 00 00 2d 2d 2d 2d  |arting......----|
000072b0  2d 2d 2d 2d 2d 2d 2d 2d  2d 2d 2d 2d 2d 2d 2d 2d  |----------------|
000072c0  2d 2d 2d 2d 2d 2d 2d 2d  2d 2d 2d 0a 00 4d 6f 64  |-----------..Mod|
000072d0  75 6c 65 73 3a 00 00 00  0a 4d 6f 64 75 6c 65 20  |ules:....Module |
000072e0  69 6e 69 74 69 61 6c 69  7a 61 74 69 6f 6e 20 63  |initialization c|
000072f0  6f 6d 70 6c 65 74 65 2e  0a 00 00 00 43 72 65 61  |omplete.....Crea|
00007300  74 69 6e 67 20 69 6e 69  74 69 61 6c 20 75 73 65  |ting initial use|
00007310  72 20 70 72 6f 63 65 73  73 2e 2e 2e 00 00 00 00  |r process.......|
00007320  70 63 62 5f 61 6c 6c 6f  63 28 26 69 6e 69 74 5f  |pcb_alloc(&init_|
00007330  70 63 62 29 20 3d 3d 20  45 5f 53 55 43 43 45 53  |pcb) == E_SUCCES|
00007340  53 00 6b 65 72 6e 65 6c  2f 6b 65 72 6e 65 6c 2e  |S.kernel/kernel.|
00007350  63 00 00 00 25 73 20 28  25 73 20 40 20 25 64 29  |c...%s (%s @ %d)|
00007360  2c 20 61 73 73 65 72 74  69 6f 6e 20 25 73 20 66  |, assertion %s f|
00007370  61 69 6c 65 64 0a 00 69  6e 69 74 0d 2b 00 73 74  |ailed..init.+.st|
00007380  6b 5f 61 6c 6c 6f 63 28  26 73 74 6b 29 20 3d 3d  |k_alloc(&stk) ==|
00007390  20 45 5f 53 55 43 43 45  53 53 00 69 6e 69 74 5f  | E_SUCCESS.init_|
000073a0  70 63 62 2d 3e 63 6f 6e  74 65 78 74 20 21 3d 20  |pcb->context != |
000073b0  4e 55 4c 4c 00 20 64 6f  6e 65 2e 0a 00 00 00 00  |NULL. done......|
000073c0  2a 20 20 20 20 20 20 20  20 20 20 20 20 20 20 20  |*               |
000073d0  20 20 20 20 20 20 20 20  20 20 20 20 20 20 20 20  |                |
*
00007410  00 00 00 00 3d 3d 3d 3d  3d 3d 3d 3d 3d 3d 3d 3d  |....============|
00007420  3d 3d 3d 3d 3d 3d 3d 3d  3d 3d 3d 3d 3d 3d 3d 3d  |================|
*
00007460  3d 3d 3d 3d 00 00 00 00  53 79 73 74 65 6d 20 69  |====....System i|
00007470  6e 69 74 69 61 6c 69 7a  61 74 69 6f 6e 20 63 6f  |nitialization co|
00007480  6d 70 6c 65 74 65 2e 0a  00 00 00 00 6d 61 69 6e  |mplete......main|
00007490  00 00 00 00 63 75 72 72  00 6b 65 72 6e 65 6c 2f  |....curr.kernel/|
000074a0  6b 6d 65 6d 2e 63 00 00  25 73 20 28 25 73 20 40  |kmem.c..%s (%s @|
000074b0  20 25 64 29 2c 20 61 73  73 65 72 74 69 6f 6e 20  | %d), assertion |
000074c0  25 73 20 66 61 69 6c 65  64 0a 00 20 4b 4d 00 00  |%s failed.. KM..|
000074d0  26 66 72 65 65 5f 70 61  67 65 73 3d 25 30 38 78  |&free_pages=%08x|
000074e0  2c 20 26 66 72 65 65 5f  73 6c 69 63 65 73 20 25  |, &free_slices %|
000074f0  30 38 78 2c 20 25 75 20  70 61 67 65 73 2c 20 25  |08x, %u pages, %|
00007500  75 20 73 6c 69 63 65 73  0a 00 00 00 62 6c 6f 63  |u slices....bloc|
00007510  6b 20 40 20 30 78 25 30  38 78 20 30 78 25 30 38  |k @ 0x%08x 0x%08|
00007520  78 20 70 61 67 65 73 20  28 65 6e 64 73 20 61 74  |x pages (ends at|
00007530  20 30 78 25 30 38 78 29  20 6e 65 78 74 20 40 20  | 0x%08x) next @ |
00007540  30 78 25 30 38 78 0a 00  62 6c 6f 63 6b 20 40 20  |0x%08x..block @ |
00007550  30 78 25 30 38 78 20 30  78 25 30 38 78 20 73 6c  |0x%08x 0x%08x sl|
00007560  69 63 65 73 20 28 65 6e  64 73 20 61 74 20 30 78  |ices (ends at 0x|
00007570  25 30 38 78 29 20 6e 65  78 74 20 40 20 30 78 25  |%08x) next @ 0x%|
00007580  30 38 78 0a 00 6b 6d 5f  69 6e 69 74 69 61 6c 69  |08x..km_initiali|
00007590  7a 65 64 20 21 3d 20 30  00 6b 6d 5f 69 6e 69 74  |zed != 0.km_init|
000075a0  69 61 6c 69 7a 65 64 00  70 61 67 65 00 73 6c 69  |ialized.page.sli|
000075b0  63 65 20 21 3d 20 4e 55  4c 4c 00 00 61 64 64 5f  |ce != NULL..add_|
000075c0  62 6c 6f 63 6b 00 00 00  6b 6d 5f 70 61 67 65 5f  |block...km_page_|
000075d0  61 6c 6c 6f 63 00 00 00  6b 6d 5f 70 61 67 65 5f  |alloc...km_page_|
000075e0  66 72 65 65 5f 6d 75 6c  74 69 00 00 63 61 72 76  |free_multi..carv|
000075f0  65 5f 73 6c 69 63 65 73  00 00 00 00 6b 6d 5f 73  |e_slices....km_s|
00007600  6c 69 63 65 5f 61 6c 6c  6f 63 00 00 6b 6d 5f 73  |lice_alloc..km_s|
00007610  6c 69 63 65 5f 66 72 65  65 00 00 00 6c 69 73 74  |lice_free...list|
00007620  20 21 3d 20 4e 55 4c 4c  00 6b 65 72 6e 65 6c 2f  | != NULL.kernel/|
00007630  6c 69 73 74 2e 63 00 00  25 73 20 28 25 73 20 40  |list.c..%s (%s @|
00007640  20 25 64 29 2c 20 61 73  73 65 72 74 31 20 25 73  | %d), assert1 %s|
00007650  20 66 61 69 6c 65 64 0a  00 64 61 74 61 20 21 3d  | failed..data !=|
00007660  20 4e 55 4c 4c 00 00 00  6c 69 73 74 5f 61 64 64  | NULL...list_add|
00007670  00 00 00 00 6c 69 73 74  5f 72 65 6d 6f 76 65 00  |....list_remove.|
00007680  55 6e 75 00 4e 65 77 00  52 64 79 00 52 75 6e 00  |Unu.New.Rdy.Run.|
00007690  53 6c 70 00 42 6c 6b 00  00 00 00 00 5a 6f 6d 00  |Slp.Blk.....Zom.|
000076a0  48 69 67 68 00 53 74 64  20 00 4c 6f 77 20 00 00  |High.Std .Low ..|
000076b0  43 54 58 63 68 6b 3a 20  63 73 20 25 30 34 78 20  |CTXchk: cs %04x |
000076c0  73 73 20 25 30 34 78 20  64 73 20 25 30 34 78 20  |ss %04x ds %04x |
000076d0  65 73 20 25 30 34 78 20  66 73 20 25 30 34 78 20  |es %04x fs %04x |
000076e0  67 73 20 25 30 34 78 0a  00 00 00 00 20 20 20 20  |gs %04x.....    |
000076f0  20 20 20 20 65 73 70 20  25 30 38 78 20 65 62 70  |    esp %08x ebp|
00007700  20 25 30 38 78 20 65 69  70 20 25 30 38 78 0a 00  | %08x eip %08x..|
00007710  63 75 72 72 65 6e 74 20  70 72 6f 63 65 73 73 00  |current process.|
00007720  20 40 20 25 30 38 78 3a  0a 00 20 4e 55 4c 4c 3f  | @ %08x:.. NULL?|
00007730  3f 3f 0a 00 20 20 73 73  20 25 30 34 78 20 67 73  |??..  ss %04x gs|
00007740  20 25 30 34 78 20 66 73  20 25 30 34 78 20 65 73  | %04x fs %04x es|
00007750  20 25 30 34 78 20 64 73  20 25 30 34 78 20 63 73  | %04x ds %04x cs|
00007760  20 25 30 34 78 0a 00 00  20 20 65 64 69 20 25 30  | %04x...  edi %0|
00007770  38 78 20 65 73 69 20 25  30 38 78 20 65 62 70 20  |8x esi %08x ebp |
00007780  25 30 38 78 20 65 73 70  20 25 30 38 78 0a 00 00  |%08x esp %08x...|
00007790  20 20 65 62 78 20 25 30  38 78 20 65 64 78 20 25  |  ebx %08x edx %|
000077a0  30 38 78 20 65 63 78 20  25 30 38 78 20 65 61 78  |08x ecx %08x eax|
000077b0  20 25 30 38 78 0a 00 00  20 20 76 65 63 20 25 30  | %08x...  vec %0|
000077c0  38 78 20 63 6f 64 20 25  30 38 78 20 65 69 70 20  |8x cod %08x eip |
000077d0  25 30 38 78 20 65 66 6c  20 25 30 38 78 0a 00 25  |%08x efl %08x..%|
000077e0  32 64 28 25 64 29 3a 20  00 20 40 20 25 30 38 78  |2d(%d): . @ %08x|
000077f0  3a 00 3f 3f 3f 00 20 25  64 20 25 73 00 20 70 72  |:.???. %d %s. pr|
00007800  69 6f 20 25 73 00 20 78  69 74 20 25 64 20 77 61  |io %s. xit %d wa|
00007810  6b 65 20 25 30 38 78 0a  00 20 70 61 72 65 6e 74  |ke %08x.. parent|
00007820  20 25 30 38 78 00 20 28  25 75 29 00 20 63 6f 6e  | %08x. (%u). con|
00007830  74 65 78 74 20 25 30 38  78 20 73 74 6b 20 25 30  |text %08x stk %0|
00007840  38 78 00 20 66 69 6c 6c  00 20 23 25 64 3a 00 00  |8x. fill. #%d:..|
00007850  54 61 62 6c 65 20 73 69  7a 65 20 25 64 2c 20 75  |Table size %d, u|
00007860  73 65 64 20 25 64 20 2b  20 65 6d 70 74 79 20 25  |sed %d + empty %|
00007870  64 20 3d 20 25 64 3f 3f  3f 0a 00 50 74 61 62 6c  |d = %d???..Ptabl|
00007880  65 3a 20 25 75 20 3f 3f  3f 00 20 25 75 20 25 73  |e: %u ???. %u %s|
00007890  00 20 50 43 42 00 00 00  28 72 65 61 64 79 5b 50  |. PCB...(ready[P|
000078a0  52 49 4f 5f 48 49 47 48  5d 20 3d 20 71 75 65 5f  |RIO_HIGH] = que_|
000078b0  61 6c 6c 6f 63 28 4e 55  4c 4c 29 29 20 21 3d 20  |alloc(NULL)) != |
000078c0  4e 55 4c 4c 00 6b 65 72  6e 65 6c 2f 70 72 6f 63  |NULL.kernel/proc|
000078d0  73 2e 63 00 25 73 20 28  25 73 20 40 20 25 64 29  |s.c.%s (%s @ %d)|
000078e0  2c 20 61 73 73 65 72 74  69 6f 6e 20 25 73 20 66  |, assertion %s f|
000078f0  61 69 6c 65 64 0a 00 00  28 72 65 61 64 79 5b 50  |ailed...(ready[P|
00007900  52 49 4f 5f 53 54 44 5d  20 3d 20 71 75 65 5f 61  |RIO_STD] = que_a|
00007910  6c 6c 6f 63 28 4e 55 4c  4c 29 29 20 21 3d 20 4e  |lloc(NULL)) != N|
00007920  55 4c 4c 00 28 72 65 61  64 79 5b 50 52 49 4f 5f  |ULL.(ready[PRIO_|
00007930  4c 4f 57 5d 20 3d 20 71  75 65 5f 61 6c 6c 6f 63  |LOW] = que_alloc|
00007940  28 4e 55 4c 4c 29 29 20  21 3d 20 4e 55 4c 4c 00  |(NULL)) != NULL.|
00007950  28 73 6c 65 65 70 69 6e  67 20 3d 20 71 75 65 5f  |(sleeping = que_|
00007960  61 6c 6c 6f 63 28 20 63  6f 6d 70 5f 77 61 6b 65  |alloc( comp_wake|
00007970  75 70 20 29 29 20 21 3d  20 4e 55 4c 4c 00 00 00  |up )) != NULL...|
00007980  28 7a 6f 6d 62 69 65 20  3d 20 71 75 65 5f 61 6c  |(zombie = que_al|
00007990  6c 6f 63 28 4e 55 4c 4c  29 29 20 21 3d 20 4e 55  |loc(NULL)) != NU|
000079a0  4c 4c 00 00 28 62 6c 6f  63 6b 65 64 20 3d 20 71  |LL..(blocked = q|
000079b0  75 65 5f 61 6c 6c 6f 63  28 4e 55 4c 4c 29 29 20  |ue_alloc(NULL)) |
000079c0  21 3d 20 4e 55 4c 4c 00  28 73 69 6f 72 65 61 64  |!= NULL.(sioread|
000079d0  20 3d 20 71 75 65 5f 61  6c 6c 6f 63 28 4e 55 4c  | = que_alloc(NUL|
000079e0  4c 29 29 20 21 3d 20 4e  55 4c 4c 00 70 63 62 20  |L)) != NULL.pcb |
000079f0  21 3d 20 4e 55 4c 4c 00  25 73 20 28 25 73 20 40  |!= NULL.%s (%s @|
00007a00  20 25 64 29 2c 20 61 73  73 65 72 74 31 20 25 73  | %d), assert1 %s|
00007a10  20 66 61 69 6c 65 64 0a  00 70 69 64 20 3e 3d 20  | failed..pid >= |
00007a20  46 49 52 53 54 5f 55 53  45 52 5f 50 49 44 00 00  |FIRST_USER_PID..|
00007a30  70 61 72 65 6e 74 20 3e  3d 20 70 74 61 62 6c 65  |parent >= ptable|
00007a40  20 26 26 20 70 61 72 65  6e 74 20 3c 20 26 70 74  | && parent < &pt|
00007a50  61 62 6c 65 5b 4e 5f 50  52 4f 43 53 5d 00 00 00  |able[N_PROCS]...|
00007a60  71 75 65 5f 69 6e 73 65  72 74 28 7a 6f 6d 62 69  |que_insert(zombi|
00007a70  65 2c 70 63 62 29 20 3d  3d 20 45 5f 53 55 43 43  |e,pcb) == E_SUCC|
00007a80  45 53 53 00 70 63 62 5f  69 78 28 70 29 20 3e 3d  |ESS.pcb_ix(p) >=|
00007a90  20 30 00 00 70 2d 3e 70  72 69 6f 72 69 74 79 20  | 0..p->priority |
00007aa0  3e 3d 20 50 52 49 4f 5f  46 49 52 53 54 20 26 26  |>= PRIO_FIRST &&|
00007ab0  20 70 2d 3e 70 72 69 6f  72 69 74 79 20 3c 3d 20  | p->priority <= |
00007ac0  50 52 49 4f 5f 4c 41 53  54 00 73 63 68 65 64 75  |PRIO_LAST.schedu|
00007ad0  6c 65 2c 20 71 75 65 20  69 6e 73 65 72 74 20 66  |le, que insert f|
00007ae0  61 69 6c 00 25 73 20 28  25 73 20 40 20 25 64 29  |ail.%s (%s @ %d)|
00007af0  2c 20 25 64 3a 20 25 73  0a 00 70 20 21 3d 20 4e  |, %d: %s..p != N|
00007b00  55 4c 4c 00 70 63 62 5f  69 6e 69 74 00 00 00 00  |ULL.pcb_init....|
00007b10  70 63 62 5f 61 6c 6c 6f  63 00 00 00 70 63 62 5f  |pcb_alloc...pcb_|
00007b20  66 72 65 65 00 00 00 00  70 63 62 5f 66 69 6e 64  |free....pcb_find|
00007b30  5f 70 69 64 00 00 00 00  70 63 62 5f 66 69 6e 64  |_pid....pcb_find|
00007b40  5f 63 68 69 6c 64 5f 6f  66 00 00 00 70 63 62 5f  |_child_of...pcb_|
00007b50  7a 6f 6d 62 69 66 79 00  73 63 68 65 64 75 6c 65  |zombify.schedule|
00007b60  00 00 00 00 64 69 73 70  61 74 63 68 00 00 00 00  |....dispatch....|
00007b70  71 6e 20 21 3d 20 4e 55  4c 4c 00 6b 65 72 6e 65  |qn != NULL.kerne|
00007b80  6c 2f 71 75 65 75 65 73  2e 63 00 00 25 73 20 28  |l/queues.c..%s (|
00007b90  25 73 20 40 20 25 64 29  2c 20 61 73 73 65 72 74  |%s @ %d), assert|
00007ba0  31 20 25 73 20 66 61 69  6c 65 64 0a 00 62 6c 6f  |1 %s failed..blo|
00007bb0  63 6b 20 21 3d 20 4e 55  4c 4c 00 00 25 73 20 28  |ck != NULL..%s (|
00007bc0  25 73 20 40 20 25 64 29  2c 20 61 73 73 65 72 74  |%s @ %d), assert|
00007bd0  69 6f 6e 20 25 73 20 66  61 69 6c 65 64 0a 00 3f  |ion %s failed..?|
00007be0  3f 3f 00 25 73 3a 20 00  4e 55 4c 4c 3f 3f 3f 0a  |??.%s: .NULL???.|
00007bf0  00 68 65 61 64 20 25 30  38 78 20 74 61 69 6c 20  |.head %08x tail |
00007c00  25 30 38 78 20 6c 65 6e  20 25 64 00 20 63 6f 6d  |%08x len %d. com|
00007c10  70 61 72 65 20 25 30 38  78 0a 00 20 46 49 46 4f  |pare %08x.. FIFO|
00007c20  0a 00 20 64 61 74 61 3a  20 00 20 5b 25 30 38 78  |.. data: . [%08x|
00007c30  5d 00 20 2e 2e 2e 00 20  51 75 65 00 71 75 65 5f  |]. .... Que.que_|
00007c40  66 72 65 65 2c 20 62 61  64 20 71 75 65 75 65 20  |free, bad queue |
00007c50  70 6f 69 6e 74 65 72 00  71 75 65 5f 66 72 65 65  |pointer.que_free|
00007c60  20 6f 66 20 61 6c 72 65  61 64 79 2d 66 72 65 65  | of already-free|
00007c70  20 71 75 65 75 65 00 71  75 65 5f 6c 65 6e 67 74  | queue.que_lengt|
00007c80  68 2c 20 62 61 64 20 71  75 65 20 70 6f 69 6e 74  |h, bad que point|
00007c90  65 72 00 71 75 65 5f 6c  65 6e 67 74 68 2c 20 75  |er.que_length, u|
00007ca0  6e 61 6c 6c 6f 63 61 74  65 64 20 71 75 65 75 65  |nallocated queue|
00007cb0  00 71 75 65 5f 69 78 28  71 29 20 3e 3d 20 30 00  |.que_ix(q) >= 0.|
00007cc0  71 2d 3e 68 65 61 64 20  3d 3d 20 4e 55 4c 4c 20  |q->head == NULL |
00007cd0  26 26 20 71 2d 3e 74 61  69 6c 20 3d 3d 20 4e 55  |&& q->tail == NU|
00007ce0  4c 4c 00 00 71 2d 3e 68  65 61 64 20 21 3d 20 4e  |LL..q->head != N|
00007cf0  55 4c 4c 20 26 26 20 71  2d 3e 74 61 69 6c 20 21  |ULL && q->tail !|
00007d00  3d 20 4e 55 4c 4c 00 71  20 21 3d 20 4e 55 4c 4c  |= NULL.q != NULL|
00007d10  00 00 00 00 71 6e 6f 64  65 5f 66 72 65 65 00 00  |....qnode_free..|
00007d20  71 6e 6f 64 65 5f 61 64  64 5f 70 61 67 65 00 00  |qnode_add_page..|
00007d30  71 75 65 5f 69 6e 73 65  72 74 00 00 71 75 65 5f  |que_insert..que_|
00007d40  70 65 65 6b 00 00 00 00  71 75 65 5f 72 65 6d 6f  |peek....que_remo|
00007d50  76 65 00 00 71 75 65 5f  72 65 6d 6f 76 65 5f 62  |ve..que_remove_b|
00007d60  79 00 00 00 2a 2a 20 53  49 4f 20 69 6e 74 2c 20  |y...** SIO int, |
00007d70  4c 53 52 20 3d 20 25 30  32 78 0a 00 71 75 65 5f  |LSR = %02x..que_|
00007d80  72 65 6d 6f 76 65 28 20  28 73 69 6f 72 65 61 64  |remove( (sioread|
00007d90  29 2c 20 28 76 6f 69 64  20 2a 2a 29 20 26 28 70  |), (void **) &(p|
00007da0  63 62 29 20 29 20 3d 3d  20 45 5f 53 55 43 43 45  |cb) ) == E_SUCCE|
00007db0  53 53 00 6b 65 72 6e 65  6c 2f 73 69 6f 2e 63 00  |SS.kernel/sio.c.|
00007dc0  25 73 20 28 25 73 20 40  20 25 64 29 2c 20 61 73  |%s (%s @ %d), as|
00007dd0  73 65 72 74 69 6f 6e 20  25 73 20 66 61 69 6c 65  |sertion %s faile|
00007de0  64 0a 00 70 63 62 20 21  3d 20 4e 55 4c 4c 00 00  |d..pcb != NULL..|
00007df0  2a 2a 20 53 49 4f 20 46  49 46 4f 20 74 69 6d 65  |** SIO FIFO time|
00007e00  6f 75 74 2c 20 52 58 44  20 3d 20 25 30 32 78 0a  |out, RXD = %02x.|
00007e10  00 2a 2a 20 53 49 4f 20  69 6e 74 2c 20 4d 53 52  |.** SIO int, MSR|
00007e20  20 3d 20 25 30 32 78 0a  00 73 69 6f 20 69 73 72  | = %02x..sio isr|
00007e30  3a 20 49 49 52 20 25 30  32 78 0a 00 25 73 20 28  |: IIR %02x..%s (|
00007e40  25 73 20 40 20 25 64 29  2c 20 25 64 3a 20 25 73  |%s @ %d), %d: %s|
00007e50  0a 00 00 00 48 44 01 00  2f 44 01 00 8e 43 01 00  |....HD../D...C..|
00007e60  72 44 01 00 f6 41 01 00  72 44 01 00 c9 41 01 00  |rD...A..rD...A..|
00007e70  72 44 01 00 72 44 01 00  72 44 01 00 72 44 01 00  |rD..rD..rD..rD..|
00007e80  72 44 01 00 5c 43 01 00  20 53 69 6f 00 00 00 00  |rD..\C.. Sio....|
00007e90  53 49 4f 3a 20 49 45 52  20 25 30 32 78 20 28 25  |SIO: IER %02x (%|
00007ea0  63 25 63 25 63 29 20 69  6e 20 25 64 20 6f 74 20  |c%c%c) in %d ot |
00007eb0  25 64 00 53 49 4f 20 69  6e 70 75 74 20 71 75 65  |%d.SIO input que|
00007ec0  75 65 3a 20 22 00 22 0a  00 53 49 4f 20 6f 75 74  |ue: "."..SIO out|
00007ed0  70 75 74 20 71 75 65 75  65 3a 20 22 00 20 6f 74  |put queue: ". ot|
00007ee0  3a 20 22 00 73 69 6f 5f  69 73 72 00 20 53 74 6b  |: ".sio_isr. Stk|
00007ef0  00 00 00 00 73 74 6b 5f  61 6c 6c 6f 63 28 26 6b  |....stk_alloc(&k|
00007f00  73 74 61 63 6b 29 20 3d  3d 20 45 5f 53 55 43 43  |stack) == E_SUCC|
00007f10  45 53 53 00 6b 65 72 6e  65 6c 2f 73 74 61 63 6b  |ESS.kernel/stack|
00007f20  73 2e 63 00 25 73 20 28  25 73 20 40 20 25 64 29  |s.c.%s (%s @ %d)|
00007f30  2c 20 61 73 73 65 72 74  69 6f 6e 20 25 73 20 66  |, assertion %s f|
00007f40  61 69 6c 65 64 0a 00 73  74 6b 20 21 3d 20 4e 55  |ailed..stk != NU|
00007f50  4c 4c 00 00 25 73 20 28  25 73 20 40 20 25 64 29  |LL..%s (%s @ %d)|
00007f60  2c 20 61 73 73 65 72 74  31 20 25 73 20 66 61 69  |, assert1 %s fai|
00007f70  6c 65 64 0a 00 2a 2a 2a  20 73 74 61 63 6b 00 20  |led..*** stack. |
00007f80  28 25 73 29 3a 0a 00 3a  0a 00 25 30 38 78 25 63  |(%s):..:..%08x%c|
00007f90  00 25 73 20 25 73 0a 00  73 74 6b 5f 69 6e 69 74  |.%s %s..stk_init|
00007fa0  00 00 00 00 73 74 6b 5f  66 72 65 65 00 00 00 00  |....stk_free....|
00007fb0  0a 2a 2a 20 55 4e 45 58  50 45 43 54 45 44 20 76  |.** UNEXPECTED v|
00007fc0  65 63 74 6f 72 20 30 78  25 30 32 78 2c 20 63 6f  |ector 0x%02x, co|
00007fd0  64 65 3d 25 64 0a 00 55  6e 65 78 70 65 63 74 65  |de=%d..Unexpecte|
00007fe0  64 20 69 6e 74 65 72 72  75 70 74 00 0a 49 4c 4c  |d interrupt..ILL|
00007ff0  20 4f 50 20 46 41 55 4c  54 20 76 65 63 20 25 30  | OP FAULT vec %0|
00008000  32 78 20 63 6f 64 65 20  25 64 0a 00 41 44 44 52  |2x code %d..ADDR|
00008010  45 53 53 3a 20 43 53 20  25 30 34 78 20 45 49 50  |ESS: CS %04x EIP|
00008020  20 25 30 38 78 0a 00 43  75 72 72 65 6e 74 00 63  | %08x..Current.c|
00008030  75 72 72 65 6e 74 00 49  6c 6c 65 67 61 6c 20 4f  |urrent.Illegal O|
00008040  70 63 6f 64 65 20 66 61  75 6c 74 00 0a 47 50 20  |pcode fault..GP |
00008050  46 41 55 4c 54 20 76 65  63 20 25 30 32 78 20 63  |FAULT vec %02x c|
00008060  6f 64 65 20 25 64 00 20  2d 3e 20 73 65 6c 2f 69  |ode %d. -> sel/i|
00008070  64 74 20 6e 75 6d 62 65  72 3a 20 25 30 38 78 0a  |dt number: %08x.|
00008080  00 47 65 6e 65 72 61 6c  20 50 72 6f 74 65 63 74  |.General Protect|
00008090  69 6f 6e 20 66 61 75 6c  74 00 00 00 0a 2a 2a 20  |ion fault....** |
000080a0  44 45 46 41 55 4c 54 20  76 65 63 74 6f 72 20 30  |DEFAULT vector 0|
000080b0  78 25 30 32 78 2c 20 63  6f 64 65 3d 25 64 0a 00  |x%02x, code=%d..|
000080c0  55 6e 65 78 70 65 63 74  65 64 20 22 65 78 70 65  |Unexpected "expe|
000080d0  63 74 65 64 22 20 69 6e  74 65 72 72 75 70 74 21  |cted" interrupt!|
000080e0  00 00 00 00 0a 2a 2a 20  4d 59 53 54 45 52 59 20  |.....** MYSTERY |
000080f0  76 65 63 74 6f 72 20 30  78 25 30 32 78 2c 20 63  |vector 0x%02x, c|
00008100  6f 64 65 3d 25 64 0a 00  0a 50 41 4e 49 43 3a 20  |ode=%d...PANIC: |
00008110  25 73 0a 48 61 6c 74 69  6e 67 2e 2e 2e 00 00 00  |%s.Halting......|
00008120  70 61 72 65 6e 74 20 21  3d 20 4e 55 4c 4c 00 6b  |parent != NULL.k|
00008130  65 72 6e 65 6c 2f 73 79  73 63 61 6c 6c 73 2e 63  |ernel/syscalls.c|
00008140  00 00 00 00 25 73 20 28  25 73 20 40 20 25 64 29  |....%s (%s @ %d)|
00008150  2c 20 61 73 73 65 72 74  31 20 25 73 20 66 61 69  |, assert1 %s fai|
00008160  6c 65 64 0a 00 63 68 69  6c 64 20 21 3d 20 4e 55  |led..child != NU|
00008170  4c 4c 00 70 63 62 20 21  3d 20 4e 55 4c 4c 00 00  |LL.pcb != NULL..|
00008180  25 73 20 28 25 73 20 40  20 25 64 29 2c 20 61 73  |%s (%s @ %d), as|
00008190  73 65 72 74 69 6f 6e 20  25 73 20 66 61 69 6c 65  |sertion %s faile|
000081a0  64 0a 00 70 61 72 65 6e  74 2d 3e 73 74 61 74 65  |d..parent->state|
000081b0  20 21 3d 20 53 54 41 54  45 5f 55 4e 55 53 45 44  | != STATE_UNUSED|
000081c0  00 70 61 72 65 6e 74 20  21 3d 20 70 63 62 00 6e  |.parent != pcb.n|
000081d0  65 78 74 2d 3e 70 61 72  65 6e 74 20 3d 3d 20 70  |ext->parent == p|
000081e0  63 62 00 00 71 75 65 5f  72 65 6d 6f 76 65 5f 62  |cb..que_remove_b|
000081f0  79 28 7a 6f 6d 62 69 65  2c 66 6f 72 5f 69 6e 69  |y(zombie,for_ini|
00008200  74 29 20 3d 3d 20 45 5f  53 55 43 43 45 53 53 00  |t) == E_SUCCESS.|
00008210  70 63 62 2d 3e 63 6f 6e  74 65 78 74 20 21 3d 20  |pcb->context != |
00008220  4e 55 4c 4c 00 00 00 00  71 75 65 5f 69 6e 73 65  |NULL....que_inse|
00008230  72 74 28 73 69 6f 72 65  61 64 2c 28 76 6f 69 64  |rt(sioread,(void|
00008240  20 2a 29 70 63 62 29 20  21 3d 20 45 5f 53 55 43  | *)pcb) != E_SUC|
00008250  43 45 53 53 00 0a 2a 2a  20 25 73 20 28 25 73 20  |CESS..** %s (%s |
00008260  40 20 25 64 29 3a 20 00  73 6c 65 65 70 20 70 63  |@ %d): .sleep pc|
00008270  62 20 69 6e 73 65 72 74  20 66 61 69 6c 65 64 00  |b insert failed.|
00008280  74 55 01 00 09 58 01 00  fb 58 01 00 f9 5a 01 00  |tU...X...X...Z..|
00008290  f1 5b 01 00 5b 5d 01 00  12 5e 01 00 f0 5e 01 00  |.[..[]...^...^..|
000082a0  46 5f 01 00 9c 5f 01 00  63 75 72 72 65 6e 74 20  |F_..._..current |
000082b0  21 3d 20 4e 55 4c 4c 00  63 75 72 72 65 6e 74 2d  |!= NULL.current-|
000082c0  3e 63 6f 6e 74 65 78 74  20 21 3d 20 4e 55 4c 4c  |>context != NULL|
000082d0  00 00 00 00 73 79 73 5f  69 73 72 3a 20 70 69 64  |....sys_isr: pid|
000082e0  20 25 64 20 62 61 64 20  73 79 73 63 61 6c 6c 20  | %d bad syscall |
000082f0  28 25 64 29 0a 00 20 53  79 73 00 00 73 74 61 74  |(%d).. Sys..stat|
00008300  75 73 5f 72 65 74 75 72  6e 00 00 00 73 79 73 5f  |us_return...sys_|
00008310  65 78 69 74 00 00 00 00  73 79 73 5f 77 61 69 74  |exit....sys_wait|
00008320  00 00 00 00 73 79 73 5f  66 6f 72 6b 00 00 00 00  |....sys_fork....|
00008330  73 79 73 5f 65 78 65 63  00 00 00 00 73 79 73 5f  |sys_exec....sys_|
00008340  72 65 61 64 00 00 00 00  73 79 73 5f 77 72 69 74  |read....sys_writ|
00008350  65 00 00 00 73 79 73 5f  73 6c 65 65 70 00 00 00  |e...sys_sleep...|
00008360  73 79 73 5f 67 65 74 70  69 64 00 00 73 79 73 5f  |sys_getpid..sys_|
00008370  67 65 74 74 69 6d 65 00  73 79 73 5f 67 65 74 70  |gettime.sys_getp|
00008380  72 69 6f 00 73 79 73 5f  69 73 72 00 5c 78 25 30  |rio.sys_isr.\x%0|
00008390  32 78 00 54 72 61 63 65  3a 20 20 00 4e 55 4c 4c  |2x.Trace:  .NULL|
000083a0  20 65 62 70 2c 20 6e 6f  20 74 72 61 63 65 20 70  | ebp, no trace p|
000083b0  6f 73 73 69 62 6c 65 0a  00 20 65 62 70 20 25 30  |ossible.. ebp %0|
000083c0  38 78 20 72 65 74 20 25  30 38 78 20 61 72 67 73  |8x ret %08x args|
000083d0  00 20 5b 25 75 5d 20 25  30 38 78 00 0a 2a 2a 2a  |. [%u] %08x..***|
000083e0  2a 2a 20 4b 45 52 4e 45  4c 20 50 41 4e 49 43 20  |** KERNEL PANIC |
000083f0  2a 2a 2a 2a 2a 0a 00 25  73 0a 00 43 75 72 72 65  |*****..%s..Curre|
00008400  6e 74 00 52 48 00 52 53  00 52 4c 00 53 00 5a 00  |nt.RH.RS.RL.S.Z.|
00008410  42 00 49 00 0a 0a 50 61  6e 69 63 20 69 6e 66 6f  |B.I...Panic info|
00008420  72 6d 61 74 69 6f 6e 3a  0a 00 46 75 6c 6c 20 70  |rmation:..Full p|
00008430  72 6f 63 65 73 73 20 74  61 62 6c 65 00 46 75 6c  |rocess table.Ful|
00008440  6c 20 63 6f 6e 74 65 78  74 20 64 75 6d 70 00 2a  |l context dump.*|
00008450  2a 2a 20 48 41 4c 54 49  4e 47 00 00 30 31 32 33  |** HALTING..0123|
00008460  34 35 36 37 38 39 41 42  43 44 45 46 00 00 00 00  |456789ABCDEF....|
00008470  c3 68 01 00 01 69 01 00  4d 6a 01 00 4d 6a 01 00  |.h...i..Mj..Mj..|
00008480  4d 6a 01 00 4d 6a 01 00  4d 6a 01 00 4d 6a 01 00  |Mj..Mj..Mj..Mj..|
*
000084a0  bb 69 01 00 4d 6a 01 00  4d 6a 01 00 4d 6a 01 00  |.i..Mj..Mj..Mj..|
000084b0  45 69 01 00 4d 6a 01 00  fc 69 01 00 4d 6a 01 00  |Ei..Mj...i..Mj..|
000084c0  4d 6a 01 00 77 69 01 00  00 00 00 00 00 00 00 00  |Mj..wi..........|
000084d0  00 00 00 00 00 00 00 00  00 00 00 00 00 00 00 00  |................|
*
00009000  45 01 01 00 4e 01 01 00  57 01 01 00 60 01 01 00  |E...N...W...`...|
00009010  69 01 01 00 72 01 01 00  7b 01 01 00 84 01 01 00  |i...r...{.......|
00009020  8d 01 01 00 94 01 01 00  9d 01 01 00 a4 01 01 00  |................|
00009030  ab 01 01 00 b2 01 01 00  b9 01 01 00 c0 01 01 00  |................|
00009040  c9 01 01 00 d2 01 01 00  d9 01 01 00 e2 01 01 00  |................|
00009050  eb 01 01 00 f4 01 01 00  fb 01 01 00 04 02 01 00  |................|
00009060  0d 02 01 00 16 02 01 00  1f 02 01 00 28 02 01 00  |............(...|
00009070  31 02 01 00 3a 02 01 00  43 02 01 00 4c 02 01 00  |1...:...C...L...|
00009080  55 02 01 00 5e 02 01 00  67 02 01 00 70 02 01 00  |U...^...g...p...|
00009090  79 02 01 00 82 02 01 00  8b 02 01 00 94 02 01 00  |y...............|
000090a0  9d 02 01 00 a6 02 01 00  af 02 01 00 b8 02 01 00  |................|
000090b0  c1 02 01 00 ca 02 01 00  d3 02 01 00 dc 02 01 00  |................|
000090c0  e5 02 01 00 ee 02 01 00  f7 02 01 00 00 03 01 00  |................|
000090d0  09 03 01 00 12 03 01 00  1b 03 01 00 24 03 01 00  |............$...|
000090e0  2d 03 01 00 36 03 01 00  3f 03 01 00 48 03 01 00  |-...6...?...H...|
000090f0  51 03 01 00 5a 03 01 00  63 03 01 00 6c 03 01 00  |Q...Z...c...l...|
00009100  75 03 01 00 7e 03 01 00  87 03 01 00 90 03 01 00  |u...~...........|
00009110  99 03 01 00 a2 03 01 00  ab 03 01 00 b4 03 01 00  |................|
00009120  bd 03 01 00 c6 03 01 00  cf 03 01 00 d8 03 01 00  |................|
00009130  e1 03 01 00 ea 03 01 00  f3 03 01 00 fc 03 01 00  |................|
00009140  05 04 01 00 0e 04 01 00  17 04 01 00 20 04 01 00  |............ ...|
00009150  29 04 01 00 32 04 01 00  3b 04 01 00 44 04 01 00  |)...2...;...D...|
00009160  4d 04 01 00 56 04 01 00  5f 04 01 00 68 04 01 00  |M...V..._...h...|
00009170  71 04 01 00 7a 04 01 00  83 04 01 00 8c 04 01 00  |q...z...........|
00009180  95 04 01 00 9e 04 01 00  a7 04 01 00 b0 04 01 00  |................|
00009190  b9 04 01 00 c2 04 01 00  cb 04 01 00 d4 04 01 00  |................|
000091a0  dd 04 01 00 e6 04 01 00  ef 04 01 00 f8 04 01 00  |................|
000091b0  01 05 01 00 0a 05 01 00  13 05 01 00 1c 05 01 00  |................|
000091c0  25 05 01 00 2e 05 01 00  37 05 01 00 40 05 01 00  |%.......7...@...|
000091d0  49 05 01 00 52 05 01 00  5b 05 01 00 64 05 01 00  |I...R...[...d...|
000091e0  6d 05 01 00 76 05 01 00  7f 05 01 00 88 05 01 00  |m...v...........|
000091f0  91 05 01 00 9a 05 01 00  a3 05 01 00 ac 05 01 00  |................|
00009200  b5 05 01 00 c1 05 01 00  cd 05 01 00 d9 05 01 00  |................|
00009210  e5 05 01 00 f1 05 01 00  fd 05 01 00 09 06 01 00  |................|
00009220  15 06 01 00 21 06 01 00  2d 06 01 00 39 06 01 00  |....!...-...9...|
00009230  45 06 01 00 51 06 01 00  5d 06 01 00 69 06 01 00  |E...Q...]...i...|
00009240  75 06 01 00 81 06 01 00  8d 06 01 00 99 06 01 00  |u...............|
00009250  a5 06 01 00 b1 06 01 00  bd 06 01 00 c9 06 01 00  |................|
00009260  d5 06 01 00 e1 06 01 00  ed 06 01 00 f9 06 01 00  |................|
00009270  05 07 01 00 11 07 01 00  1d 07 01 00 29 07 01 00  |............)...|
00009280  35 07 01 00 41 07 01 00  4d 07 01 00 59 07 01 00  |5...A...M...Y...|
00009290  65 07 01 00 71 07 01 00  7d 07 01 00 89 07 01 00  |e...q...}.......|
000092a0  95 07 01 00 a1 07 01 00  ad 07 01 00 b9 07 01 00  |................|
000092b0  c5 07 01 00 d1 07 01 00  dd 07 01 00 e9 07 01 00  |................|
000092c0  f5 07 01 00 01 08 01 00  0d 08 01 00 19 08 01 00  |................|
000092d0  25 08 01 00 31 08 01 00  3d 08 01 00 49 08 01 00  |%...1...=...I...|
000092e0  55 08 01 00 61 08 01 00  6d 08 01 00 79 08 01 00  |U...a...m...y...|
000092f0  85 08 01 00 91 08 01 00  9d 08 01 00 a9 08 01 00  |................|
00009300  b5 08 01 00 c1 08 01 00  cd 08 01 00 d9 08 01 00  |................|
00009310  e5 08 01 00 f1 08 01 00  fd 08 01 00 09 09 01 00  |................|
00009320  15 09 01 00 21 09 01 00  2d 09 01 00 39 09 01 00  |....!...-...9...|
00009330  45 09 01 00 51 09 01 00  5d 09 01 00 69 09 01 00  |E...Q...]...i...|
00009340  75 09 01 00 81 09 01 00  8d 09 01 00 99 09 01 00  |u...............|
00009350  a5 09 01 00 b1 09 01 00  bd 09 01 00 c9 09 01 00  |................|
00009360  d5 09 01 00 e1 09 01 00  ed 09 01 00 f9 09 01 00  |................|
00009370  05 0a 01 00 11 0a 01 00  1d 0a 01 00 29 0a 01 00  |............)...|
00009380  35 0a 01 00 41 0a 01 00  4d 0a 01 00 59 0a 01 00  |5...A...M...Y...|
00009390  65 0a 01 00 71 0a 01 00  7d 0a 01 00 89 0a 01 00  |e...q...}.......|
000093a0  95 0a 01 00 a1 0a 01 00  ad 0a 01 00 b9 0a 01 00  |................|
000093b0  c5 0a 01 00 d1 0a 01 00  dd 0a 01 00 e9 0a 01 00  |................|
000093c0  f5 0a 01 00 01 0b 01 00  0d 0b 01 00 19 0b 01 00  |................|
000093d0  25 0b 01 00 31 0b 01 00  3d 0b 01 00 49 0b 01 00  |%...1...=...I...|
000093e0  55 0b 01 00 61 0b 01 00  6d 0b 01 00 79 0b 01 00  |U...a...m...y...|
000093f0  85 0b 01 00 91 0b 01 00  9d 0b 01 00 a9 0b 01 00  |................|
00009400  ff 1b 31 32 33 34 35 36  37 38 39 30 2d 3d 08 09  |..1234567890-=..|
00009410  71 77 65 72 74 79 75 69  6f 70 5b 5d 0a ff 61 73  |qwertyuiop[]..as|
00009420  64 66 67 68 6a 6b 6c 3b  27 60 ff 5c 7a 78 63 76  |dfghjkl;'`.\zxcv|
00009430  62 6e 6d 2c 2e 2f ff 2a  ff 20 ff ff ff ff ff ff  |bnm,./.*. ......|
00009440  ff ff ff ff ff ff ff 37  38 39 2d 34 35 36 2b 31  |.......789-456+1|
00009450  32 33 30 2e ff ff ff ff  ff ff ff ff ff ff ff ff  |230.............|
00009460  ff ff ff ff ff ff ff ff  ff ff ff ff ff ff ff ff  |................|
*
00009480  ff 1b 21 40 23 24 25 5e  26 2a 28 29 5f 2b 08 09  |..!@#$%^&*()_+..|
00009490  51 57 45 52 54 59 55 49  4f 50 7b 7d 0a ff 41 53  |QWERTYUIOP{}..AS|
000094a0  44 46 47 48 4a 4b 4c 3a  22 7e ff 7c 5a 58 43 56  |DFGHJKL:"~.|ZXCV|
000094b0  42 4e 4d 3c 3e 3f ff 2a  ff 20 ff ff ff ff ff ff  |BNM<>?.*. ......|
000094c0  ff ff ff ff ff ff ff 37  38 39 2d 34 35 36 2b 31  |.......789-456+1|
000094d0  32 33 30 2e ff ff ff ff  ff ff ff ff ff ff ff ff  |230.............|
000094e0  ff ff ff ff ff ff ff ff  ff ff ff ff ff ff ff ff  |................|
*
00009500  40 a0 01 00 40 a0 01 00  ff 00 00 00              |@...@.......|
0000950c
