00000000  7f 45 4c 46 01 01 01 00  00 00 00 00 00 00 00 00  |.ELF............|
00000010  02 00 03 00 01 00 00 00  00 00 01 00 34 00 00 00  |............4...|
00000020  40 b8 01 00 00 00 00 00  34 00 20 00 04 00 28 00  |@.......4. ...(.|
00000030  0f 00 0e 00 01 00 00 00  00 10 00 00 00 00 01 00  |................|
00000040  00 00 01 00 88 6b 00 00  88 6b 00 00 05 00 00 00  |.....k...k......|
00000050  00 10 00 00 01 00 00 00  00 80 00 00 00 70 01 00  |.............p..|
00000060  00 70 01 00 c8 14 00 00  c8 14 00 00 04 00 00 00  |.p..............|
00000070  00 10 00 00 01 00 00 00  00 a0 00 00 00 90 01 00  |................|
00000080  00 90 01 00 0c 05 00 00  c0 26 00 00 06 00 00 00  |.........&......|
00000090  00 10 00 00 51 e5 74 64  00 00 00 00 00 00 00 00  |....Q.td........|
000000a0  00 00 00 00 00 00 00 00  00 00 00 00 06 00 00 00  |................|
000000b0  10 00 00 00 00 00 00 00  00 00 00 00 00 00 00 00  |................|
000000c0  00 00 00 00 00 00 00 00  00 00 00 00 00 00 00 00  |................|
*
00001000  fa b0 00 e6 70 31 c0 66  b8 18 00 8e d8 8e c0 8e  |....p1.f........|
00001010  e0 8e e8 66 b8 20 00 8e  d0 bd 00 00 01 00 89 ec  |...f. ..........|
00001020  bf 00 a0 01 00 c7 07 00  00 00 00 83 c7 04 81 ff  |................|
00001030  c0 b6 01 00 72 ef e8 f7  1e 00 00 e9 2f 00 00 00  |....r......./...|
00001040  60 1e 06 0f a0 0f a8 16  8b 44 24 34 8b 5c 24 38  |`........D$4.\$8|
00001050  8b 15 5c a6 01 00 89 22  8b 25 b8 b2 01 00 83 ec  |..\....".%......|
00001060  08 53 50 8b 1c 85 c0 b2  01 00 ff d3 83 c4 10 8b  |.SP.............|
00001070  1d 5c a6 01 00 8b 23 89  e0 83 ec 0c 50 e8 9c 2b  |.\....#.....P..+|
00001080  00 00 83 c4 10 68 a2 00  01 00 6a 01 6a 00 e8 54  |.....h....j.j..T|
00001090  16 00 00 83 c4 0c 17 0f  a9 0f a1 07 1f 61 83 c4  |.............a..|
000010a0  08 cf 20 73 73 3d 25 30  38 78 20 20 67 73 3d 25  |.. ss=%08x  gs=%|
000010b0  30 38 78 20 20 66 73 3d  25 30 38 78 20 20 65 73  |08x  fs=%08x  es|
000010c0  3d 25 30 38 78 20 20 64  73 3d 25 30 38 78 0a 65  |=%08x  ds=%08x.e|
000010d0  64 69 3d 25 30 38 78 20  65 73 69 3d 25 30 38 78  |di=%08x esi=%08x|
000010e0  20 65 62 70 3d 25 30 38  78 20 65 73 70 3d 25 30  | ebp=%08x esp=%0|
000010f0  38 78 20 65 62 78 3d 25  30 38 78 0a 65 64 78 3d  |8x ebx=%08x.edx=|
00001100  25 30 38 78 20 65 63 78  3d 25 30 38 78 20 65 61  |%08x ecx=%08x ea|
00001110  78 3d 25 30 38 78 20 76  65 63 3d 25 30 38 78 20  |x=%08x vec=%08x |
00001120  63 6f 64 3d 25 30 38 78  0a 65 69 70 3d 25 30 38  |cod=%08x.eip=%08|
00001130  78 20 20 63 73 3d 25 30  38 78 20 65 66 6c 3d 25  |x  cs=%08x efl=%|
00001140  30 38 78 0a 00 6a 00 6a  00 e9 f2 fe ff ff 6a 00  |08x..j.j......j.|
00001150  6a 01 e9 e9 fe ff ff 6a  00 6a 02 e9 e0 fe ff ff  |j......j.j......|
00001160  6a 00 6a 03 e9 d7 fe ff  ff 6a 00 6a 04 e9 ce fe  |j.j......j.j....|
00001170  ff ff 6a 00 6a 05 e9 c5  fe ff ff 6a 00 6a 06 e9  |..j.j......j.j..|
00001180  bc fe ff ff 6a 00 6a 07  e9 b3 fe ff ff 6a 08 e9  |....j.j......j..|
00001190  ac fe ff ff 6a 00 6a 09  e9 a3 fe ff ff 6a 0a e9  |....j.j......j..|
000011a0  9c fe ff ff 6a 0b e9 95  fe ff ff 6a 0c e9 8e fe  |....j......j....|
000011b0  ff ff 6a 0d e9 87 fe ff  ff 6a 0e e9 80 fe ff ff  |..j......j......|
000011c0  6a 00 6a 0f e9 77 fe ff  ff 6a 00 6a 10 e9 6e fe  |j.j..w...j.j..n.|
000011d0  ff ff 6a 11 e9 67 fe ff  ff 6a 00 6a 12 e9 5e fe  |..j..g...j.j..^.|
000011e0  ff ff 6a 00 6a 13 e9 55  fe ff ff 6a 00 6a 14 e9  |..j.j..U...j.j..|
000011f0  4c fe ff ff 6a 15 e9 45  fe ff ff 6a 00 6a 16 e9  |L...j..E...j.j..|
00001200  3c fe ff ff 6a 00 6a 17  e9 33 fe ff ff 6a 00 6a  |<...j.j..3...j.j|
00001210  18 e9 2a fe ff ff 6a 00  6a 19 e9 21 fe ff ff 6a  |..*...j.j..!...j|
00001220  00 6a 1a e9 18 fe ff ff  6a 00 6a 1b e9 0f fe ff  |.j......j.j.....|
00001230  ff 6a 00 6a 1c e9 06 fe  ff ff 6a 00 6a 1d e9 fd  |.j.j......j.j...|
00001240  fd ff ff 6a 00 6a 1e e9  f4 fd ff ff 6a 00 6a 1f  |...j.j......j.j.|
00001250  e9 eb fd ff ff 6a 00 6a  20 e9 e2 fd ff ff 6a 00  |.....j.j .....j.|
00001260  6a 21 e9 d9 fd ff ff 6a  00 6a 22 e9 d0 fd ff ff  |j!.....j.j".....|
00001270  6a 00 6a 23 e9 c7 fd ff  ff 6a 00 6a 24 e9 be fd  |j.j#.....j.j$...|
00001280  ff ff 6a 00 6a 25 e9 b5  fd ff ff 6a 00 6a 26 e9  |..j.j%.....j.j&.|
00001290  ac fd ff ff 6a 00 6a 27  e9 a3 fd ff ff 6a 00 6a  |....j.j'.....j.j|
000012a0  28 e9 9a fd ff ff 6a 00  6a 29 e9 91 fd ff ff 6a  |(.....j.j).....j|
000012b0  00 6a 2a e9 88 fd ff ff  6a 00 6a 2b e9 7f fd ff  |.j*.....j.j+....|
000012c0  ff 6a 00 6a 2c e9 76 fd  ff ff 6a 00 6a 2d e9 6d  |.j.j,.v...j.j-.m|
000012d0  fd ff ff 6a 00 6a 2e e9  64 fd ff ff 6a 00 6a 2f  |...j.j..d...j.j/|
000012e0  e9 5b fd ff ff 6a 00 6a  30 e9 52 fd ff ff 6a 00  |.[...j.j0.R...j.|
000012f0  6a 31 e9 49 fd ff ff 6a  00 6a 32 e9 40 fd ff ff  |j1.I...j.j2.@...|
00001300  6a 00 6a 33 e9 37 fd ff  ff 6a 00 6a 34 e9 2e fd  |j.j3.7...j.j4...|
00001310  ff ff 6a 00 6a 35 e9 25  fd ff ff 6a 00 6a 36 e9  |..j.j5.%...j.j6.|
00001320  1c fd ff ff 6a 00 6a 37  e9 13 fd ff ff 6a 00 6a  |....j.j7.....j.j|
00001330  38 e9 0a fd ff ff 6a 00  6a 39 e9 01 fd ff ff 6a  |8.....j.j9.....j|
00001340  00 6a 3a e9 f8 fc ff ff  6a 00 6a 3b e9 ef fc ff  |.j:.....j.j;....|
00001350  ff 6a 00 6a 3c e9 e6 fc  ff ff 6a 00 6a 3d e9 dd  |.j.j<.....j.j=..|
00001360  fc ff ff 6a 00 6a 3e e9  d4 fc ff ff 6a 00 6a 3f  |...j.j>.....j.j?|
00001370  e9 cb fc ff ff 6a 00 6a  40 e9 c2 fc ff ff 6a 00  |.....j.j@.....j.|
00001380  6a 41 e9 b9 fc ff ff 6a  00 6a 42 e9 b0 fc ff ff  |jA.....j.jB.....|
00001390  6a 00 6a 43 e9 a7 fc ff  ff 6a 00 6a 44 e9 9e fc  |j.jC.....j.jD...|
000013a0  ff ff 6a 00 6a 45 e9 95  fc ff ff 6a 00 6a 46 e9  |..j.jE.....j.jF.|
000013b0  8c fc ff ff 6a 00 6a 47  e9 83 fc ff ff 6a 00 6a  |....j.jG.....j.j|
000013c0  48 e9 7a fc ff ff 6a 00  6a 49 e9 71 fc ff ff 6a  |H.z...j.jI.q...j|
000013d0  00 6a 4a e9 68 fc ff ff  6a 00 6a 4b e9 5f fc ff  |.jJ.h...j.jK._..|
000013e0  ff 6a 00 6a 4c e9 56 fc  ff ff 6a 00 6a 4d e9 4d  |.j.jL.V...j.jM.M|
000013f0  fc ff ff 6a 00 6a 4e e9  44 fc ff ff 6a 00 6a 4f  |...j.jN.D...j.jO|
00001400  e9 3b fc ff ff 6a 00 6a  50 e9 32 fc ff ff 6a 00  |.;...j.jP.2...j.|
00001410  6a 51 e9 29 fc ff ff 6a  00 6a 52 e9 20 fc ff ff  |jQ.)...j.jR. ...|
00001420  6a 00 6a 53 e9 17 fc ff  ff 6a 00 6a 54 e9 0e fc  |j.jS.....j.jT...|
00001430  ff ff 6a 00 6a 55 e9 05  fc ff ff 6a 00 6a 56 e9  |..j.jU.....j.jV.|
00001440  fc fb ff ff 6a 00 6a 57  e9 f3 fb ff ff 6a 00 6a  |....j.jW.....j.j|
00001450  58 e9 ea fb ff ff 6a 00  6a 59 e9 e1 fb ff ff 6a  |X.....j.jY.....j|
00001460  00 6a 5a e9 d8 fb ff ff  6a 00 6a 5b e9 cf fb ff  |.jZ.....j.j[....|
00001470  ff 6a 00 6a 5c e9 c6 fb  ff ff 6a 00 6a 5d e9 bd  |.j.j\.....j.j]..|
00001480  fb ff ff 6a 00 6a 5e e9  b4 fb ff ff 6a 00 6a 5f  |...j.j^.....j.j_|
00001490  e9 ab fb ff ff 6a 00 6a  60 e9 a2 fb ff ff 6a 00  |.....j.j`.....j.|
000014a0  6a 61 e9 99 fb ff ff 6a  00 6a 62 e9 90 fb ff ff  |ja.....j.jb.....|
000014b0  6a 00 6a 63 e9 87 fb ff  ff 6a 00 6a 64 e9 7e fb  |j.jc.....j.jd.~.|
000014c0  ff ff 6a 00 6a 65 e9 75  fb ff ff 6a 00 6a 66 e9  |..j.je.u...j.jf.|
000014d0  6c fb ff ff 6a 00 6a 67  e9 63 fb ff ff 6a 00 6a  |l...j.jg.c...j.j|
000014e0  68 e9 5a fb ff ff 6a 00  6a 69 e9 51 fb ff ff 6a  |h.Z...j.ji.Q...j|
000014f0  00 6a 6a e9 48 fb ff ff  6a 00 6a 6b e9 3f fb ff  |.jj.H...j.jk.?..|
00001500  ff 6a 00 6a 6c e9 36 fb  ff ff 6a 00 6a 6d e9 2d  |.j.jl.6...j.jm.-|
00001510  fb ff ff 6a 00 6a 6e e9  24 fb ff ff 6a 00 6a 6f  |...j.jn.$...j.jo|
00001520  e9 1b fb ff ff 6a 00 6a  70 e9 12 fb ff ff 6a 00  |.....j.jp.....j.|
00001530  6a 71 e9 09 fb ff ff 6a  00 6a 72 e9 00 fb ff ff  |jq.....j.jr.....|
00001540  6a 00 6a 73 e9 f7 fa ff  ff 6a 00 6a 74 e9 ee fa  |j.js.....j.jt...|
00001550  ff ff 6a 00 6a 75 e9 e5  fa ff ff 6a 00 6a 76 e9  |..j.ju.....j.jv.|
00001560  dc fa ff ff 6a 00 6a 77  e9 d3 fa ff ff 6a 00 6a  |....j.jw.....j.j|
00001570  78 e9 ca fa ff ff 6a 00  6a 79 e9 c1 fa ff ff 6a  |x.....j.jy.....j|
00001580  00 6a 7a e9 b8 fa ff ff  6a 00 6a 7b e9 af fa ff  |.jz.....j.j{....|
00001590  ff 6a 00 6a 7c e9 a6 fa  ff ff 6a 00 6a 7d e9 9d  |.j.j|.....j.j}..|
000015a0  fa ff ff 6a 00 6a 7e e9  94 fa ff ff 6a 00 6a 7f  |...j.j~.....j.j.|
000015b0  e9 8b fa ff ff 6a 00 68  80 00 00 00 e9 7f fa ff  |.....j.h........|
000015c0  ff 6a 00 68 81 00 00 00  e9 73 fa ff ff 6a 00 68  |.j.h.....s...j.h|
000015d0  82 00 00 00 e9 67 fa ff  ff 6a 00 68 83 00 00 00  |.....g...j.h....|
000015e0  e9 5b fa ff ff 6a 00 68  84 00 00 00 e9 4f fa ff  |.[...j.h.....O..|
000015f0  ff 6a 00 68 85 00 00 00  e9 43 fa ff ff 6a 00 68  |.j.h.....C...j.h|
00001600  86 00 00 00 e9 37 fa ff  ff 6a 00 68 87 00 00 00  |.....7...j.h....|
00001610  e9 2b fa ff ff 6a 00 68  88 00 00 00 e9 1f fa ff  |.+...j.h........|
00001620  ff 6a 00 68 89 00 00 00  e9 13 fa ff ff 6a 00 68  |.j.h.........j.h|
00001630  8a 00 00 00 e9 07 fa ff  ff 6a 00 68 8b 00 00 00  |.........j.h....|
00001640  e9 fb f9 ff ff 6a 00 68  8c 00 00 00 e9 ef f9 ff  |.....j.h........|
00001650  ff 6a 00 68 8d 00 00 00  e9 e3 f9 ff ff 6a 00 68  |.j.h.........j.h|
00001660  8e 00 00 00 e9 d7 f9 ff  ff 6a 00 68 8f 00 00 00  |.........j.h....|
00001670  e9 cb f9 ff ff 6a 00 68  90 00 00 00 e9 bf f9 ff  |.....j.h........|
00001680  ff 6a 00 68 91 00 00 00  e9 b3 f9 ff ff 6a 00 68  |.j.h.........j.h|
00001690  92 00 00 00 e9 a7 f9 ff  ff 6a 00 68 93 00 00 00  |.........j.h....|
000016a0  e9 9b f9 ff ff 6a 00 68  94 00 00 00 e9 8f f9 ff  |.....j.h........|
000016b0  ff 6a 00 68 95 00 00 00  e9 83 f9 ff ff 6a 00 68  |.j.h.........j.h|
000016c0  96 00 00 00 e9 77 f9 ff  ff 6a 00 68 97 00 00 00  |.....w...j.h....|
000016d0  e9 6b f9 ff ff 6a 00 68  98 00 00 00 e9 5f f9 ff  |.k...j.h....._..|
000016e0  ff 6a 00 68 99 00 00 00  e9 53 f9 ff ff 6a 00 68  |.j.h.....S...j.h|
000016f0  9a 00 00 00 e9 47 f9 ff  ff 6a 00 68 9b 00 00 00  |.....G...j.h....|
00001700  e9 3b f9 ff ff 6a 00 68  9c 00 00 00 e9 2f f9 ff  |.;...j.h...../..|
00001710  ff 6a 00 68 9d 00 00 00  e9 23 f9 ff ff 6a 00 68  |.j.h.....#...j.h|
00001720  9e 00 00 00 e9 17 f9 ff  ff 6a 00 68 9f 00 00 00  |.........j.h....|
00001730  e9 0b f9 ff ff 6a 00 68  a0 00 00 00 e9 ff f8 ff  |.....j.h........|
00001740  ff 6a 00 68 a1 00 00 00  e9 f3 f8 ff ff 6a 00 68  |.j.h.........j.h|
00001750  a2 00 00 00 e9 e7 f8 ff  ff 6a 00 68 a3 00 00 00  |.........j.h....|
00001760  e9 db f8 ff ff 6a 00 68  a4 00 00 00 e9 cf f8 ff  |.....j.h........|
00001770  ff 6a 00 68 a5 00 00 00  e9 c3 f8 ff ff 6a 00 68  |.j.h.........j.h|
00001780  a6 00 00 00 e9 b7 f8 ff  ff 6a 00 68 a7 00 00 00  |.........j.h....|
00001790  e9 ab f8 ff ff 6a 00 68  a8 00 00 00 e9 9f f8 ff  |.....j.h........|
000017a0  ff 6a 00 68 a9 00 00 00  e9 93 f8 ff ff 6a 00 68  |.j.h.........j.h|
000017b0  aa 00 00 00 e9 87 f8 ff  ff 6a 00 68 ab 00 00 00  |.........j.h....|
000017c0  e9 7b f8 ff ff 6a 00 68  ac 00 00 00 e9 6f f8 ff  |.{...j.h.....o..|
000017d0  ff 6a 00 68 ad 00 00 00  e9 63 f8 ff ff 6a 00 68  |.j.h.....c...j.h|
000017e0  ae 00 00 00 e9 57 f8 ff  ff 6a 00 68 af 00 00 00  |.....W...j.h....|
000017f0  e9 4b f8 ff ff 6a 00 68  b0 00 00 00 e9 3f f8 ff  |.K...j.h.....?..|
00001800  ff 6a 00 68 b1 00 00 00  e9 33 f8 ff ff 6a 00 68  |.j.h.....3...j.h|
00001810  b2 00 00 00 e9 27 f8 ff  ff 6a 00 68 b3 00 00 00  |.....'...j.h....|
00001820  e9 1b f8 ff ff 6a 00 68  b4 00 00 00 e9 0f f8 ff  |.....j.h........|
00001830  ff 6a 00 68 b5 00 00 00  e9 03 f8 ff ff 6a 00 68  |.j.h.........j.h|
00001840  b6 00 00 00 e9 f7 f7 ff  ff 6a 00 68 b7 00 00 00  |.........j.h....|
00001850  e9 eb f7 ff ff 6a 00 68  b8 00 00 00 e9 df f7 ff  |.....j.h........|
00001860  ff 6a 00 68 b9 00 00 00  e9 d3 f7 ff ff 6a 00 68  |.j.h.........j.h|
00001870  ba 00 00 00 e9 c7 f7 ff  ff 6a 00 68 bb 00 00 00  |.........j.h....|
00001880  e9 bb f7 ff ff 6a 00 68  bc 00 00 00 e9 af f7 ff  |.....j.h........|
00001890  ff 6a 00 68 bd 00 00 00  e9 a3 f7 ff ff 6a 00 68  |.j.h.........j.h|
000018a0  be 00 00 00 e9 97 f7 ff  ff 6a 00 68 bf 00 00 00  |.........j.h....|
000018b0  e9 8b f7 ff ff 6a 00 68  c0 00 00 00 e9 7f f7 ff  |.....j.h........|
000018c0  ff 6a 00 68 c1 00 00 00  e9 73 f7 ff ff 6a 00 68  |.j.h.....s...j.h|
000018d0  c2 00 00 00 e9 67 f7 ff  ff 6a 00 68 c3 00 00 00  |.....g...j.h....|
000018e0  e9 5b f7 ff ff 6a 00 68  c4 00 00 00 e9 4f f7 ff  |.[...j.h.....O..|
000018f0  ff 6a 00 68 c5 00 00 00  e9 43 f7 ff ff 6a 00 68  |.j.h.....C...j.h|
00001900  c6 00 00 00 e9 37 f7 ff  ff 6a 00 68 c7 00 00 00  |.....7...j.h....|
00001910  e9 2b f7 ff ff 6a 00 68  c8 00 00 00 e9 1f f7 ff  |.+...j.h........|
00001920  ff 6a 00 68 c9 00 00 00  e9 13 f7 ff ff 6a 00 68  |.j.h.........j.h|
00001930  ca 00 00 00 e9 07 f7 ff  ff 6a 00 68 cb 00 00 00  |.........j.h....|
00001940  e9 fb f6 ff ff 6a 00 68  cc 00 00 00 e9 ef f6 ff  |.....j.h........|
00001950  ff 6a 00 68 cd 00 00 00  e9 e3 f6 ff ff 6a 00 68  |.j.h.........j.h|
00001960  ce 00 00 00 e9 d7 f6 ff  ff 6a 00 68 cf 00 00 00  |.........j.h....|
00001970  e9 cb f6 ff ff 6a 00 68  d0 00 00 00 e9 bf f6 ff  |.....j.h........|
00001980  ff 6a 00 68 d1 00 00 00  e9 b3 f6 ff ff 6a 00 68  |.j.h.........j.h|
00001990  d2 00 00 00 e9 a7 f6 ff  ff 6a 00 68 d3 00 00 00  |.........j.h....|
000019a0  e9 9b f6 ff ff 6a 00 68  d4 00 00 00 e9 8f f6 ff  |.....j.h........|
000019b0  ff 6a 00 68 d5 00 00 00  e9 83 f6 ff ff 6a 00 68  |.j.h.........j.h|
000019c0  d6 00 00 00 e9 77 f6 ff  ff 6a 00 68 d7 00 00 00  |.....w...j.h....|
000019d0  e9 6b f6 ff ff 6a 00 68  d8 00 00 00 e9 5f f6 ff  |.k...j.h....._..|
000019e0  ff 6a 00 68 d9 00 00 00  e9 53 f6 ff ff 6a 00 68  |.j.h.....S...j.h|
000019f0  da 00 00 00 e9 47 f6 ff  ff 6a 00 68 db 00 00 00  |.....G...j.h....|
00001a00  e9 3b f6 ff ff 6a 00 68  dc 00 00 00 e9 2f f6 ff  |.;...j.h...../..|
00001a10  ff 6a 00 68 dd 00 00 00  e9 23 f6 ff ff 6a 00 68  |.j.h.....#...j.h|
00001a20  de 00 00 00 e9 17 f6 ff  ff 6a 00 68 df 00 00 00  |.........j.h....|
00001a30  e9 0b f6 ff ff 6a 00 68  e0 00 00 00 e9 ff f5 ff  |.....j.h........|
00001a40  ff 6a 00 68 e1 00 00 00  e9 f3 f5 ff ff 6a 00 68  |.j.h.........j.h|
00001a50  e2 00 00 00 e9 e7 f5 ff  ff 6a 00 68 e3 00 00 00  |.........j.h....|
00001a60  e9 db f5 ff ff 6a 00 68  e4 00 00 00 e9 cf f5 ff  |.....j.h........|
00001a70  ff 6a 00 68 e5 00 00 00  e9 c3 f5 ff ff 6a 00 68  |.j.h.........j.h|
00001a80  e6 00 00 00 e9 b7 f5 ff  ff 6a 00 68 e7 00 00 00  |.........j.h....|
00001a90  e9 ab f5 ff ff 6a 00 68  e8 00 00 00 e9 9f f5 ff  |.....j.h........|
00001aa0  ff 6a 00 68 e9 00 00 00  e9 93 f5 ff ff 6a 00 68  |.j.h.........j.h|
00001ab0  ea 00 00 00 e9 87 f5 ff  ff 6a 00 68 eb 00 00 00  |.........j.h....|
00001ac0  e9 7b f5 ff ff 6a 00 68  ec 00 00 00 e9 6f f5 ff  |.{...j.h.....o..|
00001ad0  ff 6a 00 68 ed 00 00 00  e9 63 f5 ff ff 6a 00 68  |.j.h.....c...j.h|
00001ae0  ee 00 00 00 e9 57 f5 ff  ff 6a 00 68 ef 00 00 00  |.....W...j.h....|
00001af0  e9 4b f5 ff ff 6a 00 68  f0 00 00 00 e9 3f f5 ff  |.K...j.h.....?..|
00001b00  ff 6a 00 68 f1 00 00 00  e9 33 f5 ff ff 6a 00 68  |.j.h.....3...j.h|
00001b10  f2 00 00 00 e9 27 f5 ff  ff 6a 00 68 f3 00 00 00  |.....'...j.h....|
00001b20  e9 1b f5 ff ff 6a 00 68  f4 00 00 00 e9 0f f5 ff  |.....j.h........|
00001b30  ff 6a 00 68 f5 00 00 00  e9 03 f5 ff ff 6a 00 68  |.j.h.........j.h|
00001b40  f6 00 00 00 e9 f7 f4 ff  ff 6a 00 68 f7 00 00 00  |.........j.h....|
00001b50  e9 eb f4 ff ff 6a 00 68  f8 00 00 00 e9 df f4 ff  |.....j.h........|
00001b60  ff 6a 00 68 f9 00 00 00  e9 d3 f4 ff ff 6a 00 68  |.j.h.........j.h|
00001b70  fa 00 00 00 e9 c7 f4 ff  ff 6a 00 68 fb 00 00 00  |.........j.h....|
00001b80  e9 bb f4 ff ff 6a 00 68  fc 00 00 00 e9 af f4 ff  |.....j.h........|
00001b90  ff 6a 00 68 fd 00 00 00  e9 a3 f4 ff ff 6a 00 68  |.j.h.........j.h|
00001ba0  fe 00 00 00 e9 97 f4 ff  ff 6a 00 68 ff 00 00 00  |.........j.h....|
00001bb0  e9 8b f4 ff ff 55 89 e5  83 ec 30 a1 18 a0 01 00  |.....U....0.....|
00001bc0  89 45 fc a1 10 a0 01 00  39 45 fc 76 08 a1 10 a0  |.E......9E.v....|
00001bd0  01 00 89 45 fc 8b 55 fc  89 d0 c1 e0 02 01 d0 c1  |...E..U.........|
00001be0  e0 04 89 c2 a1 14 a0 01  00 01 d0 89 45 f8 c7 45  |............E..E|
00001bf0  dc d4 03 00 00 c6 45 db  0e 0f b6 45 db 8b 55 dc  |......E....E..U.|
00001c00  ee 90 8b 45 f8 c1 e8 08  0f b6 c0 c7 45 e4 d5 03  |...E........E...|
00001c10  00 00 88 45 e3 0f b6 45  e3 8b 55 e4 ee 90 c7 45  |...E...E..U....E|
00001c20  ec d4 03 00 00 c6 45 eb  0f 0f b6 45 eb 8b 55 ec  |......E....E..U.|
00001c30  ee 90 8b 45 f8 0f b6 c0  c7 45 f4 d5 03 00 00 88  |...E.....E......|
00001c40  45 f3 0f b6 45 f3 8b 55  f4 ee 90 90 c9 c3 55 89  |E...E..U......U.|
00001c50  e5 83 ec 28 a1 24 a0 01  00 39 45 08 0f 87 eb 00  |...(.$...9E.....|
00001c60  00 00 a1 28 a0 01 00 39  45 0c 0f 87 dd 00 00 00  |...(...9E.......|
00001c70  8b 55 0c 89 d0 c1 e0 02  01 d0 c1 e0 04 89 c2 8b  |.U..............|
00001c80  45 08 01 d0 05 00 c0 05  00 01 c0 89 45 f4 81 65  |E...........E..e|
00001c90  10 ff ff 00 00 81 7d 10  ff 00 00 00 76 0d 8b 45  |......}.....v..E|
00001ca0  10 89 c2 8b 45 f4 66 89  10 eb 0e 8b 45 10 80 cc  |....E.f.....E...|
00001cb0  70 89 c2 8b 45 f4 66 89  10 0f b6 05 2c a0 01 00  |p...E.f.....,...|
00001cc0  84 c0 0f 84 84 00 00 00  a1 04 a0 01 00 39 45 08  |.............9E.|
00001cd0  72 7a a1 0c a0 01 00 39  45 08 77 70 a1 08 a0 01  |rz.....9E.wp....|
00001ce0  00 39 45 0c 72 66 a1 10  a0 01 00 39 45 0c 77 5c  |.9E.rf.....9E.w\|
00001cf0  8b 45 10 0f b6 c0 89 45  f0 83 7d f0 1f 76 06 83  |.E.....E..}..v..|
00001d00  7d f0 7e 76 0c 83 7d f0  0a 74 06 83 7d f0 09 75  |}.~v..}..t..}..u|
00001d10  11 8b 45 f0 83 ec 0c 50  e8 ef 3b 00 00 83 c4 10  |..E....P..;.....|
00001d20  eb 2b 83 ec 04 ff 75 f0  68 00 70 01 00 8d 45 e0  |.+....u.h.p...E.|
00001d30  50 e8 c4 5a 00 00 83 c4  10 83 ec 08 6a 04 8d 45  |P..Z........j..E|
00001d40  e0 50 e8 3b 3c 00 00 83  c4 10 eb 01 90 c9 c3 55  |.P.;<..........U|
00001d50  89 e5 83 ec 08 8b 15 24  a0 01 00 a1 1c a0 01 00  |.......$........|
00001d60  83 ec 04 52 ff 75 08 50  e8 44 57 00 00 83 c4 10  |...R.u.P.DW.....|
00001d70  a3 04 a0 01 00 8b 15 28  a0 01 00 a1 20 a0 01 00  |.......(.... ...|
00001d80  83 ec 04 52 ff 75 0c 50  e8 24 57 00 00 83 c4 10  |...R.u.P.$W.....|
00001d90  a3 08 a0 01 00 8b 15 24  a0 01 00 a1 04 a0 01 00  |.......$........|
00001da0  83 ec 04 52 ff 75 10 50  e8 04 57 00 00 83 c4 10  |...R.u.P..W.....|
00001db0  a3 0c a0 01 00 8b 15 28  a0 01 00 a1 08 a0 01 00  |.......(........|
00001dc0  83 ec 04 52 ff 75 14 50  e8 e4 56 00 00 83 c4 10  |...R.u.P..V.....|
00001dd0  a3 10 a0 01 00 a1 04 a0  01 00 a3 14 a0 01 00 a1  |................|
00001de0  08 a0 01 00 a3 18 a0 01  00 e8 c7 fd ff ff 90 c9  |................|
00001df0  c3 55 89 e5 83 ec 08 8b  15 0c a0 01 00 8b 0d 04  |.U..............|
00001e00  a0 01 00 8b 45 08 01 c1  a1 04 a0 01 00 83 ec 04  |....E...........|
00001e10  52 51 50 e8 99 56 00 00  83 c4 10 a3 14 a0 01 00  |RQP..V..........|
00001e20  8b 15 10 a0 01 00 8b 0d  08 a0 01 00 8b 45 0c 01  |.............E..|
00001e30  c1 a1 08 a0 01 00 83 ec  04 52 51 50 e8 70 56 00  |.........RQP.pV.|
00001e40  00 83 c4 10 a3 18 a0 01  00 e8 67 fd ff ff 90 c9  |..........g.....|
00001e50  c3 55 89 e5 83 ec 18 8b  45 10 83 e0 7f 83 f8 0a  |.U......E.......|
00001e60  0f 85 8f 00 00 00 a1 0c  a0 01 00 39 45 08 76 0a  |...........9E.v.|
00001e70  a1 24 a0 01 00 89 45 f4  eb 1f a1 04 a0 01 00 39  |.$....E........9|
00001e80  45 08 72 0a a1 0c a0 01  00 89 45 f4 eb 0b a1 04  |E.r.......E.....|
00001e90  a0 01 00 83 e8 01 89 45  f4 0f b6 05 2c a0 01 00  |.......E....,...|
00001ea0  a2 2d a0 01 00 c6 05 2c  a0 01 00 00 eb 17 83 ec  |.-.....,........|
00001eb0  04 6a 20 ff 75 0c ff 75  08 e8 90 fd ff ff 83 c4  |.j .u..u........|
00001ec0  10 83 45 08 01 8b 45 08  3b 45 f4 76 e1 0f b6 05  |..E...E.;E.v....|
00001ed0  2c a0 01 00 84 c0 74 0f  83 ec 0c 6a 0a e8 2a 3a  |,.....t....j..*:|
00001ee0  00 00 83 c4 10 eb 22 0f  b6 05 2d a0 01 00 a2 2c  |......"...-....,|
00001ef0  a0 01 00 eb 14 83 ec 04  ff 75 10 ff 75 0c ff 75  |.........u..u..u|
00001f00  08 e8 48 fd ff ff 83 c4  10 90 c9 c3 55 89 e5 83  |..H.........U...|
00001f10  ec 08 8b 15 18 a0 01 00  a1 10 a0 01 00 39 c2 76  |.............9.v|
00001f20  23 a1 18 a0 01 00 8b 15  10 a0 01 00 29 d0 83 ec  |#...........)...|
00001f30  0c 50 e8 a8 02 00 00 83  c4 10 a1 10 a0 01 00 a3  |.P..............|
00001f40  18 a0 01 00 8b 45 08 0f  b6 c0 83 f8 0a 74 0e 83  |.....E.......t..|
00001f50  f8 0d 0f 84 8f 00 00 00  e9 96 00 00 00 0f b6 05  |................|
00001f60  2c a0 01 00 a2 2d a0 01  00 c6 05 2c a0 01 00 00  |,....-.....,....|
00001f70  eb 27 8b 15 18 a0 01 00  a1 14 a0 01 00 83 ec 04  |.'..............|
00001f80  6a 20 52 50 e8 c5 fc ff  ff 83 c4 10 a1 14 a0 01  |j RP............|
00001f90  00 83 c0 01 a3 14 a0 01  00 8b 15 14 a0 01 00 a1  |................|
00001fa0  0c a0 01 00 39 c2 76 ca  0f b6 05 2c a0 01 00 84  |....9.v....,....|
00001fb0  c0 74 0f 83 ec 0c 6a 0a  e8 4f 39 00 00 83 c4 10  |.t....j..O9.....|
00001fc0  eb 0c 0f b6 05 2d a0 01  00 a2 2c a0 01 00 a1 04  |.....-....,.....|
00001fd0  a0 01 00 a3 14 a0 01 00  a1 18 a0 01 00 83 c0 01  |................|
00001fe0  a3 18 a0 01 00 eb 5b a1  04 a0 01 00 a3 14 a0 01  |......[.........|
00001ff0  00 eb 4f 8b 15 18 a0 01  00 a1 14 a0 01 00 83 ec  |..O.............|
00002000  04 ff 75 08 52 50 e8 43  fc ff ff 83 c4 10 a1 14  |..u.RP.C........|
00002010  a0 01 00 83 c0 01 a3 14  a0 01 00 8b 15 14 a0 01  |................|
00002020  00 a1 0c a0 01 00 39 c2  76 17 a1 04 a0 01 00 a3  |......9.v.......|
00002030  14 a0 01 00 a1 18 a0 01  00 83 c0 01 a3 18 a0 01  |................|
00002040  00 90 e8 6e fb ff ff 90  c9 c3 55 89 e5 83 ec 18  |...n......U.....|
00002050  eb 18 83 ec 04 ff 75 f4  ff 75 0c ff 75 08 e8 ee  |......u..u..u...|
00002060  fd ff ff 83 c4 10 83 45  08 01 8b 45 10 8d 50 01  |.......E...E..P.|
00002070  89 55 10 0f b6 00 0f be  c0 89 45 f4 83 7d f4 00  |.U........E..}..|
00002080  74 0a a1 24 a0 01 00 39  45 08 76 c6 90 c9 c3 55  |t..$...9E.v....U|
00002090  89 e5 83 ec 18 eb 0e 83  ec 0c ff 75 f4 e8 6a fe  |...........u..j.|
000020a0  ff ff 83 c4 10 8b 45 08  8d 50 01 89 55 08 0f b6  |......E..P..U...|
000020b0  00 0f be c0 89 45 f4 83  7d f4 00 75 da 90 90 c9  |.....E..}..u....|
000020c0  c3 55 89 e5 83 ec 18 c7  45 f4 00 00 00 00 eb 1e  |.U......E.......|
000020d0  8b 55 f4 8b 45 08 01 d0  0f b6 00 0f be c0 83 ec  |.U..E...........|
000020e0  0c 50 e8 25 fe ff ff 83  c4 10 83 45 f4 01 8b 45  |.P.%.......E...E|
000020f0  f4 3b 45 0c 7c da 90 90  c9 c3 55 89 e5 83 ec 10  |.;E.|.....U.....|
00002100  a1 0c a0 01 00 8b 15 04  a0 01 00 29 d0 83 c0 01  |...........)....|
00002110  89 45 f0 a1 08 a0 01 00  89 45 fc eb 47 8b 55 fc  |.E.......E..G.U.|
00002120  89 d0 c1 e0 02 01 d0 c1  e0 04 89 c2 a1 04 a0 01  |................|
00002130  00 01 d0 05 00 c0 05 00  01 c0 89 45 f4 c7 45 f8  |...........E..E.|
00002140  00 00 00 00 eb 12 8b 45  f4 8d 50 02 89 55 f4 66  |.......E..P..U.f|
00002150  c7 00 20 70 83 45 f8 01  8b 45 f8 3b 45 f0 72 e6  |.. p.E...E.;E.r.|
00002160  83 45 fc 01 a1 10 a0 01  00 39 45 fc 76 af 90 90  |.E.......9E.v...|
00002170  c9 c3 55 89 e5 83 ec 10  8b 15 20 a0 01 00 89 d0  |..U....... .....|
00002180  c1 e0 02 01 d0 c1 e0 04  89 c2 a1 1c a0 01 00 01  |................|
00002190  d0 05 00 c0 05 00 01 c0  89 45 fc a1 28 a0 01 00  |.........E..(...|
000021a0  8b 15 20 a0 01 00 29 d0  8d 50 01 a1 24 a0 01 00  |.. ...)..P..$...|
000021b0  8b 0d 1c a0 01 00 29 c8  83 c0 01 0f af c2 89 45  |......)........E|
000021c0  f8 eb 12 8b 45 fc 8d 50  02 89 55 fc 66 c7 00 20  |....E..P..U.f.. |
000021d0  70 83 6d f8 01 83 7d f8  00 75 e8 90 90 c9 c3 55  |p.m...}..u.....U|
000021e0  89 e5 83 ec 20 a1 0c a0  01 00 8b 15 04 a0 01 00  |.... ...........|
000021f0  29 d0 83 c0 01 89 45 ec  a1 10 a0 01 00 8b 15 08  |).....E.........|
00002200  a0 01 00 29 d0 39 45 08  76 23 e8 eb fe ff ff a1  |...).9E.v#......|
00002210  04 a0 01 00 a3 14 a0 01  00 a1 08 a0 01 00 a3 18  |................|
00002220  a0 01 00 e8 8d f9 ff ff  e9 ea 00 00 00 a1 08 a0  |................|
00002230  01 00 89 45 f4 eb 76 8b  55 f4 8b 45 08 01 c2 89  |...E..v.U..E....|
00002240  d0 c1 e0 02 01 d0 c1 e0  04 89 c2 a1 04 a0 01 00  |................|
00002250  01 d0 05 00 c0 05 00 01  c0 89 45 fc 8b 55 f4 89  |..........E..U..|
00002260  d0 c1 e0 02 01 d0 c1 e0  04 89 c2 a1 04 a0 01 00  |................|
00002270  01 d0 05 00 c0 05 00 01  c0 89 45 f8 c7 45 f0 00  |..........E..E..|
00002280  00 00 00 eb 1c 8b 55 fc  8d 42 02 89 45 fc 8b 45  |......U..B..E..E|
00002290  f8 8d 48 02 89 4d f8 0f  b7 12 66 89 10 83 45 f0  |..H..M....f...E.|
000022a0  01 8b 45 f0 3b 45 ec 7c  dc 83 45 f4 01 a1 10 a0  |..E.;E.|..E.....|
000022b0  01 00 2b 45 08 89 c2 8b  45 f4 39 c2 0f 83 75 ff  |..+E....E.9...u.|
000022c0  ff ff eb 47 8b 55 f4 89  d0 c1 e0 02 01 d0 c1 e0  |...G.U..........|
000022d0  04 89 c2 a1 04 a0 01 00  01 d0 05 00 c0 05 00 01  |................|
000022e0  c0 89 45 f8 c7 45 f0 00  00 00 00 eb 12 8b 45 f8  |..E..E........E.|
000022f0  8d 50 02 89 55 f8 66 c7  00 20 70 83 45 f0 01 8b  |.P..U.f.. p.E...|
00002300  45 f0 3b 45 ec 7c e6 83  45 f4 01 8b 55 f4 a1 10  |E.;E.|..E...U...|
00002310  a0 01 00 39 c2 76 ad c9  c3 55 89 e5 83 ec 08 eb  |...9.v...U......|
00002320  3c 83 7d 08 ff 75 06 83  7d 0c ff 74 1d 8b 4d 14  |<.}..u..}..t..M.|
00002330  8b 55 0c 8b 45 08 83 ec  04 51 52 50 e8 10 fb ff  |.U..E....QRP....|
00002340  ff 83 c4 10 83 45 08 01  eb 0f 8b 45 14 83 ec 0c  |.....E.....E....|
00002350  50 e8 b6 fb ff ff 83 c4  10 83 6d 10 01 83 7d 10  |P.........m...}.|
00002360  00 7f be 8b 45 08 c9 c3  55 89 e5 83 ec 18 83 7d  |....E...U......}|
00002370  14 00 79 11 83 ec 0c ff  75 10 e8 26 57 00 00 83  |..y.....u..&W...|
00002380  c4 10 89 45 14 8b 45 18  2b 45 14 89 45 f4 83 7d  |...E..E.+E..E..}|
00002390  f4 00 7e 1d 83 7d 1c 00  75 17 ff 75 20 ff 75 f4  |..~..}..u..u .u.|
000023a0  ff 75 0c ff 75 08 e8 6e  ff ff ff 83 c4 10 89 45  |.u..u..n.......E|
000023b0  08 83 7d 08 ff 75 06 83  7d 0c ff 74 1e 8b 55 0c  |..}..u..}..t..U.|
000023c0  8b 45 08 83 ec 04 ff 75  10 52 50 e8 7a fc ff ff  |.E.....u.RP.z...|
000023d0  83 c4 10 8b 45 14 01 45  08 eb 0e 83 ec 0c ff 75  |....E..E.......u|
000023e0  10 e8 a9 fc ff ff 83 c4  10 83 7d f4 00 7e 1d 83  |..........}..~..|
000023f0  7d 1c 00 74 17 ff 75 20  ff 75 f4 ff 75 0c ff 75  |}..t..u .u..u..u|
00002400  08 e8 13 ff ff ff 83 c4  10 89 45 08 8b 45 08 c9  |..........E..E..|
00002410  c3 55 89 e5 83 ec 38 8b  45 10 8b 00 89 45 f4 8b  |.U....8.E....E..|
00002420  45 10 83 c0 04 89 45 f0  e9 9d 02 00 00 80 7d ef  |E.....E.......}.|
00002430  25 0f 85 3b 02 00 00 c7  45 e8 00 00 00 00 c7 45  |%..;....E......E|
00002440  e0 20 00 00 00 c7 45 e4  00 00 00 00 8b 45 f4 8d  |. ....E......E..|
00002450  50 01 89 55 f4 0f b6 00  88 45 ef 80 7d ef 2d 75  |P..U.....E..}.-u|
00002460  16 c7 45 e8 01 00 00 00  8b 45 f4 8d 50 01 89 55  |..E......E..P..U|
00002470  f4 0f b6 00 88 45 ef 80  7d ef 30 75 40 c7 45 e0  |.....E..}.0u@.E.|
00002480  30 00 00 00 8b 45 f4 8d  50 01 89 55 f4 0f b6 00  |0....E..P..U....|
00002490  88 45 ef eb 28 8b 55 e4  89 d0 c1 e0 02 01 d0 01  |.E..(.U.........|
000024a0  c0 89 45 e4 0f be 45 ef  83 e8 30 01 45 e4 8b 45  |..E...E...0.E..E|
000024b0  f4 8d 50 01 89 55 f4 0f  b6 00 88 45 ef 80 7d ef  |..P..U.....E..}.|
000024c0  2f 7e 06 80 7d ef 39 7e  cc 0f be 45 ef 83 e8 63  |/~..}.9~...E...c|
000024d0  83 f8 15 0f 87 f1 01 00  00 8b 04 85 08 70 01 00  |.............p..|
000024e0  ff e0 8b 45 f0 8d 50 04  89 55 f0 8b 00 88 45 ef  |...E..P..U....E.|
000024f0  0f b6 45 ef 88 45 cc c6  45 cd 00 83 ec 04 ff 75  |..E..E..E......u|
00002500  e0 ff 75 e8 ff 75 e4 6a  01 8d 45 cc 50 ff 75 0c  |..u..u.j..E.P.u.|
00002510  ff 75 08 e8 50 fe ff ff  83 c4 20 89 45 08 e9 a7  |.u..P..... .E...|
00002520  01 00 00 8b 45 f0 8d 50  04 89 55 f0 8b 00 83 ec  |....E..P..U.....|
00002530  08 50 8d 45 cc 50 e8 9a  4f 00 00 83 c4 10 89 45  |.P.E.P..O......E|
00002540  dc 83 ec 04 ff 75 e0 ff  75 e8 ff 75 e4 ff 75 dc  |.....u..u..u..u.|
00002550  8d 45 cc 50 ff 75 0c ff  75 08 e8 09 fe ff ff 83  |.E.P.u..u.......|
00002560  c4 20 89 45 08 e9 60 01  00 00 8b 45 f0 8d 50 04  |. .E..`....E..P.|
00002570  89 55 f0 8b 00 89 45 d8  83 ec 04 ff 75 e0 ff 75  |.U....E.....u..u|
00002580  e8 ff 75 e4 6a ff ff 75  d8 ff 75 0c ff 75 08 e8  |..u.j..u..u..u..|
00002590  d4 fd ff ff 83 c4 20 89  45 08 e9 2b 01 00 00 8b  |...... .E..+....|
000025a0  45 f0 8d 50 04 89 55 f0  8b 00 83 ec 08 50 8d 45  |E..P..U......P.E|
000025b0  cc 50 e8 f2 4f 00 00 83  c4 10 89 45 dc 83 ec 04  |.P..O......E....|
000025c0  ff 75 e0 ff 75 e8 ff 75  e4 ff 75 dc 8d 45 cc 50  |.u..u..u..u..E.P|
000025d0  ff 75 0c ff 75 08 e8 8d  fd ff ff 83 c4 20 89 45  |.u..u........ .E|
000025e0  08 e9 e4 00 00 00 8b 45  f0 8d 50 04 89 55 f0 8b  |.......E..P..U..|
000025f0  00 83 ec 08 50 8d 45 cc  50 e8 16 50 00 00 83 c4  |....P.E.P..P....|
00002600  10 89 45 dc 83 ec 04 ff  75 e0 ff 75 e8 ff 75 e4  |..E.....u..u..u.|
00002610  ff 75 dc 8d 45 cc 50 ff  75 0c ff 75 08 e8 46 fd  |.u..E.P.u..u..F.|
00002620  ff ff 83 c4 20 89 45 08  e9 9d 00 00 00 8b 45 f0  |.... .E.......E.|
00002630  8d 50 04 89 55 f0 8b 00  83 ec 08 50 8d 45 cc 50  |.P..U......P.E.P|
00002640  e8 55 50 00 00 83 c4 10  89 45 dc 83 ec 04 ff 75  |.UP......E.....u|
00002650  e0 ff 75 e8 ff 75 e4 ff  75 dc 8d 45 cc 50 ff 75  |..u..u..u..E.P.u|
00002660  0c ff 75 08 e8 ff fc ff  ff 83 c4 20 89 45 08 90  |..u........ .E..|
00002670  eb 58 83 7d 08 ff 75 06  83 7d 0c ff 74 3c 0f be  |.X.}..u..}..t<..|
00002680  4d ef 8b 55 0c 8b 45 08  83 ec 04 51 52 50 e8 be  |M..U..E....QRP..|
00002690  f7 ff ff 83 c4 10 0f be  45 ef 83 f8 0a 74 07 83  |........E....t..|
000026a0  f8 0d 74 06 eb 0e 83 45  0c 01 a1 04 a0 01 00 89  |..t....E........|
000026b0  45 08 eb 04 83 45 08 01  eb 10 0f be 45 ef 83 ec  |E....E......E...|
000026c0  0c 50 e8 45 f8 ff ff 83  c4 10 8b 45 f4 8d 50 01  |.P.E.......E..P.|
000026d0  89 55 f4 0f b6 00 88 45  ef 80 7d ef 00 0f 85 4a  |.U.....E..}....J|
000026e0  fd ff ff 90 90 c9 c3 55  89 e5 83 ec 08 8b 55 0c  |.......U......U.|
000026f0  8b 45 08 83 ec 04 8d 4d  10 51 52 50 e8 10 fd ff  |.E.....M.QRP....|
00002700  ff 83 c4 10 90 c9 c3 55  89 e5 83 ec 08 83 ec 04  |.......U........|
00002710  8d 45 08 50 6a ff 6a ff  e8 f4 fc ff ff 83 c4 10  |.E.Pj.j.........|
00002720  90 c9 c3 55 89 e5 83 45  08 01 b8 08 a1 01 00 39  |...U...E.......9|
00002730  45 08 72 07 c7 45 08 40  a0 01 00 8b 45 08 5d c3  |E.r..E.@....E.].|
00002740  55 89 e5 83 ec 10 c7 45  fc ff ff ff ff 81 65 08  |U......E......e.|
00002750  ff 00 00 00 81 7d 08 b6  00 00 00 74 54 81 7d 08  |.....}.....tT.}.|
00002760  b6 00 00 00 7f 72 81 7d  08 aa 00 00 00 74 42 81  |.....r.}.....tB.|
00002770  7d 08 aa 00 00 00 7f 60  81 7d 08 9d 00 00 00 74  |}......`.}.....t|
00002780  4b 81 7d 08 9d 00 00 00  7f 4e 83 7d 08 36 74 12  |K.}......N.}.6t.|
00002790  83 7d 08 36 7f 42 83 7d  08 1d 74 24 83 7d 08 2a  |.}.6.B.}..t$.}.*|
000027a0  75 36 c7 05 08 a1 01 00  01 00 00 00 e9 99 00 00  |u6..............|
000027b0  00 c7 05 08 a1 01 00 00  00 00 00 e9 8a 00 00 00  |................|
000027c0  c7 05 08 95 01 00 1f 00  00 00 eb 7e c7 05 08 95  |...........~....|
000027d0  01 00 ff 00 00 00 eb 72  8b 45 08 25 80 00 00 00  |.......r.E.%....|
000027e0  85 c0 75 66 a1 08 a1 01  00 c1 e0 07 89 c2 8b 45  |..uf...........E|
000027f0  08 01 d0 05 00 94 01 00  0f b6 00 0f b6 c0 89 45  |...............E|
00002800  08 83 7d 08 ff 74 43 a1  04 95 01 00 50 e8 11 ff  |..}..tC.....P...|
00002810  ff ff 83 c4 04 89 45 f8  a1 08 95 01 00 23 45 08  |......E......#E.|
00002820  89 45 fc a1 00 95 01 00  39 45 f8 74 1d 8b 45 08  |.E......9E.t..E.|
00002830  89 c1 a1 08 95 01 00 89  c2 a1 04 95 01 00 21 ca  |..............!.|
00002840  88 10 8b 45 f8 a3 04 95  01 00 8b 45 fc c9 c3 55  |...E.......E...U|
00002850  89 e5 83 ec 28 c7 45 ec  60 00 00 00 8b 45 ec 89  |....(.E.`....E..|
00002860  c2 ec 88 45 eb 0f b6 45  eb 0f b6 c0 89 45 f4 ff  |...E...E.....E..|
00002870  75 f4 e8 c9 fe ff ff 83  c4 04 89 45 f0 83 7d f0  |u..........E..}.|
00002880  ff 74 19 a1 30 a0 01 00  85 c0 74 10 a1 30 a0 01  |.t..0.....t..0..|
00002890  00 83 ec 0c ff 75 f0 ff  d0 83 c4 10 c7 45 e4 20  |.....u.......E. |
000028a0  00 00 00 c6 45 e3 20 0f  b6 45 e3 8b 55 e4 ee 90  |....E. ..E..U...|
000028b0  90 c9 c3 55 89 e5 83 ec  28 9c 58 89 45 ec 8b 45  |...U....(.X.E..E|
000028c0  ec 25 00 02 00 00 89 45  f4 eb 45 83 7d f4 00 75  |.%.....E..E.}..u|
000028d0  3f 90 c7 45 e8 64 00 00  00 8b 45 e8 89 c2 ec 88  |?..E.d....E.....|
000028e0  45 e7 0f b6 45 e7 0f b6  c0 83 e0 01 85 c0 74 e2  |E...E.........t.|
000028f0  c7 45 e0 60 00 00 00 8b  45 e0 89 c2 ec 88 45 df  |.E.`....E.....E.|
00002900  0f b6 45 df 0f b6 c0 50  e8 33 fe ff ff 83 c4 04  |..E....P.3......|
00002910  8b 15 00 95 01 00 a1 04  95 01 00 39 c2 74 ac a1  |...........9.t..|
00002920  00 95 01 00 0f b6 00 88  45 f3 a1 00 95 01 00 50  |........E......P|
00002930  e8 ee fd ff ff 83 c4 04  a3 00 95 01 00 80 7d f3  |..............}.|
00002940  04 74 10 0f be 45 f3 83  ec 0c 50 e8 bc f5 ff ff  |.t...E....P.....|
00002950  83 c4 10 0f be 45 f3 c9  c3 55 89 e5 83 ec 18 c7  |.....E...U......|
00002960  45 f4 00 00 00 00 eb 2b  e8 46 ff ff ff 88 45 f3  |E......+.F....E.|
00002970  80 7d f3 04 74 25 8b 45  08 8d 50 01 89 55 08 0f  |.}..t%.E..P..U..|
00002980  b6 55 f3 88 10 83 45 f4  01 83 6d 0c 01 80 7d f3  |.U....E...m...}.|
00002990  0a 74 0b 83 7d 0c 01 77  cf eb 04 90 eb 01 90 8b  |.t..}..w........|
000029a0  45 08 c6 00 00 8b 45 f4  c9 c3 55 89 e5 83 ec 10  |E.....E...U.....|
000029b0  a1 04 95 01 00 8b 15 00  95 01 00 29 d0 89 45 fc  |...........)..E.|
000029c0  83 7d fc 00 79 07 81 45  fc c8 00 00 00 8b 45 fc  |.}..y..E......E.|
000029d0  c9 c3 55 89 e5 83 ec 08  c7 05 1c a0 01 00 00 00  |..U.............|
000029e0  00 00 c7 05 20 a0 01 00  00 00 00 00 c7 05 24 a0  |.... .........$.|
000029f0  01 00 4f 00 00 00 c7 05  28 a0 01 00 18 00 00 00  |..O.....(.......|
00002a00  c7 05 04 a0 01 00 00 00  00 00 c7 05 08 a0 01 00  |................|
00002a10  00 00 00 00 c7 05 0c a0  01 00 4f 00 00 00 c7 05  |..........O.....|
00002a20  10 a0 01 00 18 00 00 00  a1 20 a0 01 00 a3 18 a0  |......... ......|
00002a30  01 00 a1 1c a0 01 00 a3  14 a0 01 00 e8 74 f1 ff  |.............t..|
00002a40  ff 8b 45 08 a3 30 a0 01  00 83 ec 08 68 4f 18 01  |..E..0......hO..|
00002a50  00 6a 21 e8 4a 3a 00 00  83 c4 10 e8 12 f7 ff ff  |.j!.J:..........|
00002a60  83 ec 0c 68 60 70 01 00  e8 22 f6 ff ff 83 c4 10  |...h`p..."......|
00002a70  c7 05 00 a0 01 00 01 00  00 00 90 c9 c3 55 89 e5  |.............U..|
00002a80  83 ec 10 83 7d 08 00 74  07 b8 ff ff ff ff eb 17  |....}..t........|
00002a90  0f b6 05 2c a0 01 00 0f  b6 c0 89 45 fc c6 05 2c  |...,.......E...,|
00002aa0  a0 01 00 01 8b 45 fc c9  c3 55 89 e5 83 ec 10 83  |.....E...U......|
00002ab0  7d 08 00 74 07 b8 ff ff  ff ff eb 17 0f b6 05 2c  |}..t...........,|
00002ac0  a0 01 00 0f b6 c0 89 45  fc c6 05 2c a0 01 00 00  |.......E...,....|
00002ad0  8b 45 fc c9 c3 55 89 e5  57 56 53 81 ec dc 00 00  |.E...U..WVS.....|
00002ae0  00 a1 10 a1 01 00 83 c0  01 a3 10 a1 01 00 a1 10  |................|
00002af0  a1 01 00 83 f8 64 75 39  c7 05 10 a1 01 00 00 00  |.....du9........|
00002b00  00 00 a1 14 a1 01 00 83  c0 01 a3 14 a1 01 00 a1  |................|
00002b10  14 a1 01 00 83 e0 03 0f  b6 80 53 71 01 00 0f be  |..........Sq....|
00002b20  c0 83 ec 04 50 6a 00 6a  00 e8 23 f3 ff ff 83 c4  |....Pj.j..#.....|
00002b30  10 a1 0c a1 01 00 50 68  78 70 01 00 6a 00 6a 01  |......Phxp..j.j.|
00002b40  e8 a2 fb ff ff 83 c4 10  8b 0d 0c a1 01 00 ba 59  |...............Y|
00002b50  17 b7 d1 89 c8 f7 e2 89  d0 c1 e8 0c 69 d0 88 13  |............i...|
00002b60  00 00 89 c8 29 d0 85 c0  0f 85 39 01 00 00 83 ec  |....).....9.....|
00002b70  0c 8d 85 34 ff ff ff 50  e8 a1 15 00 00 83 c4 10  |...4...P........|
00002b80  89 45 e4 8b bd 4c ff ff  ff a1 58 a6 01 00 83 ec  |.E...L....X.....|
00002b90  0c 50 e8 d7 20 00 00 83  c4 10 89 c6 a1 54 a6 01  |.P.. ........T..|
00002ba0  00 83 ec 0c 50 e8 c4 20  00 00 83 c4 10 89 85 24  |....P.. .......$|
00002bb0  ff ff ff a1 50 a6 01 00  83 ec 0c 50 e8 ad 20 00  |....P......P.. .|
00002bc0  00 83 c4 10 89 85 20 ff  ff ff a1 4c a6 01 00 83  |...... ....L....|
00002bd0  ec 0c 50 e8 96 20 00 00  83 c4 10 89 85 1c ff ff  |..P.. ..........|
00002be0  ff a1 48 a6 01 00 83 ec  0c 50 e8 7f 20 00 00 83  |..H......P.. ...|
00002bf0  c4 10 89 85 18 ff ff ff  a1 44 a6 01 00 83 ec 0c  |.........D......|
00002c00  50 e8 68 20 00 00 83 c4  10 89 c3 a1 40 a6 01 00  |P.h ........@...|
00002c10  83 ec 0c 50 e8 55 20 00  00 83 c4 10 89 c2 a1 5c  |...P.U ........\|
00002c20  a6 01 00 85 c0 74 0a a1  5c a6 01 00 8b 40 14 eb  |.....t..\....@..|
00002c30  05 b8 ff ff ff ff ff 75  e4 57 56 ff b5 24 ff ff  |.......u.WV..$..|
00002c40  ff ff b5 20 ff ff ff ff  b5 1c ff ff ff ff b5 18  |... ............|
00002c50  ff ff ff 53 52 50 68 84  70 01 00 8d 85 54 ff ff  |...SRPh.p....T..|
00002c60  ff 50 e8 93 4b 00 00 83  c4 30 83 ec 0c 8d 85 54  |.P..K....0.....T|
00002c70  ff ff ff 50 e8 2c 4e 00  00 83 c4 10 83 f8 3c 76  |...P.,N.......<v|
00002c80  10 c6 45 90 20 c6 45 91  2a c6 45 92 2a c6 45 93  |..E. .E.*.E.*.E.|
00002c90  00 83 ec 04 8d 85 54 ff  ff ff 50 6a 00 6a 0f e8  |......T...Pj.j..|
00002ca0  a6 f3 ff ff 83 c4 10 a1  0c a1 01 00 83 c0 01 a3  |................|
00002cb0  0c a1 01 00 a1 4c a6 01  00 83 ec 08 8d 55 d4 52  |.....L.......U.R|
00002cc0  50 e8 d9 21 00 00 83 c4  10 89 45 e0 83 7d e0 04  |P..!......E..}..|
00002cd0  0f 84 a4 00 00 00 8b 45  d4 85 c0 75 28 83 ec 04  |.......E...u(...|
00002ce0  ff 75 e0 68 c4 70 01 00  68 20 a1 01 00 e8 08 4b  |.u.h.p..h .....K|
00002cf0  00 00 83 c4 10 83 ec 0c  68 20 a1 01 00 e8 bf 45  |........h .....E|
00002d00  00 00 83 c4 10 8b 45 d4  8b 50 0c a1 0c a1 01 00  |......E..P......|
00002d10  39 c2 77 69 a1 4c a6 01  00 83 ec 08 8d 55 d4 52  |9.wi.L.......U.R|
00002d20  50 e8 3b 22 00 00 83 c4  10 85 c0 74 39 83 ec 08  |P.;".......t9...|
00002d30  68 f0 70 01 00 68 9e 00  00 00 68 20 71 01 00 68  |h.p..h....h q..h|
00002d40  60 71 01 00 68 30 71 01  00 68 20 a4 01 00 e8 a7  |`q..h0q..h .....|
00002d50  4a 00 00 83 c4 20 83 ec  0c 68 20 a4 01 00 e8 5e  |J.... ...h ....^|
00002d60  45 00 00 83 c4 10 8b 45  d4 83 ec 0c 50 e8 aa 19  |E......E....P...|
00002d70  00 00 83 c4 10 e9 3a ff  ff ff 90 eb 01 90 a1 5c  |......:........\|
00002d80  a6 01 00 0f b6 50 1a a1  5c a6 01 00 83 ea 01 88  |.....P..\.......|
00002d90  50 1a a1 5c a6 01 00 0f  b6 40 1a 84 c0 75 16 a1  |P..\.....@...u..|
00002da0  5c a6 01 00 83 ec 0c 50  e8 6f 19 00 00 83 c4 10  |\......P.o......|
00002db0  e8 62 1a 00 00 c7 45 dc  20 00 00 00 c6 45 db 20  |.b....E. ....E. |
00002dc0  0f b6 45 db 8b 55 dc ee  90 90 8d 65 f4 5b 5e 5f  |..E..U.....e.[^_|
00002dd0  5d c3 55 89 e5 83 ec 28  83 ec 0c 68 58 71 01 00  |].U....(...hXq..|
00002de0  e8 aa f2 ff ff 83 c4 10  c7 05 10 a1 01 00 ff ff  |................|
00002df0  ff ff c7 05 14 a1 01 00  00 00 00 00 c7 05 0c a1  |................|
00002e00  01 00 00 00 00 00 c7 45  f4 a9 04 00 00 c7 45 e0  |.......E......E.|
00002e10  43 00 00 00 c6 45 df 36  0f b6 45 df 8b 55 e0 ee  |C....E.6..E..U..|
00002e20  90 8b 45 f4 0f b6 c0 c7  45 e8 40 00 00 00 88 45  |..E.....E.@....E|
00002e30  e7 0f b6 45 e7 8b 55 e8  ee 90 8b 45 f4 c1 e8 08  |...E..U....E....|
00002e40  0f b6 c0 c7 45 f0 40 00  00 00 88 45 ef 0f b6 45  |....E.@....E...E|
00002e50  ef 8b 55 f0 ee 90 83 ec  08 68 d5 1a 01 00 6a 20  |..U......h....j |
00002e60  e8 3d 36 00 00 83 c4 10  90 c9 c3 55 89 e5 83 ec  |.=6........U....|
00002e70  18 8b 45 08 88 45 f4 83  ec 0c 68 68 71 01 00 e8  |..E..E....hhq...|
00002e80  0b f2 ff ff 83 c4 10 83  ec 08 6a 19 68 8a 71 01  |..........j.h.q.|
00002e90  00 e8 71 f8 ff ff 83 c4  10 83 ec 08 6a 03 68 a0  |..q.........j.h.|
00002ea0  71 01 00 e8 5f f8 ff ff  83 c4 10 83 ec 08 6a 08  |q..._.........j.|
00002eb0  68 ae 71 01 00 e8 4d f8  ff ff 83 c4 10 83 ec 08  |h.q...M.........|
00002ec0  68 e8 03 00 00 68 bd 71  01 00 e8 38 f8 ff ff 83  |h....h.q...8....|
00002ed0  c4 10 83 ec 0c 68 cc 71  01 00 e8 b0 f1 ff ff 83  |.....h.q........|
00002ee0  c4 10 83 ec 08 68 0f 27  00 00 68 e0 71 01 00 e8  |.....h.'..h.q...|
00002ef0  13 f8 ff ff 83 c4 10 83  ec 08 68 00 01 00 00 68  |..........h....h|
00002f00  eb 71 01 00 e8 fe f7 ff  ff 83 c4 10 80 7d f4 00  |.q...........}..|
00002f10  74 10 83 ec 0c 68 fc 71  01 00 e8 70 f1 ff ff 83  |t....h.q...p....|
00002f20  c4 10 83 ec 0c 6a 0a e8  e0 ef ff ff 83 c4 10 90  |.....j..........|
00002f30  c9 c3 8d 4c 24 04 83 e4  f0 ff 71 fc 55 89 e5 53  |...L$.....q.U..S|
00002f40  51 83 ec 10 c7 45 f4 f4  7f 00 00 8b 45 f4 8d 50  |Q....E......E..P|
00002f50  02 89 55 f4 0f b7 00 66  a3 24 a6 01 00 8b 45 f4  |..U....f.$....E.|
00002f60  8d 50 02 89 55 f4 0f b7  00 66 a3 26 a6 01 00 8b  |.P..U....f.&....|
00002f70  45 f4 8d 50 02 89 55 f4  0f b7 00 66 a3 28 a6 01  |E..P..U....f.(..|
00002f80  00 e8 09 35 00 00 83 ec  0c 6a 00 e8 42 fa ff ff  |...5.....j..B...|
00002f90  83 c4 10 ba 88 6b 01 00  b8 00 00 01 00 83 ec 04  |.....k..........|
00002fa0  52 50 68 0a 72 01 00 e8  5b f7 ff ff 83 c4 10 ba  |RPh.r...[.......|
00002fb0  c8 84 01 00 b8 00 70 01  00 83 ec 04 52 50 68 1e  |......p.....RPh.|
00002fc0  72 01 00 e8 3f f7 ff ff  83 c4 10 ba 0c 95 01 00  |r...?...........|
00002fd0  b8 00 90 01 00 83 ec 04  52 50 68 32 72 01 00 e8  |........RPh2r...|
00002fe0  23 f7 ff ff 83 c4 10 ba  c0 b6 01 00 b8 00 a0 01  |#...............|
00002ff0  00 83 ec 04 52 50 68 46  72 01 00 e8 07 f7 ff ff  |....RPhFr.......|
00003000  83 c4 10 0f b7 05 26 a6  01 00 0f b7 c0 c1 e0 04  |......&.........|
00003010  89 c2 0f b7 05 24 a6 01  00 0f b7 c0 01 d0 a3 20  |.....$......... |
00003020  a6 01 00 a1 20 a6 01 00  89 c3 0f b7 05 24 a6 01  |.... ........$..|
00003030  00 0f b7 c8 0f b7 05 26  a6 01 00 0f b7 d0 0f b7  |.......&........|
00003040  05 28 a6 01 00 0f b7 c0  83 ec 0c 53 51 52 50 68  |.(.........SQRPh|
00003050  5c 72 01 00 e8 ae f6 ff  ff 83 c4 20 83 ec 0c 68  |\r......... ...h|
00003060  88 72 01 00 e8 26 f0 ff  ff 83 c4 10 83 ec 0c 68  |.r...&.........h|
00003070  ac 72 01 00 e8 16 f0 ff  ff 83 c4 10 83 ec 0c 68  |.r.............h|
00003080  cd 72 01 00 e8 06 f0 ff  ff 83 c4 10 e8 5e 03 00  |.r...........^..|
00003090  00 e8 89 1a 00 00 e8 3b  24 00 00 e8 75 11 00 00  |.......;$...u...|
000030a0  e8 54 2b 00 00 e8 28 fd  ff ff e8 b0 40 00 00 83  |.T+...(.....@...|
000030b0  ec 0c 6a 00 e8 c4 f9 ff  ff 83 c4 10 83 ec 0c 68  |..j............h|
000030c0  d8 72 01 00 e8 c6 ef ff  ff 83 c4 10 83 ec 0c 6a  |.r.............j|
000030d0  01 e8 95 fd ff ff 83 c4  10 83 ec 0c 68 ac 72 01  |............h.r.|
000030e0  00 e8 a9 ef ff ff 83 c4  10 83 ec 0c 68 fc 72 01  |............h.r.|
000030f0  00 e8 99 ef ff ff 83 c4  10 83 ec 0c 68 84 a9 01  |............h...|
00003100  00 e8 aa 13 00 00 83 c4  10 85 c0 74 39 83 ec 08  |...........t9...|
00003110  68 20 73 01 00 68 2b 01  00 00 68 42 73 01 00 68  |h s..h+...hBs..h|
00003120  8c 74 01 00 68 54 73 01  00 68 20 a4 01 00 e8 c7  |.t..hTs..h .....|
00003130  46 00 00 83 c4 20 83 ec  0c 68 20 a4 01 00 e8 7e  |F.... ...h ....~|
00003140  41 00 00 83 c4 10 a1 84  a9 01 00 c7 40 14 01 00  |A...........@...|
00003150  00 00 a1 84 a9 01 00 c6  40 18 01 a1 84 a9 01 00  |........@.......|
00003160  c6 40 19 00 c7 45 f0 77  73 01 00 83 ec 0c 8d 45  |.@...E.ws......E|
00003170  ec 50 e8 fe 2a 00 00 83  c4 10 85 c0 74 39 83 ec  |.P..*.......t9..|
00003180  08 68 7e 73 01 00 68 37  01 00 00 68 42 73 01 00  |.h~s..h7...hBs..|
00003190  68 8c 74 01 00 68 54 73  01 00 68 20 a4 01 00 e8  |h.t..hTs..h ....|
000031a0  56 46 00 00 83 c4 20 83  ec 0c 68 20 a4 01 00 e8  |VF.... ...h ....|
000031b0  0d 41 00 00 83 c4 10 a1  84 a9 01 00 8b 55 ec 89  |.A...........U..|
000031c0  50 04 a1 20 a6 01 00 8b  10 8b 45 ec 8b 1d 84 a9  |P.. ......E.....|
000031d0  01 00 83 ec 04 ff 75 f0  52 50 e8 5d 2b 00 00 83  |......u.RP.]+...|
000031e0  c4 10 89 03 a1 84 a9 01  00 8b 00 85 c0 75 39 83  |.............u9.|
000031f0  ec 08 68 9b 73 01 00 68  40 01 00 00 68 42 73 01  |..h.s..h@...hBs.|
00003200  00 68 8c 74 01 00 68 54  73 01 00 68 20 a4 01 00  |.h.t..hTs..h ...|
00003210  e8 e5 45 00 00 83 c4 20  83 ec 0c 68 20 a4 01 00  |..E.... ...h ...|
00003220  e8 9c 40 00 00 83 c4 10  a1 84 a9 01 00 8b 15 84  |..@.............|
00003230  a9 01 00 89 50 08 a1 84  a9 01 00 83 ec 0c 50 e8  |....P.........P.|
00003240  d8 14 00 00 83 c4 10 e8  cb 15 00 00 83 ec 0c 68  |...............h|
00003250  b5 73 01 00 e8 36 ee ff  ff 83 c4 10 e8 11 ef ff  |.s...6..........|
00003260  ff 6a 63 6a 63 6a 07 6a  00 e8 e1 ea ff ff 83 c4  |.jcjcj.j........|
00003270  10 e8 84 ee ff ff 83 ec  04 68 c0 73 01 00 6a 00  |.........h.s..j.|
00003280  6a 00 e8 c3 ed ff ff 83  c4 10 83 ec 04 68 14 74  |j............h.t|
00003290  01 00 6a 06 6a 00 e8 af  ed ff ff 83 c4 10 83 ec  |..j.j...........|
000032a0  0c 6a 03 e8 a8 24 00 00  83 c4 10 83 ec 0c 6a 02  |.j...$........j.|
000032b0  e8 a9 23 00 00 83 c4 10  83 ec 0c 68 68 74 01 00  |..#........hht..|
000032c0  e8 ca ed ff ff 83 c4 10  83 ec 0c 68 ac 72 01 00  |...........h.r..|
000032d0  e8 ba ed ff ff 83 c4 10  b8 00 00 00 00 8d 65 f8  |..............e.|
000032e0  59 5b 5d 8d 61 fc c3 55  89 e5 83 ec 18 81 7d 0c  |Y[].a..U......}.|
000032f0  ff 0f 00 00 0f 86 f2 00  00 00 8b 45 0c 25 ff 0f  |...........E.%..|
00003300  00 00 85 c0 74 07 81 65  0c 00 f0 ff ff 8b 45 08  |....t..e......E.|
00003310  89 45 ec 8b 45 0c c1 e8  0c 89 c2 8b 45 ec 89 10  |.E..E.......E...|
00003320  8b 45 ec c7 40 04 00 00  00 00 a1 2c a6 01 00 85  |.E..@......,....|
00003330  c0 75 17 8b 45 ec a3 2c  a6 01 00 8b 45 ec 8b 00  |.u..E..,....E...|
00003340  a3 34 a6 01 00 e9 a3 00  00 00 c7 45 f4 00 00 00  |.4.........E....|
00003350  00 a1 2c a6 01 00 89 45  f0 eb 0f 8b 45 f0 89 45  |..,....E....E..E|
00003360  f4 8b 45 f0 8b 40 04 89  45 f0 83 7d f0 00 74 08  |..E..@..E..}..t.|
00003370  8b 45 f0 3b 45 ec 72 e3  8b 45 ec 8b 55 f0 89 50  |.E.;E.r..E..U..P|
00003380  04 83 7d f4 00 75 49 83  7d f0 00 75 39 83 ec 08  |..}..uI.}..u9...|
00003390  68 94 74 01 00 68 0c 01  00 00 68 99 74 01 00 68  |h.t..h....h.t..h|
000033a0  bc 75 01 00 68 a8 74 01  00 68 20 a4 01 00 e8 47  |.u..h.t..h ....G|
000033b0  44 00 00 83 c4 20 83 ec  0c 68 20 a4 01 00 e8 fe  |D.... ...h .....|
000033c0  3e 00 00 83 c4 10 8b 45  ec a3 2c a6 01 00 eb 09  |>......E..,.....|
000033d0  8b 45 f4 8b 55 ec 89 50  04 8b 45 ec 8b 10 a1 34  |.E..U..P..E....4|
000033e0  a6 01 00 01 d0 a3 34 a6  01 00 eb 01 90 c9 c3 55  |......4........U|
000033f0  89 e5 53 83 ec 34 83 ec  0c 68 cb 74 01 00 e8 8c  |..S..4...h.t....|
00003400  ec ff ff 83 c4 10 c7 05  30 a6 01 00 00 00 00 00  |........0.......|
00003410  c7 05 2c a6 01 00 00 00  00 00 c7 05 38 a6 01 00  |..,.........8...|
00003420  00 00 00 00 a1 38 a6 01  00 a3 34 a6 01 00 c7 05  |.....8....4.....|
00003430  3c a6 01 00 00 00 00 00  b8 00 2d 00 00 8b 00 89  |<.........-.....|
00003440  45 dc 83 7d dc 00 0f 8e  61 01 00 00 c7 45 f4 04  |E..}....a....E..|
00003450  2d 00 00 c7 45 f0 00 00  00 00 e9 36 01 00 00 8b  |-...E......6....|
00003460  45 f4 8b 40 14 83 e0 01  85 c0 0f 84 10 01 00 00  |E..@............|
00003470  8b 45 f4 8b 40 14 83 e0  02 85 c0 0f 85 02 01 00  |.E..@...........|
00003480  00 8b 45 f4 8b 40 10 83  f8 01 0f 85 f6 00 00 00  |..E..@..........|
00003490  8b 45 f4 8b 50 04 8b 00  89 45 e8 89 55 ec 8b 45  |.E..P....E..U..E|
000034a0  f4 8b 50 0c 8b 40 08 89  45 d0 89 55 d4 8b 4d e8  |..P..@..E..U..M.|
000034b0  8b 5d ec 8b 45 d0 8b 55  d4 01 c8 11 da 89 45 e0  |.]..E..U......E.|
000034c0  89 55 e4 ba ff ff ff 3f  b8 00 00 00 00 3b 55 e8  |.U.....?.....;U.|
000034d0  1b 45 ec 72 12 ba ff ff  ff 3f b8 00 00 00 00 3b  |.E.r.....?.....;|
000034e0  55 e0 1b 45 e4 73 24 ba  00 00 00 40 b8 00 00 00  |U..E.s$....@....|
000034f0  00 3b 55 e8 1b 45 ec 0f  82 8c 00 00 00 c7 45 e0  |.;U..E........E.|
00003500  00 00 00 40 c7 45 e4 00  00 00 00 ba ff ff 0f 00  |...@.E..........|
00003510  b8 00 00 00 00 3b 55 e8  1b 45 ec 73 12 ba ff ff  |.....;U..E.s....|
00003520  0f 00 b8 00 00 00 00 3b  55 e0 1b 45 e4 72 20 ba  |.......;U..E.r .|
00003530  ff ff 0f 00 b8 00 00 00  00 3b 55 e0 1b 45 e4 73  |.........;U..E.s|
00003540  4b c7 45 e8 00 00 10 00  c7 45 ec 00 00 00 00 8b  |K.E......E......|
00003550  45 e0 8b 55 e4 2b 45 e8  1b 55 ec 89 45 d0 89 55  |E..U.+E..U..E..U|
00003560  d4 8b 45 e8 89 45 cc 8b  45 d0 89 45 c8 83 ec 08  |..E..E..E..E....|
00003570  ff 75 c8 ff 75 cc e8 6c  fd ff ff 83 c4 10 eb 0d  |.u..u..l........|
00003580  90 eb 0a 90 eb 07 90 eb  04 90 eb 01 90 83 45 f0  |..............E.|
00003590  01 83 45 f4 18 8b 45 f0  3b 45 dc 0f 8c be fe ff  |..E...E.;E......|
000035a0  ff c7 05 3c a6 01 00 01  00 00 00 eb 01 90 8b 5d  |...<...........]|
000035b0  fc c9 c3 55 89 e5 53 83  ec 14 8b 15 38 a6 01 00  |...U..S.....8...|
000035c0  a1 34 a6 01 00 bb 30 a6  01 00 b9 2c a6 01 00 83  |.4....0....,....|
000035d0  ec 0c 52 50 53 51 68 d0  74 01 00 e8 27 f1 ff ff  |..RPSQh.t...'...|
000035e0  83 c4 20 a1 2c a6 01 00  89 45 f4 eb 39 8b 45 f4  |.. .,....E..9.E.|
000035f0  8b 50 04 8b 45 f4 8b 00  c1 e0 0c 89 c1 8b 45 f4  |.P..E.........E.|
00003600  01 c1 8b 45 f4 8b 00 83  ec 0c 52 51 50 ff 75 f4  |...E......RQP.u.|
00003610  68 0c 75 01 00 e8 ed f0  ff ff 83 c4 20 8b 45 f4  |h.u......... .E.|
00003620  8b 40 04 89 45 f4 83 7d  f4 00 75 c1 a1 30 a6 01  |.@..E..}..u..0..|
00003630  00 89 45 f4 eb 39 8b 45  f4 8b 50 04 8b 45 f4 8b  |..E..9.E..P..E..|
00003640  00 c1 e0 0c 89 c1 8b 45  f4 01 c1 8b 45 f4 8b 00  |.......E....E...|
00003650  83 ec 0c 52 51 50 ff 75  f4 68 48 75 01 00 e8 a4  |...RQP.u.hHu....|
00003660  f0 ff ff 83 c4 20 8b 45  f4 8b 40 04 89 45 f4 83  |..... .E..@..E..|
00003670  7d f4 00 75 c1 90 90 8b  5d fc c9 c3 55 89 e5 83  |}..u....]...U...|
00003680  ec 28 a1 3c a6 01 00 85  c0 75 39 83 ec 08 68 85  |.(.<.....u9...h.|
00003690  75 01 00 68 ed 01 00 00  68 99 74 01 00 68 c8 75  |u..h....h.t..h.u|
000036a0  01 00 68 a8 74 01 00 68  20 a4 01 00 e8 49 41 00  |..h.t..h ....IA.|
000036b0  00 83 c4 20 83 ec 0c 68  20 a4 01 00 e8 00 3c 00  |... ...h .....<.|
000036c0  00 83 c4 10 83 7d 08 00  75 0a b8 00 00 00 00 e9  |.....}..u.......|
000036d0  a9 00 00 00 a1 2c a6 01  00 89 45 f4 c7 45 f0 2c  |.....,....E..E.,|
000036e0  a6 01 00 eb 11 8b 45 f4  83 c0 04 89 45 f0 8b 45  |......E.....E..E|
000036f0  f0 8b 00 89 45 f4 83 7d  f4 00 74 0a 8b 45 f4 8b  |....E..}..t..E..|
00003700  00 39 45 08 77 df 83 7d  f4 00 75 07 b8 00 00 00  |.9E.w..}..u.....|
00003710  00 eb 6a 8b 45 f4 8b 00  39 45 08 75 0d 8b 45 f4  |..j.E...9E.u..E.|
00003720  8b 50 04 8b 45 f0 89 10  eb 43 8b 45 f4 89 45 ec  |.P..E....C.E..E.|
00003730  8b 45 f4 8b 00 2b 45 08  89 45 e8 8b 45 08 c1 e0  |.E...+E..E..E...|
00003740  0c 89 c2 8b 45 f4 01 d0  89 45 e4 8b 55 e8 8b 45  |....E....E..U..E|
00003750  e4 89 10 8b 45 f4 8b 50  04 8b 45 e4 89 50 04 8b  |....E..P..E..P..|
00003760  45 f0 8b 55 e4 89 10 8b  45 ec 89 45 f4 a1 34 a6  |E..U....E..E..4.|
00003770  01 00 2b 45 08 a3 34 a6  01 00 8b 45 f4 c9 c3 55  |..+E..4....E...U|
00003780  89 e5 83 ec 08 83 7d 08  00 74 12 83 ec 08 6a 01  |......}..t....j.|
00003790  ff 75 08 e8 08 00 00 00  83 c4 10 eb 01 90 c9 c3  |.u..............|
000037a0  55 89 e5 83 ec 18 a1 3c  a6 01 00 85 c0 75 39 83  |U......<.....u9.|
000037b0  ec 08 68 99 75 01 00 68  61 02 00 00 68 99 74 01  |..h.u..ha...h.t.|
000037c0  00 68 d8 75 01 00 68 a8  74 01 00 68 20 a4 01 00  |.h.u..h.t..h ...|
000037d0  e8 25 40 00 00 83 c4 20  83 ec 0c 68 20 a4 01 00  |.%@.... ...h ...|
000037e0  e8 dc 3a 00 00 83 c4 10  83 7d 08 00 0f 84 e3 00  |..:......}......|
000037f0  00 00 8b 45 08 89 45 f4  8b 45 f4 8b 55 0c 89 10  |...E..E..E..U...|
00003800  c7 45 f0 00 00 00 00 a1  2c a6 01 00 89 45 ec eb  |.E......,....E..|
00003810  0f 8b 45 ec 89 45 f0 8b  45 ec 8b 40 04 89 45 ec  |..E..E..E..@..E.|
00003820  83 7d ec 00 74 08 8b 45  ec 3b 45 f4 72 e3 83 7d  |.}..t..E.;E.r..}|
00003830  f0 00 74 44 8b 45 f0 8b  00 c1 e0 0c 89 c2 8b 45  |..tD.E.........E|
00003840  f0 01 d0 39 45 f4 75 19  8b 45 f0 8b 10 8b 45 f4  |...9E.u..E....E.|
00003850  8b 00 01 c2 8b 45 f0 89  10 8b 45 f0 89 45 f4 eb  |.....E....E..E..|
00003860  2b 8b 45 f0 8b 50 04 8b  45 f4 89 50 04 8b 45 f0  |+.E..P..E..P..E.|
00003870  8b 55 f4 89 50 04 eb 14  8b 15 2c a6 01 00 8b 45  |.U..P.....,....E|
00003880  f4 89 50 04 8b 45 f4 a3  2c a6 01 00 83 7d ec 00  |..P..E..,....}..|
00003890  74 31 8b 45 f4 8b 00 c1  e0 0c 89 c2 8b 45 f4 01  |t1.E.........E..|
000038a0  d0 39 45 ec 75 1d 8b 45  ec 8b 50 04 8b 45 f4 89  |.9E.u..E..P..E..|
000038b0  50 04 8b 45 f4 8b 10 8b  45 ec 8b 00 01 c2 8b 45  |P..E....E......E|
000038c0  f4 89 10 8b 15 34 a6 01  00 8b 45 0c 01 d0 a3 34  |.....4....E....4|
000038d0  a6 01 00 eb 01 90 c9 c3  55 89 e5 83 ec 18 83 ec  |........U.......|
000038e0  0c 6a 01 e8 94 fd ff ff  83 c4 10 89 45 ec 83 7d  |.j..........E..}|
000038f0  ec 00 75 39 83 ec 08 68  a8 75 01 00 68 e1 02 00  |..u9...h.u..h...|
00003900  00 68 99 74 01 00 68 ec  75 01 00 68 a8 74 01 00  |.h.t..h.u..h.t..|
00003910  68 20 a4 01 00 e8 e0 3e  00 00 83 c4 20 83 ec 0c  |h .....>.... ...|
00003920  68 20 a4 01 00 e8 97 39  00 00 83 c4 10 8b 45 ec  |h .....9......E.|
00003930  89 45 f4 c7 45 f0 00 00  00 00 eb 26 83 ec 0c ff  |.E..E......&....|
00003940  75 f4 e8 f2 00 00 00 83  c4 10 81 45 f4 00 04 00  |u..........E....|
00003950  00 a1 38 a6 01 00 83 c0  01 a3 38 a6 01 00 83 45  |..8.......8....E|
00003960  f0 01 83 7d f0 03 7e d4  90 90 c9 c3 55 89 e5 83  |...}..~.....U...|
00003970  ec 18 a1 3c a6 01 00 85  c0 75 39 83 ec 08 68 99  |...<.....u9...h.|
00003980  75 01 00 68 f7 02 00 00  68 99 74 01 00 68 fc 75  |u..h....h.t..h.u|
00003990  01 00 68 a8 74 01 00 68  20 a4 01 00 e8 59 3e 00  |..h.t..h ....Y>.|
000039a0  00 83 c4 20 83 ec 0c 68  20 a4 01 00 e8 10 39 00  |... ...h .....9.|
000039b0  00 83 c4 10 a1 30 a6 01  00 85 c0 75 05 e8 16 ff  |.....0.....u....|
000039c0  ff ff a1 30 a6 01 00 89  45 f4 83 7d f4 00 75 39  |...0....E..}..u9|
000039d0  83 ec 08 68 ad 75 01 00  68 04 03 00 00 68 99 74  |...h.u..h....h.t|
000039e0  01 00 68 fc 75 01 00 68  a8 74 01 00 68 20 a4 01  |..h.u..h.t..h ..|
000039f0  00 e8 04 3e 00 00 83 c4  20 83 ec 0c 68 20 a4 01  |...>.... ...h ..|
00003a00  00 e8 bb 38 00 00 83 c4  10 a1 38 a6 01 00 83 e8  |...8......8.....|
00003a10  01 a3 38 a6 01 00 8b 45  f4 8b 40 04 a3 30 a6 01  |..8....E..@..0..|
00003a20  00 83 ec 08 68 00 04 00  00 ff 75 f4 e8 fd 3c 00  |....h.....u...<.|
00003a30  00 83 c4 10 8b 45 f4 c9  c3 55 89 e5 83 ec 18 8b  |.....E...U......|
00003a40  45 08 89 45 f4 a1 3c a6  01 00 85 c0 75 39 83 ec  |E..E..<.....u9..|
00003a50  08 68 99 75 01 00 68 22  03 00 00 68 99 74 01 00  |.h.u..h"...h.t..|
00003a60  68 0c 76 01 00 68 a8 74  01 00 68 20 a4 01 00 e8  |h.v..h.t..h ....|
00003a70  86 3d 00 00 83 c4 20 83  ec 0c 68 20 a4 01 00 e8  |.=.... ...h ....|
00003a80  3d 38 00 00 83 c4 10 8b  45 f4 c7 00 00 04 00 00  |=8......E.......|
00003a90  8b 15 30 a6 01 00 8b 45  f4 89 50 04 8b 45 f4 a3  |..0....E..P..E..|
00003aa0  30 a6 01 00 a1 38 a6 01  00 83 c0 01 a3 38 a6 01  |0....8.......8..|
00003ab0  00 90 c9 c3 55 89 e5 83  ec 18 83 7d 08 00 75 36  |....U......}..u6|
00003ac0  83 ec 08 68 1c 76 01 00  6a 23 68 29 76 01 00 68  |...h.v..j#h)v..h|
00003ad0  68 76 01 00 68 38 76 01  00 68 20 a4 01 00 e8 17  |hv..h8v..h .....|
00003ae0  3d 00 00 83 c4 20 83 ec  0c 68 20 a4 01 00 e8 ce  |=.... ...h .....|
00003af0  37 00 00 83 c4 10 83 7d  0c 00 75 36 83 ec 08 68  |7......}..u6...h|
00003b00  59 76 01 00 6a 24 68 29  76 01 00 68 68 76 01 00  |Yv..j$h)v..hhv..|
00003b10  68 38 76 01 00 68 20 a4  01 00 e8 db 3c 00 00 83  |h8v..h .....<...|
00003b20  c4 20 83 ec 0c 68 20 a4  01 00 e8 92 37 00 00 83  |. ...h .....7...|
00003b30  c4 10 8b 45 0c 89 45 f4  8b 45 08 8b 10 8b 45 f4  |...E..E..E....E.|
00003b40  89 10 8b 45 08 8b 55 f4  89 10 90 c9 c3 55 89 e5  |...E..U......U..|
00003b50  83 ec 18 83 7d 08 00 75  36 83 ec 08 68 1c 76 01  |....}..u6...h.v.|
00003b60  00 6a 36 68 29 76 01 00  68 74 76 01 00 68 38 76  |.j6h)v..htv..h8v|
00003b70  01 00 68 20 a4 01 00 e8  7e 3c 00 00 83 c4 20 83  |..h ....~<.... .|
00003b80  ec 0c 68 20 a4 01 00 e8  35 37 00 00 83 c4 10 8b  |..h ....57......|
00003b90  45 08 8b 00 89 45 f4 83  7d f4 00 74 13 8b 45 f4  |E....E..}..t..E.|
00003ba0  8b 10 8b 45 08 89 10 8b  45 f4 c7 00 00 00 00 00  |...E....E.......|
00003bb0  8b 45 f4 c9 c3 55 89 e5  83 ec 10 8b 45 08 2d 60  |.E...U......E.-`|
00003bc0  a6 01 00 c1 f8 05 89 45  fc 83 7d fc 00 78 06 83  |.......E..}..x..|
00003bd0  7d fc 18 7e 07 b8 ff ff  ff ff eb 03 8b 45 fc c9  |}..~.........E..|
00003be0  c3 55 89 e5 83 ec 10 8b  45 08 8b 40 0c 89 45 fc  |.U......E..@..E.|
00003bf0  8b 45 0c 8b 40 0c 89 45  f8 8b 45 fc 3b 45 f8 73  |.E..@..E..E.;E.s|
00003c00  07 b8 ff ff ff ff eb 14  8b 45 fc 3b 45 f8 75 07  |.........E.;E.u.|
00003c10  b8 00 00 00 00 eb 05 b8  01 00 00 00 c9 c3 55 89  |..............U.|
00003c20  e5 57 56 53 83 ec 2c 8b  5d 08 c6 45 e7 00 8b 43  |.WVS..,.]..E...C|
00003c30  40 83 f8 10 75 27 8b 03  83 f8 20 75 20 8b 43 04  |@...u'.... u .C.|
00003c40  83 f8 18 75 18 8b 43 08  83 f8 18 75 10 8b 43 0c  |...u..C....u..C.|
00003c50  83 f8 18 75 08 8b 43 10  83 f8 18 74 30 c6 45 e7  |...u..C....t0.E.|
00003c60  01 8b 43 04 89 45 d4 8b  7b 08 8b 73 0c 8b 4b 10  |..C..E..{..s..K.|
00003c70  8b 13 8b 43 40 83 ec 04  ff 75 d4 57 56 51 52 50  |...C@....u.WVQRP|
00003c80  68 b0 76 01 00 e8 7d ea  ff ff 83 c4 20 8b 43 20  |h.v...}..... .C |
00003c90  85 c0 74 14 8b 43 20 3d  ff ff 0f 00 76 39 8b 43  |..t..C =....v9.C|
00003ca0  20 3d 00 00 20 00 77 2f  8b 43 1c 85 c0 74 14 8b  | =.. .w/.C...t..|
00003cb0  43 1c 3d ff ff 0f 00 76  1e 8b 43 1c 3d 00 00 20  |C.=....v..C.=.. |
00003cc0  00 77 14 8b 43 3c 3d ff  ff 00 00 76 0a 8b 43 3c  |.w..C<=....v..C<|
00003cd0  3d 00 00 04 00 76 1d c6  45 e7 01 8b 4b 3c 8b 53  |=....v..E...K<.S|
00003ce0  1c 8b 43 20 51 52 50 68  ec 76 01 00 e8 16 ea ff  |..C QRPh.v......|
00003cf0  ff 83 c4 10 80 7d e7 00  74 3e a1 5c a6 01 00 85  |.....}..t>.\....|
00003d00  c0 74 25 a1 5c a6 01 00  83 ec 04 6a 01 50 68 10  |.t%.\......j.Ph.|
00003d10  77 01 00 e8 92 01 00 00  83 c4 10 83 ec 0c 6a 0a  |w.............j.|
00003d20  e8 e7 e1 ff ff 83 c4 10  83 ec 0c 68 90 01 00 00  |...........h....|
00003d30  e8 60 35 00 00 83 c4 10  90 8d 65 f4 5b 5e 5f 5d  |.`5.......e.[^_]|
00003d40  c3 55 89 e5 57 56 53 83  ec 1c 8b 5d 0c 83 7d 08  |.U..WVS....]..}.|
00003d50  00 74 0e 83 ec 0c ff 75  08 e8 31 e3 ff ff 83 c4  |.t.....u..1.....|
00003d60  10 89 d8 83 ec 08 50 68  20 77 01 00 e8 96 e9 ff  |......Ph w......|
00003d70  ff 83 c4 10 85 db 75 15  83 ec 0c 68 2a 77 01 00  |......u....h*w..|
00003d80  e8 0a e3 ff ff 83 c4 10  e9 9e 00 00 00 8b 43 40  |..............C@|
00003d90  0f b6 c0 89 45 e4 8b 43  10 0f b6 f8 8b 43 0c 0f  |....E..C.....C..|
00003da0  b6 f0 8b 43 08 0f b6 c8  8b 43 04 0f b6 d0 8b 03  |...C.....C......|
00003db0  0f b6 c0 83 ec 04 ff 75  e4 57 56 51 52 50 68 34  |.......u.WVQRPh4|
00003dc0  77 01 00 e8 3f e9 ff ff  83 c4 20 8b 73 20 8b 4b  |w...?..... .s .K|
00003dd0  1c 8b 53 18 8b 43 14 83  ec 0c 56 51 52 50 68 68  |..S..C....VQRPhh|
00003de0  77 01 00 e8 1f e9 ff ff  83 c4 20 8b 73 30 8b 4b  |w......... .s0.K|
00003df0  2c 8b 53 28 8b 43 24 83  ec 0c 56 51 52 50 68 90  |,.S(.C$...VQRPh.|
00003e00  77 01 00 e8 ff e8 ff ff  83 c4 20 8b 73 44 8b 4b  |w......... .sD.K|
00003e10  3c 8b 53 38 8b 43 34 83  ec 0c 56 51 52 50 68 b8  |<.S8.C4...VQRPh.|
00003e20  77 01 00 e8 df e8 ff ff  83 c4 20 8d 65 f4 5b 5e  |w......... .e.[^|
00003e30  5f 5d c3 55 89 e5 53 83  ec 14 83 7d 08 00 74 0e  |_].U..S....}..t.|
00003e40  83 ec 0c ff 75 08 e8 44  e2 ff ff 83 c4 10 c7 45  |....u..D.......E|
00003e50  f4 00 00 00 00 bb 60 a6  01 00 c7 45 f0 00 00 00  |......`....E....|
00003e60  00 eb 3a 0f b6 43 18 84  c0 74 2b 83 45 f4 01 8b  |..:..C...t+.E...|
00003e70  43 14 83 ec 04 50 ff 75  f4 68 df 77 01 00 e8 84  |C....P.u.h.w....|
00003e80  e8 ff ff 83 c4 10 8b 03  83 ec 08 50 6a 00 e8 ae  |...........Pj...|
00003e90  fe ff ff 83 c4 10 83 45  f0 01 83 c3 20 83 7d f0  |.......E.... .}.|
00003ea0  18 7e c0 90 90 8b 5d fc  c9 c3 55 89 e5 53 83 ec  |.~....]...U..S..|
00003eb0  24 8b 5d 0c 8b 45 10 88  45 e4 83 7d 08 00 74 0e  |$.]..E..E..}..t.|
00003ec0  83 ec 0c ff 75 08 e8 c4  e1 ff ff 83 c4 10 89 d8  |....u...........|
00003ed0  83 ec 08 50 68 e9 77 01  00 e8 29 e8 ff ff 83 c4  |...Ph.w...).....|
00003ee0  10 85 db 75 15 83 ec 0c  68 2a 77 01 00 e8 9d e1  |...u....h*w.....|
00003ef0  ff ff 83 c4 10 e9 30 01  00 00 0f b6 43 18 3c 07  |......0.....C.<.|
00003f00  77 12 0f b6 43 18 0f b6  c0 c1 e0 02 8d 90 80 76  |w...C..........v|
00003f10  01 00 eb 05 ba f2 77 01  00 8b 43 14 83 ec 04 52  |......w...C....R|
00003f20  50 68 f6 77 01 00 e8 dc  e7 ff ff 83 c4 10 80 7d  |Ph.w...........}|
00003f30  e4 00 0f 84 f1 00 00 00  0f b6 43 19 3c 02 77 15  |..........C.<.w.|
00003f40  0f b6 43 19 0f b6 d0 89  d0 c1 e0 02 01 d0 05 a0  |..C.............|
00003f50  76 01 00 eb 05 b8 f2 77  01 00 83 ec 08 50 68 fd  |v......w.....Ph.|
00003f60  77 01 00 e8 9f e7 ff ff  83 c4 10 8b 53 0c 8b 43  |w...........S..C|
00003f70  10 83 ec 04 52 50 68 06  78 01 00 e8 87 e7 ff ff  |....RPh.x.......|
00003f80  83 c4 10 8b 43 08 83 ec  08 50 68 19 78 01 00 e8  |....C....Ph.x...|
00003f90  73 e7 ff ff 83 c4 10 8b  43 08 85 c0 74 17 8b 43  |s.......C...t..C|
00003fa0  08 8b 40 14 83 ec 08 50  68 26 78 01 00 e8 55 e7  |..@....Ph&x...U.|
00003fb0  ff ff 83 c4 10 8b 43 04  89 c2 8b 03 83 ec 04 52  |......C........R|
00003fc0  50 68 2c 78 01 00 e8 3c  e7 ff ff 83 c4 10 83 ec  |Ph,x...<........|
00003fd0  0c 68 43 78 01 00 e8 2c  e7 ff ff 83 c4 10 c7 45  |.hCx...,.......E|
00003fe0  f4 00 00 00 00 eb 2b 83  ec 0c 6a 20 e8 1b df ff  |......+...j ....|
00003ff0  ff 83 c4 10 8b 45 f4 01  d8 83 c0 1b 0f b6 00 0f  |.....E..........|
00004000  b6 c0 83 ec 0c 50 e8 92  31 00 00 83 c4 10 83 45  |.....P..1......E|
00004010  f4 01 8b 45 f4 83 f8 04  76 cd 83 ec 0c 6a 0a e8  |...E....v....j..|
00004020  e8 de ff ff 83 c4 10 eb  01 90 8b 5d fc c9 c3 55  |...........]...U|
00004030  89 e5 53 83 ec 24 8b 45  0c 88 45 e4 83 7d 08 00  |..S..$.E..E..}..|
00004040  74 0e 83 ec 0c ff 75 08  e8 42 e0 ff ff 83 c4 10  |t.....u..B......|
00004050  83 ec 0c 6a 20 e8 b2 de  ff ff 83 c4 10 c7 45 f4  |...j .........E.|
00004060  00 00 00 00 c7 45 f0 00  00 00 00 bb 60 a6 01 00  |.....E......`...|
00004070  c7 45 ec 00 00 00 00 eb  58 0f b6 43 18 84 c0 75  |.E......X..C...u|
00004080  06 83 45 f0 01 eb 43 83  45 f4 01 80 7d e4 00 75  |..E...C.E...}..u|
00004090  13 83 7d f4 00 74 0d 83  ec 0c 6a 2c e8 6b de ff  |..}..t....j,.k..|
000040a0  ff 83 c4 10 83 ec 08 ff  75 ec 68 49 78 01 00 e8  |........u.hIx...|
000040b0  53 e6 ff ff 83 c4 10 0f  b6 45 e4 83 ec 04 50 53  |S........E....PS|
000040c0  6a 00 e8 e3 fd ff ff 83  c4 10 83 45 ec 01 83 c3  |j..........E....|
000040d0  20 83 7d ec 18 7e a2 80  7d e4 00 75 0d 83 ec 0c  | .}..~..}..u....|
000040e0  6a 0a e8 25 de ff ff 83  c4 10 8b 55 f4 8b 45 f0  |j..%.......U..E.|
000040f0  01 d0 83 f8 19 74 21 8b  55 f4 8b 45 f0 01 d0 83  |.....t!.U..E....|
00004100  ec 0c 50 ff 75 f0 ff 75  f4 6a 19 68 50 78 01 00  |..P.u..u.j.hPx..|
00004110  e8 f2 e5 ff ff 83 c4 20  90 8b 5d fc c9 c3 55 89  |....... ..]...U.|
00004120  e5 83 ec 38 b9 00 00 00  00 b8 20 00 00 00 83 e0  |...8...... .....|
00004130  fc 89 c2 b8 00 00 00 00  89 4c 05 cc 83 c0 04 39  |.........L.....9|
00004140  d0 72 f5 c7 45 f4 00 00  00 00 c7 45 f0 00 00 00  |.r..E......E....|
00004150  00 c7 45 ec 60 a6 01 00  eb 2e 8b 45 ec 0f b6 40  |..E.`......E...@|
00004160  18 3c 07 76 06 83 45 f4  01 eb 15 8b 45 ec 0f b6  |.<.v..E.....E...|
00004170  40 18 0f b6 c0 8b 54 85  cc 83 c2 01 89 54 85 cc  |@.....T......T..|
00004180  83 45 f0 01 83 45 ec 20  83 7d f0 18 7e cc 83 7d  |.E...E. .}..~..}|
00004190  08 00 74 19 83 ec 04 6a  20 8d 45 cc 50 ff 75 08  |..t....j .E.P.u.|
000041a0  e8 ad 35 00 00 83 c4 10  8b 45 f4 eb 66 83 ec 08  |..5......E..f...|
000041b0  ff 75 f4 68 7b 78 01 00  e8 4a e5 ff ff 83 c4 10  |.u.h{x...J......|
000041c0  c7 45 f0 00 00 00 00 eb  34 8b 45 f0 8b 44 85 cc  |.E......4.E..D..|
000041d0  85 c0 74 25 8b 45 f0 c1  e0 02 8d 90 80 76 01 00  |..t%.E.......v..|
000041e0  8b 45 f0 8b 44 85 cc 83  ec 04 52 50 68 8a 78 01  |.E..D.....RPh.x.|
000041f0  00 e8 11 e5 ff ff 83 c4  10 83 45 f0 01 83 7d f0  |..........E...}.|
00004200  07 7e c6 83 ec 0c 6a 0a  e8 ff dc ff ff 83 c4 10  |.~....j.........|
00004210  8b 45 f4 c9 c3 55 89 e5  83 ec 08 83 ec 0c 68 91  |.E...U........h.|
00004220  78 01 00 e8 67 de ff ff  83 c4 10 83 ec 08 68 20  |x...g.........h |
00004230  03 00 00 68 60 a6 01 00  e8 f1 34 00 00 83 c4 10  |...h`.....4.....|
00004240  83 ec 0c 6a 00 e8 26 09  00 00 83 c4 10 a3 40 a6  |...j..&.......@.|
00004250  01 00 a1 40 a6 01 00 85  c0 75 39 83 ec 08 68 98  |...@.....u9...h.|
00004260  78 01 00 68 aa 01 00 00  68 c5 78 01 00 68 04 7b  |x..h....h.x..h.{|
00004270  01 00 68 d4 78 01 00 68  20 a4 01 00 e8 79 35 00  |..h.x..h ....y5.|
00004280  00 83 c4 20 83 ec 0c 68  20 a4 01 00 e8 30 30 00  |... ...h ....00.|
00004290  00 83 c4 10 83 ec 0c 6a  00 e8 d2 08 00 00 83 c4  |.......j........|
000042a0  10 a3 44 a6 01 00 a1 44  a6 01 00 85 c0 75 39 83  |..D....D.....u9.|
000042b0  ec 08 68 f8 78 01 00 68  ab 01 00 00 68 c5 78 01  |..h.x..h....h.x.|
000042c0  00 68 04 7b 01 00 68 d4  78 01 00 68 20 a4 01 00  |.h.{..h.x..h ...|
000042d0  e8 25 35 00 00 83 c4 20  83 ec 0c 68 20 a4 01 00  |.%5.... ...h ...|
000042e0  e8 dc 2f 00 00 83 c4 10  83 ec 0c 6a 00 e8 7e 08  |../........j..~.|
000042f0  00 00 83 c4 10 a3 48 a6  01 00 a1 48 a6 01 00 85  |......H....H....|
00004300  c0 75 39 83 ec 08 68 24  79 01 00 68 ac 01 00 00  |.u9...h$y..h....|
00004310  68 c5 78 01 00 68 04 7b  01 00 68 d4 78 01 00 68  |h.x..h.{..h.x..h|
00004320  20 a4 01 00 e8 d1 34 00  00 83 c4 20 83 ec 0c 68  | .....4.... ...h|
00004330  20 a4 01 00 e8 88 2f 00  00 83 c4 10 83 ec 0c 68  | ...../........h|
00004340  e1 2b 01 00 e8 27 08 00  00 83 c4 10 a3 4c a6 01  |.+...'.......L..|
00004350  00 a1 4c a6 01 00 85 c0  75 39 83 ec 08 68 50 79  |..L.....u9...hPy|
00004360  01 00 68 ad 01 00 00 68  c5 78 01 00 68 04 7b 01  |..h....h.x..h.{.|
00004370  00 68 d4 78 01 00 68 20  a4 01 00 e8 7a 34 00 00  |.h.x..h ....z4..|
00004380  83 c4 20 83 ec 0c 68 20  a4 01 00 e8 31 2f 00 00  |.. ...h ....1/..|
00004390  83 c4 10 83 ec 0c 6a 00  e8 d3 07 00 00 83 c4 10  |......j.........|
000043a0  a3 50 a6 01 00 a1 50 a6  01 00 85 c0 75 39 83 ec  |.P....P.....u9..|
000043b0  08 68 80 79 01 00 68 ae  01 00 00 68 c5 78 01 00  |.h.y..h....h.x..|
000043c0  68 04 7b 01 00 68 d4 78  01 00 68 20 a4 01 00 e8  |h.{..h.x..h ....|
000043d0  26 34 00 00 83 c4 20 83  ec 0c 68 20 a4 01 00 e8  |&4.... ...h ....|
000043e0  dd 2e 00 00 83 c4 10 83  ec 0c 6a 00 e8 7f 07 00  |..........j.....|
000043f0  00 83 c4 10 a3 54 a6 01  00 a1 54 a6 01 00 85 c0  |.....T....T.....|
00004400  75 39 83 ec 08 68 a4 79  01 00 68 af 01 00 00 68  |u9...h.y..h....h|
00004410  c5 78 01 00 68 04 7b 01  00 68 d4 78 01 00 68 20  |.x..h.{..h.x..h |
00004420  a4 01 00 e8 d2 33 00 00  83 c4 20 83 ec 0c 68 20  |.....3.... ...h |
00004430  a4 01 00 e8 89 2e 00 00  83 c4 10 83 ec 0c 6a 00  |..............j.|
00004440  e8 2b 07 00 00 83 c4 10  a3 58 a6 01 00 a1 58 a6  |.+.......X....X.|
00004450  01 00 85 c0 75 39 83 ec  08 68 c8 79 01 00 68 b0  |....u9...h.y..h.|
00004460  01 00 00 68 c5 78 01 00  68 04 7b 01 00 68 d4 78  |...h.x..h.{..h.x|
00004470  01 00 68 20 a4 01 00 e8  7e 33 00 00 83 c4 20 83  |..h ....~3.... .|
00004480  ec 0c 68 20 a4 01 00 e8  35 2e 00 00 83 c4 10 c7  |..h ....5.......|
00004490  05 5c a6 01 00 00 00 00  00 c7 05 84 a9 01 00 00  |.\..............|
000044a0  00 00 00 c7 05 80 a9 01  00 02 00 00 00 90 c9 c3  |................|
000044b0  55 89 e5 53 83 ec 04 83  7d 08 00 75 39 83 ec 08  |U..S....}..u9...|
000044c0  68 ec 79 01 00 68 c7 01  00 00 68 c5 78 01 00 68  |h.y..h....h.x..h|
000044d0  10 7b 01 00 68 f8 79 01  00 68 20 a4 01 00 e8 17  |.{..h.y..h .....|
000044e0  33 00 00 83 c4 20 83 ec  0c 68 20 a4 01 00 e8 ce  |3.... ...h .....|
000044f0  2d 00 00 83 c4 10 bb 60  a6 01 00 eb 17 0f b6 43  |-......`.......C|
00004500  18 84 c0 75 0c 8b 45 08  89 18 b8 00 00 00 00 eb  |...u..E.........|
00004510  10 83 c3 20 81 fb 80 a9  01 00 72 e1 b8 07 00 00  |... ......r.....|
00004520  00 8b 5d fc c9 c3 55 89  e5 83 ec 08 83 7d 08 00  |..]...U......}..|
00004530  75 39 83 ec 08 68 ec 79  01 00 68 e4 01 00 00 68  |u9...h.y..h....h|
00004540  c5 78 01 00 68 1c 7b 01  00 68 f8 79 01 00 68 20  |.x..h.{..h.y..h |
00004550  a4 01 00 e8 a2 32 00 00  83 c4 20 83 ec 0c 68 20  |.....2.... ...h |
00004560  a4 01 00 e8 59 2d 00 00  83 c4 10 8b 45 08 c6 40  |....Y-......E..@|
00004570  18 00 90 c9 c3 55 89 e5  53 83 ec 04 83 7d 08 01  |.....U..S....}..|
00004580  7f 39 83 ec 08 68 19 7a  01 00 68 f8 01 00 00 68  |.9...h.z..h....h|
00004590  c5 78 01 00 68 28 7b 01  00 68 f8 79 01 00 68 20  |.x..h({..h.y..h |
000045a0  a4 01 00 e8 52 32 00 00  83 c4 20 83 ec 0c 68 20  |....R2.... ...h |
000045b0  a4 01 00 e8 09 2d 00 00  83 c4 10 bb 60 a6 01 00  |.....-......`...|
000045c0  eb 17 8b 43 14 39 45 08  75 0c 0f b6 43 18 84 c0  |...C.9E.u...C...|
000045d0  74 04 89 d8 eb 10 83 c3  20 81 fb 80 a9 01 00 72  |t....... ......r|
000045e0  e1 b8 00 00 00 00 8b 5d  fc c9 c3 55 89 e5 56 53  |.......]...U..VS|
000045f0  8b 75 08 81 fe 60 a6 01  00 72 08 81 fe 80 a9 01  |.u...`...r......|
00004600  00 72 39 83 ec 08 68 30  7a 01 00 68 18 02 00 00  |.r9...h0z..h....|
00004610  68 c5 78 01 00 68 38 7b  01 00 68 f8 79 01 00 68  |h.x..h8{..h.y..h|
00004620  20 a4 01 00 e8 d1 31 00  00 83 c4 20 83 ec 0c 68  | .....1.... ...h|
00004630  20 a4 01 00 e8 88 2c 00  00 83 c4 10 bb 60 a6 01  | .....,......`..|
00004640  00 eb 1a 39 f3 74 13 8b  43 08 39 c6 75 0c 0f b6  |...9.t..C.9.u...|
00004650  43 18 84 c0 74 04 89 d8  eb 10 83 c3 20 81 fb 80  |C...t....... ...|
00004660  a9 01 00 72 de b8 00 00  00 00 8d 65 f8 5b 5e 5d  |...r.......e.[^]|
00004670  c3 55 89 e5 83 ec 08 8b  45 08 85 c0 74 56 c6 40  |.U......E...tV.@|
00004680  18 07 8b 15 50 a6 01 00  83 ec 08 50 52 e8 2d 06  |....P......PR.-.|
00004690  00 00 83 c4 10 85 c0 74  3c 83 ec 08 68 60 7a 01  |.......t<...h`z.|
000046a0  00 68 44 02 00 00 68 c5  78 01 00 68 4c 7b 01 00  |.hD...h.x..hL{..|
000046b0  68 d4 78 01 00 68 20 a4  01 00 e8 3b 31 00 00 83  |h.x..h ....;1...|
000046c0  c4 20 83 ec 0c 68 20 a4  01 00 e8 f2 2b 00 00 83  |. ...h .....+...|
000046d0  c4 10 eb 01 90 c9 c3 55  89 e5 83 ec 08 83 7d 08  |.......U......}.|
000046e0  00 74 36 8b 45 08 8b 40  04 85 c0 74 1c 8b 45 08  |.t6.E..@...t..E.|
000046f0  8b 40 04 83 ec 0c 50 e8  df 15 00 00 83 c4 10 8b  |.@....P.........|
00004700  45 08 c7 40 04 00 00 00  00 83 ec 0c ff 75 08 e8  |E..@.........u..|
00004710  12 fe ff ff 83 c4 10 eb  01 90 c9 c3 55 89 e5 83  |............U...|
00004720  ec 08 ff 75 08 e8 8b f4  ff ff 83 c4 04 85 c0 79  |...u...........y|
00004730  39 83 ec 08 68 84 7a 01  00 68 7d 02 00 00 68 c5  |9...h.z..h}...h.|
00004740  78 01 00 68 58 7b 01 00  68 f8 79 01 00 68 20 a4  |x..hX{..h.y..h .|
00004750  01 00 e8 a3 30 00 00 83  c4 20 83 ec 0c 68 20 a4  |....0.... ...h .|
00004760  01 00 e8 5a 2b 00 00 83  c4 10 8b 45 08 0f b6 40  |...Z+......E...@|
00004770  19 3c 02 76 39 83 ec 08  68 94 7a 01 00 68 80 02  |.<.v9...h.z..h..|
00004780  00 00 68 c5 78 01 00 68  58 7b 01 00 68 f8 79 01  |..h.x..hX{..h.y.|
00004790  00 68 20 a4 01 00 e8 5f  30 00 00 83 c4 20 83 ec  |.h ...._0.... ..|
000047a0  0c 68 20 a4 01 00 e8 16  2b 00 00 83 c4 10 8b 45  |.h .....+......E|
000047b0  08 0f b6 40 19 0f b6 c0  8b 04 85 40 a6 01 00 83  |...@.......@....|
000047c0  ec 08 ff 75 08 50 e8 f4  04 00 00 83 c4 10 85 c0  |...u.P..........|
000047d0  74 3b 83 ec 04 68 ca 7a  01 00 6a 00 68 84 02 00  |t;...h.z..j.h...|
000047e0  00 68 c5 78 01 00 68 58  7b 01 00 68 e4 7a 01 00  |.h.x..hX{..h.z..|
000047f0  68 20 a4 01 00 e8 00 30  00 00 83 c4 20 83 ec 0c  |h .....0.... ...|
00004800  68 20 a4 01 00 e8 b7 2a  00 00 83 c4 10 8b 45 08  |h .....*......E.|
00004810  c6 40 18 02 90 c9 c3 55  89 e5 83 ec 18 c7 45 f0  |.@.....U......E.|
00004820  00 00 00 00 c7 45 f4 00  00 00 00 eb 22 8b 45 f4  |.....E......".E.|
00004830  8b 04 85 40 a6 01 00 83  ec 08 8d 55 f0 52 50 e8  |...@.......U.RP.|
00004840  1d 07 00 00 83 c4 10 85  c0 74 0c 83 45 f4 01 83  |.........t..E...|
00004850  7d f4 02 7e d8 eb 01 90  8b 45 f0 85 c0 75 39 83  |}..~.....E...u9.|
00004860  ec 08 68 fa 7a 01 00 68  a4 02 00 00 68 c5 78 01  |..h.z..h....h.x.|
00004870  00 68 64 7b 01 00 68 d4  78 01 00 68 20 a4 01 00  |.hd{..h.x..h ...|
00004880  e8 75 2f 00 00 83 c4 20  83 ec 0c 68 20 a4 01 00  |.u/.... ...h ...|
00004890  e8 2c 2a 00 00 83 c4 10  8b 45 f0 a3 5c a6 01 00  |.,*......E..\...|
000048a0  a1 5c a6 01 00 c6 40 18  03 a1 5c a6 01 00 c6 40  |.\....@...\....@|
000048b0  1a 03 90 c9 c3 55 89 e5  83 ec 10 8b 45 08 2d c0  |.....U......E.-.|
000048c0  a9 01 00 c1 f8 04 89 45  fc 83 7d fc 00 78 06 83  |.......E..}..x..|
000048d0  7d fc 07 7e 07 b8 ff ff  ff ff eb 03 8b 45 fc c9  |}..~.........E..|
000048e0  c3 55 89 e5 83 ec 08 83  7d 08 00 75 36 83 ec 08  |.U......}..u6...|
000048f0  68 70 7b 01 00 6a 6f 68  7b 7b 01 00 68 14 7d 01  |hp{..joh{{..h.}.|
00004900  00 68 8c 7b 01 00 68 20  a4 01 00 e8 ea 2e 00 00  |.h.{..h ........|
00004910  83 c4 20 83 ec 0c 68 20  a4 01 00 e8 a1 29 00 00  |.. ...h .....)..|
00004920  83 c4 10 8b 15 a0 a9 01  00 8b 45 08 89 50 04 8b  |..........E..P..|
00004930  45 08 a3 a0 a9 01 00 90  c9 c3 55 89 e5 83 ec 18  |E.........U.....|
00004940  83 ec 0c 6a 01 e8 32 ed  ff ff 83 c4 10 89 45 f4  |...j..2.......E.|
00004950  83 7d f4 00 75 39 83 ec  08 68 ad 7b 01 00 68 81  |.}..u9...h.{..h.|
00004960  00 00 00 68 7b 7b 01 00  68 20 7d 01 00 68 bc 7b  |...h{{..h }..h.{|
00004970  01 00 68 20 a4 01 00 e8  7e 2e 00 00 83 c4 20 83  |..h ....~..... .|
00004980  ec 0c 68 20 a4 01 00 e8  35 29 00 00 83 c4 10 c7  |..h ....5)......|
00004990  45 f0 00 00 00 00 eb 16  83 ec 0c ff 75 f4 e8 3e  |E...........u..>|
000049a0  ff ff ff 83 c4 10 83 45  f0 01 83 45 f4 08 8b 45  |.......E...E...E|
000049b0  f0 3d ff 01 00 00 76 e0  90 90 c9 c3 55 89 e5 83  |.=....v.....U...|
000049c0  ec 18 a1 a0 a9 01 00 85  c0 75 15 e8 6a ff ff ff  |.........u..j...|
000049d0  a1 a0 a9 01 00 85 c0 75  07 b8 00 00 00 00 eb 26  |.......u.......&|
000049e0  a1 a0 a9 01 00 89 45 f4  8b 45 f4 8b 40 04 a3 a0  |......E..E..@...|
000049f0  a9 01 00 83 ec 08 6a 08  ff 75 f4 e8 2e 2d 00 00  |......j..u...-..|
00004a00  83 c4 10 8b 45 f4 c9 c3  55 89 e5 83 ec 18 83 7d  |....E...U......}|
00004a10  08 00 74 05 8b 45 08 eb  05 b8 df 7b 01 00 83 ec  |..t..E.....{....|
00004a20  08 50 68 e3 7b 01 00 e8  db dc ff ff 83 c4 10 83  |.Ph.{...........|
00004a30  7d 0c 00 75 15 83 ec 0c  68 e8 7b 01 00 e8 4d d6  |}..u....h.{...M.|
00004a40  ff ff 83 c4 10 e9 d3 00  00 00 8b 45 0c 8b 40 08  |...........E..@.|
00004a50  8b 55 0c 8b 52 04 89 d1  8b 55 0c 8b 12 50 51 52  |.U..R....U...PQR|
00004a60  68 f1 7b 01 00 e8 9d dc  ff ff 83 c4 10 8b 45 0c  |h.{...........E.|
00004a70  8b 40 0c 85 c0 74 19 8b  45 0c 8b 40 0c 83 ec 08  |.@...t..E..@....|
00004a80  50 68 0c 7c 01 00 e8 7c  dc ff ff 83 c4 10 eb 10  |Ph.|...|........|
00004a90  83 ec 0c 68 1b 7c 01 00  e8 f2 d5 ff ff 83 c4 10  |...h.|..........|
00004aa0  8b 45 0c 8b 40 08 85 c0  74 73 83 ec 0c 68 22 7c  |.E..@...ts...h"||
00004ab0  01 00 e8 d8 d5 ff ff 83  c4 10 8b 45 0c 8b 00 89  |...........E....|
00004ac0  45 f4 c7 45 f0 00 00 00  00 eb 23 8b 45 f4 8b 00  |E..E......#.E...|
00004ad0  83 ec 08 50 68 2a 7c 01  00 e8 29 dc ff ff 83 c4  |...Ph*|...).....|
00004ae0  10 83 45 f0 01 8b 45 f4  8b 40 04 89 45 f4 83 7d  |..E...E..@..E..}|
00004af0  f0 04 7f 06 83 7d f4 00  75 d1 83 7d f4 00 74 10  |.....}..u..}..t.|
00004b00  83 ec 0c 68 32 7c 01 00  e8 82 d5 ff ff 83 c4 10  |...h2|..........|
00004b10  83 ec 0c 6a 0a e8 f2 d3  ff ff 83 c4 10 c9 c3 55  |...j...........U|
00004b20  89 e5 83 ec 08 83 ec 0c  68 37 7c 01 00 e8 5d d5  |........h7|...].|
00004b30  ff ff 83 c4 10 83 ec 08  68 80 00 00 00 68 c0 a9  |........h....h..|
00004b40  01 00 e8 e7 2b 00 00 83  c4 10 83 ec 04 6a 01 6a  |....+........j.j|
00004b50  08 68 40 aa 01 00 e8 78  2c 00 00 83 c4 10 c7 05  |.h@....x,.......|
00004b60  a0 a9 01 00 00 00 00 00  e8 cd fd ff ff 90 c9 c3  |................|
00004b70  55 89 e5 83 ec 10 c7 45  fc 00 00 00 00 eb 13 8b  |U......E........|
00004b80  45 fc 05 40 aa 01 00 0f  b6 00 84 c0 75 0c 83 45  |E..@........u..E|
00004b90  fc 01 83 7d fc 07 7e e7  eb 01 90 83 7d fc 07 7e  |...}..~.....}..~|
00004ba0  07 b8 00 00 00 00 eb 44  8b 45 fc c1 e0 04 05 c0  |.......D.E......|
00004bb0  a9 01 00 89 45 f8 8b 45  fc 05 40 aa 01 00 c6 00  |....E..E..@.....|
00004bc0  00 8b 45 f8 c7 40 04 00  00 00 00 8b 45 f8 8b 50  |..E..@......E..P|
00004bd0  04 8b 45 f8 89 10 8b 45  f8 c7 40 08 00 00 00 00  |..E....E..@.....|
00004be0  8b 45 f8 8b 55 08 89 50  0c 8b 45 f8 c9 c3 55 89  |.E..U..P..E...U.|
00004bf0  e5 83 ec 18 ff 75 08 e8  b9 fc ff ff 83 c4 04 89  |.....u..........|
00004c00  45 f4 83 7d f4 00 79 10  83 ec 0c 68 3c 7c 01 00  |E..}..y....h<|..|
00004c10  e8 ac 26 00 00 83 c4 10  8b 45 f4 05 40 aa 01 00  |..&......E..@...|
00004c20  0f b6 00 84 c0 74 10 83  ec 0c 68 58 7c 01 00 e8  |.....t....hX|...|
00004c30  8d 26 00 00 83 c4 10 8b  45 f4 05 40 aa 01 00 c6  |.&......E..@....|
00004c40  00 01 8b 45 08 c7 40 04  00 00 00 00 8b 45 08 8b  |...E..@......E..|
00004c50  50 04 8b 45 08 89 10 8b  45 08 c7 40 0c 00 00 00  |P..E....E..@....|
00004c60  00 8b 45 08 c7 40 08 00  00 00 00 90 c9 c3 55 89  |..E..@........U.|
00004c70  e5 83 ec 18 ff 75 08 e8  39 fc ff ff 83 c4 04 89  |.....u..9.......|
00004c80  45 f4 83 7d f4 00 79 10  83 ec 0c 68 77 7c 01 00  |E..}..y....hw|..|
00004c90  e8 2c 26 00 00 83 c4 10  8b 45 f4 05 40 aa 01 00  |.,&......E..@...|
00004ca0  0f b6 00 84 c0 74 10 83  ec 0c 68 93 7c 01 00 e8  |.....t....h.|...|
00004cb0  0d 26 00 00 83 c4 10 8b  45 08 8b 40 08 c9 c3 55  |.&......E..@...U|
00004cc0  89 e5 57 56 53 83 ec 1c  ff 75 08 e8 e5 fb ff ff  |..WVS....u......|
00004cd0  83 c4 04 85 c0 79 39 83  ec 08 68 b1 7c 01 00 68  |.....y9...h.|..h|
00004ce0  7c 01 00 00 68 7b 7b 01  00 68 30 7d 01 00 68 8c  ||...h{{..h0}..h.|
00004cf0  7b 01 00 68 20 a4 01 00  e8 fd 2a 00 00 83 c4 20  |{..h .....*.... |
00004d00  83 ec 0c 68 20 a4 01 00  e8 b4 25 00 00 83 c4 10  |...h .....%.....|
00004d10  e8 a7 fc ff ff 89 45 e4  83 7d e4 00 75 0a b8 08  |......E..}..u...|
00004d20  00 00 00 e9 6f 01 00 00  8b 45 e4 8b 55 0c 89 10  |....o....E..U...|
00004d30  8b 45 08 8b 40 08 85 c0  75 74 8b 45 08 8b 00 85  |.E..@...ut.E....|
00004d40  c0 75 0a 8b 45 08 8b 40  04 85 c0 74 39 83 ec 08  |.u..E..@...t9...|
00004d50  68 c0 7c 01 00 68 8c 01  00 00 68 7b 7b 01 00 68  |h.|..h....h{{..h|
00004d60  30 7d 01 00 68 8c 7b 01  00 68 20 a4 01 00 e8 87  |0}..h.{..h .....|
00004d70  2a 00 00 83 c4 20 83 ec  0c 68 20 a4 01 00 e8 3e  |*.... ...h ....>|
00004d80  25 00 00 83 c4 10 8b 45  08 8b 55 e4 89 50 04 8b  |%......E..U..P..|
00004d90  45 08 8b 50 04 8b 45 08  89 10 8b 45 08 c7 40 08  |E..P..E....E..@.|
00004da0  01 00 00 00 b8 00 00 00  00 e9 e9 00 00 00 8b 45  |...............E|
00004db0  08 8b 00 85 c0 74 0a 8b  45 08 8b 40 04 85 c0 75  |.....t..E..@...u|
00004dc0  39 83 ec 08 68 e4 7c 01  00 68 99 01 00 00 68 7b  |9...h.|..h....h{|
00004dd0  7b 01 00 68 30 7d 01 00  68 8c 7b 01 00 68 20 a4  |{..h0}..h.{..h .|
00004de0  01 00 e8 13 2a 00 00 83  c4 20 83 ec 0c 68 20 a4  |....*.... ...h .|
00004df0  01 00 e8 ca 24 00 00 83  c4 10 8b 45 08 8b 40 0c  |....$......E..@.|
00004e00  85 c0 75 2b 8b 45 08 8b  40 04 8b 55 e4 89 50 04  |..u+.E..@..U..P.|
00004e10  8b 45 08 8b 55 e4 89 50  04 8b 45 08 8b 40 08 8d  |.E..U..P..E..@..|
00004e20  50 01 8b 45 08 89 50 08  b8 00 00 00 00 eb 68 8b  |P..E..P.......h.|
00004e30  45 08 8b 78 0c be 00 00  00 00 8b 45 08 8b 18 eb  |E..x.......E....|
00004e40  05 89 de 8b 5b 04 85 db  74 12 8b 03 83 ec 08 50  |....[...t......P|
00004e50  ff 75 0c ff d7 83 c4 10  85 c0 79 e5 8b 45 e4 89  |.u........y..E..|
00004e60  58 04 85 f6 75 0a 8b 45  08 8b 55 e4 89 10 eb 13  |X...u..E..U.....|
00004e70  8b 45 e4 89 46 04 85 db  75 09 8b 45 08 8b 55 e4  |.E..F...u..E..U.|
00004e80  89 50 04 8b 45 08 8b 40  08 8d 50 01 8b 45 08 89  |.P..E..@..P..E..|
00004e90  50 08 b8 00 00 00 00 8d  65 f4 5b 5e 5f 5d c3 55  |P.......e.[^_].U|
00004ea0  89 e5 83 ec 08 83 7d 08  00 75 39 83 ec 08 68 07  |......}..u9...h.|
00004eb0  7d 01 00 68 fe 01 00 00  68 7b 7b 01 00 68 3c 7d  |}..h....h{{..h<}|
00004ec0  01 00 68 8c 7b 01 00 68  20 a4 01 00 e8 29 29 00  |..h.{..h ....)).|
00004ed0  00 83 c4 20 83 ec 0c 68  20 a4 01 00 e8 e0 23 00  |... ...h .....#.|
00004ee0  00 83 c4 10 83 7d 0c 00  75 07 b8 03 00 00 00 eb  |.....}..u.......|
00004ef0  6e 8b 45 08 8b 40 08 85  c0 75 07 b8 04 00 00 00  |n.E..@...u......|
00004f00  eb 5d 8b 45 08 8b 00 85  c0 74 0a 8b 45 08 8b 40  |.].E.....t..E..@|
00004f10  04 85 c0 75 39 83 ec 08  68 e4 7c 01 00 68 0b 02  |...u9...h.|..h..|
00004f20  00 00 68 7b 7b 01 00 68  3c 7d 01 00 68 8c 7b 01  |..h{{..h<}..h.{.|
00004f30  00 68 20 a4 01 00 e8 bf  28 00 00 83 c4 20 83 ec  |.h .....(.... ..|
00004f40  0c 68 20 a4 01 00 e8 76  23 00 00 83 c4 10 8b 45  |.h ....v#......E|
00004f50  08 8b 00 8b 10 8b 45 0c  89 10 b8 00 00 00 00 c9  |......E.........|
00004f60  c3 55 89 e5 83 ec 18 83  7d 08 00 75 39 83 ec 08  |.U......}..u9...|
00004f70  68 07 7d 01 00 68 21 02  00 00 68 7b 7b 01 00 68  |h.}..h!...h{{..h|
00004f80  48 7d 01 00 68 8c 7b 01  00 68 20 a4 01 00 e8 67  |H}..h.{..h ....g|
00004f90  28 00 00 83 c4 20 83 ec  0c 68 20 a4 01 00 e8 1e  |(.... ...h .....|
00004fa0  23 00 00 83 c4 10 83 7d  0c 00 75 0a b8 03 00 00  |#......}..u.....|
00004fb0  00 e9 b2 00 00 00 8b 45  08 8b 40 08 85 c0 75 0a  |.......E..@...u.|
00004fc0  b8 04 00 00 00 e9 9e 00  00 00 8b 45 08 8b 00 85  |...........E....|
00004fd0  c0 74 0a 8b 45 08 8b 40  04 85 c0 75 39 83 ec 08  |.t..E..@...u9...|
00004fe0  68 e4 7c 01 00 68 2e 02  00 00 68 7b 7b 01 00 68  |h.|..h....h{{..h|
00004ff0  48 7d 01 00 68 8c 7b 01  00 68 20 a4 01 00 e8 f7  |H}..h.{..h .....|
00005000  27 00 00 83 c4 20 83 ec  0c 68 20 a4 01 00 e8 ae  |'.... ...h .....|
00005010  22 00 00 83 c4 10 8b 45  08 8b 00 89 45 f4 8b 45  |"......E....E..E|
00005020  f4 8b 10 8b 45 0c 89 10  8b 45 f4 8b 50 04 8b 45  |....E....E..P..E|
00005030  08 89 10 8b 45 08 8b 00  85 c0 75 0a 8b 45 08 c7  |....E.....u..E..|
00005040  40 04 00 00 00 00 8b 45  08 8b 40 08 8d 50 ff 8b  |@......E..@..P..|
00005050  45 08 89 50 08 83 ec 0c  ff 75 f4 e8 81 f8 ff ff  |E..P.....u......|
00005060  83 c4 10 b8 00 00 00 00  c9 c3 55 89 e5 56 53 83  |..........U..VS.|
00005070  7d 08 00 75 39 83 ec 08  68 07 7d 01 00 68 59 02  |}..u9...h.}..hY.|
00005080  00 00 68 7b 7b 01 00 68  54 7d 01 00 68 8c 7b 01  |..h{{..hT}..h.{.|
00005090  00 68 20 a4 01 00 e8 5f  27 00 00 83 c4 20 83 ec  |.h ...._'.... ..|
000050a0  0c 68 20 a4 01 00 e8 16  22 00 00 83 c4 10 83 7d  |.h ....."......}|
000050b0  0c 00 75 0a b8 03 00 00  00 e9 c8 00 00 00 8b 45  |..u............E|
000050c0  08 8b 40 08 85 c0 75 0a  b8 04 00 00 00 e9 b4 00  |..@...u.........|
000050d0  00 00 8b 45 08 8b 00 85  c0 74 0a 8b 45 08 8b 40  |...E.....t..E..@|
000050e0  04 85 c0 75 39 83 ec 08  68 e4 7c 01 00 68 66 02  |...u9...h.|..hf.|
000050f0  00 00 68 7b 7b 01 00 68  54 7d 01 00 68 8c 7b 01  |..h{{..hT}..h.{.|
00005100  00 68 20 a4 01 00 e8 ef  26 00 00 83 c4 20 83 ec  |.h .....&.... ..|
00005110  0c 68 20 a4 01 00 e8 a6  21 00 00 83 c4 10 be 00  |.h .....!.......|
00005120  00 00 00 8b 45 08 8b 18  eb 05 89 de 8b 5b 04 85  |....E........[..|
00005130  db 74 07 8b 03 39 45 0c  75 f0 85 db 75 07 b8 05  |.t...9E.u...u...|
00005140  00 00 00 eb 41 85 f6 75  0a 8b 53 04 8b 45 08 89  |....A..u..S..E..|
00005150  10 eb 06 8b 43 04 89 46  04 8b 43 04 85 c0 75 06  |....C..F..C...u.|
00005160  8b 45 08 89 70 04 8b 45  08 8b 40 08 8d 50 ff 8b  |.E..p..E..@..P..|
00005170  45 08 89 50 08 83 ec 0c  53 e8 63 f7 ff ff 83 c4  |E..P....S.c.....|
00005180  10 b8 00 00 00 00 8d 65  f8 5b 5e 5d c3 55 89 e5  |.......e.[^].U..|
00005190  83 ec 58 c7 45 e4 fa 03  00 00 8b 45 e4 89 c2 ec  |..X.E......E....|
000051a0  88 45 e3 0f b6 45 e3 0f  b6 c0 83 e0 0f 89 45 f0  |.E...E........E.|
000051b0  83 7d f0 0c 0f 87 b8 02  00 00 8b 45 f0 c1 e0 02  |.}.........E....|
000051c0  05 54 7e 01 00 8b 00 ff  e0 c7 45 dc fd 03 00 00  |.T~.......E.....|
000051d0  8b 45 dc 89 c2 ec 88 45  db 0f b6 45 db 0f b6 c0  |.E.....E...E....|
000051e0  83 ec 08 50 68 64 7d 01  00 e8 19 d5 ff ff 83 c4  |...Phd}.........|
000051f0  10 e9 d9 02 00 00 c7 45  d4 f8 03 00 00 8b 45 d4  |.......E......E.|
00005200  89 c2 ec 88 45 d3 0f b6  45 d3 0f b6 c0 89 45 f4  |....E...E.....E.|
00005210  83 7d f4 0d 75 07 c7 45  f4 0a 00 00 00 a1 58 a6  |.}..u..E......X.|
00005220  01 00 83 ec 0c 50 e8 43  fa ff ff 83 c4 10 85 c0  |.....P.C........|
00005230  0f 8e f1 00 00 00 c7 45  ac 00 00 00 00 a1 58 a6  |.......E......X.|
00005240  01 00 83 ec 08 8d 55 ac  52 50 e8 12 fd ff ff 83  |......U.RP......|
00005250  c4 10 85 c0 74 39 83 ec  08 68 7c 7d 01 00 68 b0  |....t9...h|}..h.|
00005260  00 00 00 68 b3 7d 01 00  68 e4 7e 01 00 68 c0 7d  |...h.}..h.~..h.}|
00005270  01 00 68 20 a4 01 00 e8  7e 25 00 00 83 c4 20 83  |..h ....~%.... .|
00005280  ec 0c 68 20 a4 01 00 e8  35 20 00 00 83 c4 10 8b  |..h ....5 ......|
00005290  45 ac 85 c0 75 39 83 ec  08 68 e3 7d 01 00 68 b2  |E...u9...h.}..h.|
000052a0  00 00 00 68 b3 7d 01 00  68 e4 7e 01 00 68 c0 7d  |...h.}..h.~..h.}|
000052b0  01 00 68 20 a4 01 00 e8  3e 25 00 00 83 c4 20 83  |..h ....>%.... .|
000052c0  ec 0c 68 20 a4 01 00 e8  f5 1f 00 00 83 c4 10 8b  |..h ............|
000052d0  45 ac 8b 00 83 c0 50 8b  00 89 45 ec 8b 45 ac 8b  |E.....P...E..E..|
000052e0  00 83 c0 54 8b 00 89 45  e8 83 7d e8 00 74 18 8b  |...T...E..}..t..|
000052f0  45 f4 89 c2 8b 45 ec 88  10 8b 45 ac 8b 00 c7 40  |E....E....E....@|
00005300  30 01 00 00 00 eb 0c 8b  45 ac 8b 00 c7 40 30 00  |0.......E....@0.|
00005310  00 00 00 8b 45 ac 83 ec  0c 50 e8 fd f3 ff ff 83  |....E....P......|
00005320  c4 10 e9 a7 01 00 00 a1  88 ae 01 00 3d ff 03 00  |............=...|
00005330  00 0f 87 97 01 00 00 a1  80 ae 01 00 8d 50 01 89  |.............P..|
00005340  15 80 ae 01 00 8b 55 f4  88 10 a1 88 ae 01 00 83  |......U.........|
00005350  c0 01 a3 88 ae 01 00 e9  72 01 00 00 c7 45 cc f8  |........r....E..|
00005360  03 00 00 8b 45 cc 89 c2  ec 88 45 cb 0f b6 45 cb  |....E.....E...E.|
00005370  0f b6 c0 89 45 f4 83 ec  08 ff 75 f4 68 f0 7d 01  |....E.....u.h.}.|
00005380  00 e8 81 d3 ff ff 83 c4  10 e9 41 01 00 00 a1 ac  |..........A.....|
00005390  b2 01 00 85 c0 74 5e a1  a8 b2 01 00 85 c0 74 55  |.....t^.......tU|
000053a0  a1 a4 b2 01 00 0f b6 00  0f b6 c0 c7 45 c4 f8 03  |............E...|
000053b0  00 00 88 45 c3 0f b6 45  c3 8b 55 c4 ee 90 a1 a4  |...E...E..U.....|
000053c0  b2 01 00 83 c0 01 a3 a4  b2 01 00 a1 a4 b2 01 00  |................|
000053d0  ba a0 b2 01 00 39 d0 72  0a c7 05 a4 b2 01 00 a0  |.....9.r........|
000053e0  ae 01 00 a1 a8 b2 01 00  83 e8 01 a3 a8 b2 01 00  |................|
000053f0  e9 da 00 00 00 c7 05 a8  b2 01 00 00 00 00 00 c7  |................|
00005400  05 a4 b2 01 00 a0 ae 01  00 a1 a4 b2 01 00 a3 a0  |................|
00005410  b2 01 00 c7 05 ac b2 01  00 00 00 00 00 83 ec 0c  |................|
00005420  6a 01 e8 b0 02 00 00 83  c4 10 e9 a0 00 00 00 c7  |j...............|
00005430  45 bc 20 00 00 00 c6 45  bb 20 0f b6 45 bb 8b 55  |E. ....E. ..E..U|
00005440  bc ee 90 e9 8c 00 00 00  c7 45 b4 fe 03 00 00 8b  |.........E......|
00005450  45 b4 89 c2 ec 88 45 b3  0f b6 45 b3 0f b6 c0 83  |E.....E...E.....|
00005460  ec 08 50 68 11 7e 01 00  e8 9a d2 ff ff 83 c4 10  |..Ph.~..........|
00005470  eb 5d 8b 45 f0 0f b6 c0  83 ec 04 50 68 29 7e 01  |.].E.......Ph)~.|
00005480  00 68 20 a1 01 00 e8 6f  23 00 00 83 c4 10 83 ec  |.h ....o#.......|
00005490  04 68 20 a1 01 00 6a 00  68 0a 01 00 00 68 b3 7d  |.h ...j.h....h.}|
000054a0  01 00 68 e4 7e 01 00 68  3c 7e 01 00 68 20 a4 01  |..h.~..h<~..h ..|
000054b0  00 e8 44 23 00 00 83 c4  20 83 ec 0c 68 20 a4 01  |..D#.... ...h ..|
000054c0  00 e8 fb 1d 00 00 83 c4  10 e9 c5 fc ff ff 90 e9  |................|
000054d0  bf fc ff ff c9 c3 55 89  e5 83 ec 68 83 ec 0c 68  |......U....h...h|
000054e0  88 7e 01 00 e8 a6 cb ff  ff 83 c4 10 83 ec 08 68  |.~.............h|
000054f0  00 04 00 00 68 80 aa 01  00 e8 30 22 00 00 83 c4  |....h.....0"....|
00005500  10 c7 05 84 ae 01 00 80  aa 01 00 a1 84 ae 01 00  |................|
00005510  a3 80 ae 01 00 c7 05 88  ae 01 00 00 00 00 00 83  |................|
00005520  ec 08 68 00 04 00 00 68  a0 ae 01 00 e8 fd 21 00  |..h....h......!.|
00005530  00 83 c4 10 c7 05 a4 b2  01 00 a0 ae 01 00 a1 a4  |................|
00005540  b2 01 00 a3 a0 b2 01 00  c7 05 a8 b2 01 00 00 00  |................|
00005550  00 00 c7 05 ac b2 01 00  00 00 00 00 c7 45 a4 fa  |.............E..|
00005560  03 00 00 c6 45 a3 20 0f  b6 45 a3 8b 55 a4 ee 90  |....E. ..E..U...|
00005570  c7 45 ac fa 03 00 00 c6  45 ab 00 0f b6 45 ab 8b  |.E......E....E..|
00005580  55 ac ee 90 c7 45 b4 fa  03 00 00 c6 45 b3 01 0f  |U....E......E...|
00005590  b6 45 b3 8b 55 b4 ee 90  c7 45 bc fa 03 00 00 c6  |.E..U....E......|
000055a0  45 bb 03 0f b6 45 bb 8b  55 bc ee 90 c7 45 c4 fa  |E....E..U....E..|
000055b0  03 00 00 c6 45 c3 07 0f  b6 45 c3 8b 55 c4 ee 90  |....E....E..U...|
000055c0  c7 45 cc f9 03 00 00 c6  45 cb 00 0f b6 45 cb 8b  |.E......E....E..|
000055d0  55 cc ee 90 c6 05 b0 b2  01 00 00 c7 45 d4 fb 03  |U...........E...|
000055e0  00 00 c6 45 d3 80 0f b6  45 d3 8b 55 d4 ee 90 c7  |...E....E..U....|
000055f0  45 dc f8 03 00 00 c6 45  db 0c 0f b6 45 db 8b 55  |E......E....E..U|
00005600  dc ee 90 c7 45 e4 f9 03  00 00 c6 45 e3 00 0f b6  |....E......E....|
00005610  45 e3 8b 55 e4 ee 90 c7  45 ec fb 03 00 00 c6 45  |E..U....E......E|
00005620  eb 03 0f b6 45 eb 8b 55  ec ee 90 c7 45 f4 fc 03  |....E..U....E...|
00005630  00 00 c6 45 f3 0b 0f b6  45 f3 8b 55 f4 ee 90 83  |...E....E..U....|
00005640  ec 08 68 8d 41 01 00 6a  24 e8 54 0e 00 00 83 c4  |..h.A..j$.T.....|
00005650  10 c7 05 60 aa 01 00 01  00 00 00 90 c9 c3 55 89  |...`..........U.|
00005660  e5 83 ec 14 8b 45 08 88  45 ec 0f b6 05 b0 b2 01  |.....E..E.......|
00005670  00 88 45 ff 0f b6 45 ec  83 e0 01 85 c0 74 0f 0f  |..E...E......t..|
00005680  b6 05 b0 b2 01 00 83 c8  02 a2 b0 b2 01 00 0f b6  |................|
00005690  45 ec 83 e0 02 85 c0 74  0f 0f b6 05 b0 b2 01 00  |E......t........|
000056a0  83 c8 01 a2 b0 b2 01 00  0f b6 05 b0 b2 01 00 38  |...............8|
000056b0  45 ff 74 1d 0f b6 05 b0  b2 01 00 0f b6 c0 c7 45  |E.t............E|
000056c0  f8 f9 03 00 00 88 45 f7  0f b6 45 f7 8b 55 f8 ee  |......E...E..U..|
000056d0  90 0f b6 45 ff c9 c3 55  89 e5 83 ec 14 8b 45 08  |...E...U......E.|
000056e0  88 45 ec 0f b6 05 b0 b2  01 00 88 45 ff 0f b6 45  |.E.........E...E|
000056f0  ec 83 e0 01 85 c0 74 0f  0f b6 05 b0 b2 01 00 83  |......t.........|
00005700  e0 fd a2 b0 b2 01 00 0f  b6 45 ec 83 e0 02 85 c0  |.........E......|
00005710  74 0f 0f b6 05 b0 b2 01  00 83 e0 fe a2 b0 b2 01  |t...............|
00005720  00 0f b6 05 b0 b2 01 00  38 45 ff 74 1d 0f b6 05  |........8E.t....|
00005730  b0 b2 01 00 0f b6 c0 c7  45 f8 f9 03 00 00 88 45  |........E......E|
00005740  f7 0f b6 45 f7 8b 55 f8  ee 90 0f b6 45 ff c9 c3  |...E..U.....E...|
00005750  55 89 e5 83 ec 24 8b 45  08 88 45 dc 0f b6 45 dc  |U....$.E..E...E.|
00005760  83 e0 02 85 c0 74 69 c7  05 88 ae 01 00 00 00 00  |.....ti.........|
00005770  00 c7 05 84 ae 01 00 80  aa 01 00 a1 84 ae 01 00  |................|
00005780  a3 80 ae 01 00 c7 45 f8  fd 03 00 00 8b 45 f8 89  |......E......E..|
00005790  c2 ec 88 45 f7 0f b6 45  f7 88 45 ff eb 27 c7 45  |...E...E..E..'.E|
000057a0  e8 f8 03 00 00 8b 45 e8  89 c2 ec 88 45 e7 c7 45  |......E.....E..E|
000057b0  f0 fd 03 00 00 8b 45 f0  89 c2 ec 88 45 ef 0f b6  |......E.....E...|
000057c0  45 ef 88 45 ff 0f b6 45  ff 83 e0 01 85 c0 75 ce  |E..E...E......u.|
000057d0  0f b6 45 dc 83 e0 01 85  c0 74 28 c7 05 a8 b2 01  |..E......t(.....|
000057e0  00 00 00 00 00 c7 05 a4  b2 01 00 a0 ae 01 00 a1  |................|
000057f0  a4 b2 01 00 a3 a0 b2 01  00 c7 05 ac b2 01 00 00  |................|
00005800  00 00 00 90 c9 c3 55 89  e5 a1 88 ae 01 00 5d c3  |......U.......].|
00005810  55 89 e5 83 ec 10 c7 45  fc ff ff ff ff a1 88 ae  |U......E........|
00005820  01 00 85 c0 74 46 a1 84  ae 01 00 8d 50 01 89 15  |....tF......P...|
00005830  84 ae 01 00 0f b6 00 0f  be c0 25 ff 00 00 00 89  |..........%.....|
00005840  45 fc a1 88 ae 01 00 83  e8 01 a3 88 ae 01 00 a1  |E...............|
00005850  88 ae 01 00 85 c0 75 14  c7 05 84 ae 01 00 80 aa  |......u.........|
00005860  01 00 a1 84 ae 01 00 a3  80 ae 01 00 8b 45 fc c9  |.............E..|
00005870  c3 55 89 e5 83 ec 10 8b  45 08 89 45 fc c7 45 f8  |.U......E..E..E.|
00005880  00 00 00 00 a1 88 ae 01  00 85 c0 75 4c b8 00 00  |...........uL...|
00005890  00 00 eb 76 8b 15 84 ae  01 00 8d 42 01 a3 84 ae  |...v.......B....|
000058a0  01 00 8b 45 fc 8d 48 01  89 4d fc 0f b6 12 88 10  |...E..H..M......|
000058b0  a1 84 ae 01 00 ba 80 ae  01 00 39 d0 76 0a c7 05  |..........9.v...|
000058c0  84 ae 01 00 80 aa 01 00  a1 88 ae 01 00 83 e8 01  |................|
000058d0  a3 88 ae 01 00 83 45 f8  01 a1 88 ae 01 00 85 c0  |......E.........|
000058e0  74 08 8b 45 f8 3b 45 0c  7c aa a1 88 ae 01 00 85  |t..E.;E.|.......|
000058f0  c0 75 14 c7 05 84 ae 01  00 80 aa 01 00 a1 84 ae  |.u..............|
00005900  01 00 a3 80 ae 01 00 8b  45 f8 c9 c3 55 89 e5 83  |........E...U...|
00005910  ec 18 83 7d 08 0a 75 0d  83 ec 0c 6a 0d e8 ea ff  |...}..u....j....|
00005920  ff ff 83 c4 10 a1 ac b2  01 00 85 c0 74 22 a1 a0  |............t"..|
00005930  b2 01 00 8d 50 01 89 15  a0 b2 01 00 8b 55 08 88  |....P........U..|
00005940  10 a1 a8 b2 01 00 83 c0  01 a3 a8 b2 01 00 eb 30  |...............0|
00005950  c7 05 ac b2 01 00 01 00  00 00 8b 45 08 0f b6 c0  |...........E....|
00005960  c7 45 f4 f8 03 00 00 88  45 f3 0f b6 45 f3 8b 55  |.E......E...E..U|
00005970  f4 ee 90 83 ec 0c 6a 01  e8 e1 fc ff ff 83 c4 10  |......j.........|
00005980  c9 c3 55 89 e5 83 ec 18  8b 45 08 0f b6 00 0f be  |..U......E......|
00005990  c0 89 45 ec 8b 45 08 89  45 f4 c7 45 f0 00 00 00  |..E..E..E..E....|
000059a0  00 a1 ac b2 01 00 85 c0  75 4f 83 45 f4 01 83 45  |........uO.E...E|
000059b0  f0 01 eb 45 8b 55 f4 8d  42 01 89 45 f4 a1 a0 b2  |...E.U..B..E....|
000059c0  01 00 8d 48 01 89 0d a0  b2 01 00 0f b6 12 88 10  |...H............|
000059d0  a1 a0 b2 01 00 ba a0 b2  01 00 39 d0 72 0a c7 05  |..........9.r...|
000059e0  a0 b2 01 00 a0 ae 01 00  a1 a8 b2 01 00 83 c0 01  |................|
000059f0  a3 a8 b2 01 00 83 45 f0  01 8b 45 f0 3b 45 0c 7d  |......E...E.;E.}|
00005a00  0c a1 a8 b2 01 00 3d ff  03 00 00 76 a7 a1 ac b2  |......=....v....|
00005a10  01 00 85 c0 75 0e 83 ec  0c ff 75 ec e8 eb fe ff  |....u.....u.....|
00005a20  ff 83 c4 10 8b 45 f0 c9  c3 55 89 e5 83 ec 18 83  |.....E...U......|
00005a30  ec 0c ff 75 08 e8 6b 20  00 00 83 c4 10 89 45 f4  |...u..k ......E.|
00005a40  83 ec 08 ff 75 f4 ff 75  08 e8 34 ff ff ff 83 c4  |....u..u..4.....|
00005a50  10 8b 45 f4 c9 c3 55 89  e5 83 ec 18 66 c7 45 f6  |..E...U.....f.E.|
00005a60  78 00 8b 45 08 88 45 f6  83 ec 08 6a 01 8d 45 f6  |x..E..E....j..E.|
00005a70  50 e8 0c ff ff ff 83 c4  10 90 c9 c3 55 89 e5 57  |P...........U..W|
00005a80  56 53 83 ec 2c 8b 45 08  88 45 d4 8b 0d a8 b2 01  |VS..,.E..E......|
00005a90  00 8b 15 88 ae 01 00 0f  b6 05 b0 b2 01 00 0f b6  |................|
00005aa0  c0 83 e0 01 85 c0 74 07  bf 52 00 00 00 eb 05 bf  |......t..R......|
00005ab0  72 00 00 00 0f b6 05 b0  b2 01 00 0f b6 c0 83 e0  |r...............|
00005ac0  02 85 c0 74 07 be 54 00  00 00 eb 05 be 74 00 00  |...t..T......t..|
00005ad0  00 a1 ac b2 01 00 85 c0  74 07 bb 2a 00 00 00 eb  |........t..*....|
00005ae0  05 bb 2e 00 00 00 0f b6  05 b0 b2 01 00 0f b6 c0  |................|
00005af0  83 ec 0c 51 52 57 56 53  50 68 90 7e 01 00 6a 00  |...QRWVSPh.~..j.|
00005b00  6a 30 e8 e0 cb ff ff 83  c4 30 80 7d d4 00 0f 84  |j0.......0.}....|
00005b10  dc 00 00 00 a1 88 ae 01  00 85 c0 74 5c 83 ec 0c  |...........t\...|
00005b20  68 b3 7e 01 00 e8 65 c5  ff ff 83 c4 10 a1 84 ae  |h.~...e.........|
00005b30  01 00 89 45 e0 c7 45 e4  00 00 00 00 eb 1f 8b 45  |...E..E........E|
00005b40  e0 8d 50 01 89 55 e0 0f  b6 00 0f be c0 83 ec 0c  |..P..U..........|
00005b50  50 e8 47 16 00 00 83 c4  10 83 45 e4 01 8b 55 e4  |P.G.......E...U.|
00005b60  a1 88 ae 01 00 39 c2 72  d5 83 ec 0c 68 c6 7e 01  |.....9.r....h.~.|
00005b70  00 e8 19 c5 ff ff 83 c4  10 a1 a8 b2 01 00 85 c0  |................|
00005b80  74 6f 83 ec 0c 68 c9 7e  01 00 e8 00 c5 ff ff 83  |to...h.~........|
00005b90  c4 10 83 ec 0c 68 dd 7e  01 00 e8 f0 c4 ff ff 83  |.....h.~........|
00005ba0  c4 10 a1 a4 b2 01 00 89  45 e0 c7 45 e4 00 00 00  |........E..E....|
00005bb0  00 eb 1f 8b 45 e0 8d 50  01 89 55 e0 0f b6 00 0f  |....E..P..U.....|
00005bc0  be c0 83 ec 0c 50 e8 d2  15 00 00 83 c4 10 83 45  |.....P.........E|
00005bd0  e4 01 8b 55 e4 a1 a8 b2  01 00 39 c2 72 d5 83 ec  |...U......9.r...|
00005be0  0c 68 c6 7e 01 00 e8 a4  c4 ff ff 83 c4 10 eb 01  |.h.~............|
00005bf0  90 8d 65 f4 5b 5e 5f 5d  c3 55 89 e5 83 ec 08 83  |..e.[^_].U......|
00005c00  ec 0c 68 ec 7e 01 00 e8  83 c4 ff ff 83 c4 10 c7  |..h.~...........|
00005c10  05 bc b2 01 00 00 00 00  00 83 ec 0c 68 b4 b2 01  |............h...|
00005c20  00 e8 4f 00 00 00 83 c4  10 85 c0 74 36 83 ec 08  |..O........t6...|
00005c30  68 f4 7e 01 00 6a 75 68  14 7f 01 00 68 98 7f 01  |h.~..juh....h...|
00005c40  00 68 24 7f 01 00 68 20  a4 01 00 e8 aa 1b 00 00  |.h$...h ........|
00005c50  83 c4 20 83 ec 0c 68 20  a4 01 00 e8 61 16 00 00  |.. ...h ....a...|
00005c60  83 c4 10 a1 b4 b2 01 00  05 fc 1f 00 00 a3 b8 b2  |................|
00005c70  01 00 90 c9 c3 55 89 e5  83 ec 18 a1 bc b2 01 00  |.....U..........|
00005c80  85 c0 75 12 83 ec 0c 6a  02 e8 ee d9 ff ff 83 c4  |..u....j........|
00005c90  10 89 45 f4 eb 18 a1 bc  b2 01 00 89 45 f0 8b 45  |..E.........E..E|
00005ca0  f0 8b 00 a3 bc b2 01 00  8b 45 f0 89 45 f4 83 7d  |.........E..E..}|
00005cb0  f4 00 74 1b 83 ec 08 68  00 20 00 00 ff 75 f4 e8  |..t....h. ...u..|
00005cc0  6a 1a 00 00 83 c4 10 8b  45 08 8b 55 f4 89 10 83  |j.......E..U....|
00005cd0  7d f4 00 0f 94 c0 0f b6  c0 c9 c3 55 89 e5 83 ec  |}..........U....|
00005ce0  18 83 7d 08 00 75 39 83  ec 08 68 47 7f 01 00 68  |..}..u9...hG...h|
00005cf0  be 00 00 00 68 14 7f 01  00 68 a4 7f 01 00 68 54  |....h....h....hT|
00005d00  7f 01 00 68 20 a4 01 00  e8 ed 1a 00 00 83 c4 20  |...h .......... |
00005d10  83 ec 0c 68 20 a4 01 00  e8 a4 15 00 00 83 c4 10  |...h ...........|
00005d20  8b 45 08 89 45 f4 8b 15  bc b2 01 00 8b 45 f4 89  |.E..E........E..|
00005d30  10 8b 45 f4 a3 bc b2 01  00 90 c9 c3 55 89 e5 83  |..E.........U...|
00005d40  ec 28 c7 45 f4 01 00 00  00 83 ec 0c ff 75 10 e8  |.(.E.........u..|
00005d50  51 1d 00 00 83 c4 10 83  c0 01 89 45 f0 8b 45 f0  |Q..........E..E.|
00005d60  83 c0 03 83 e0 fc 89 45  f0 8b 45 f0 c1 e8 02 89  |.......E..E.....|
00005d70  45 ec 8b 45 ec 01 45 f4  83 45 f4 01 8b 45 08 05  |E..E..E..E...E..|
00005d80  00 20 00 00 89 45 e8 8b  45 f4 c1 e0 02 f7 d8 89  |. ...E..E.......|
00005d90  c2 8b 45 e8 01 d0 89 45  e4 8b 45 e4 83 e0 f0 89  |..E....E..E.....|
00005da0  45 e4 8b 45 e4 83 c0 04  89 c2 8b 45 e4 89 10 8b  |E..E.......E....|
00005db0  45 e4 83 c0 04 83 ec 04  ff 75 f0 ff 75 10 50 e8  |E........u..u.P.|
00005dc0  bc 19 00 00 83 c4 10 83  6d e4 04 a1 20 a6 01 00  |........m... ...|
00005dd0  8b 50 04 8b 45 e4 89 10  8b 45 e4 83 e8 48 89 45  |.P..E....E...H.E|
00005de0  e0 8b 45 e0 c7 40 44 02  02 00 00 8b 45 e0 8b 55  |..E..@D.....E..U|
00005df0  0c 89 50 3c 8b 45 e0 c7  40 40 10 00 00 00 8b 45  |..P<.E..@@.....E|
00005e00  e0 c7 00 20 00 00 00 8b  45 e0 c7 40 04 18 00 00  |... ....E..@....|
00005e10  00 8b 45 e0 8b 50 04 8b  45 e0 89 50 08 8b 45 e0  |..E..P..E..P..E.|
00005e20  8b 50 08 8b 45 e0 89 50  0c 8b 45 e0 8b 50 0c 8b  |.P..E..P..E..P..|
00005e30  45 e0 89 50 10 8b 45 e0  c9 c3 55 89 e5 57 56 53  |E..P..E...U..WVS|
00005e40  81 ec dc 00 00 00 c7 45  e4 00 08 00 00 c7 45 e0  |.......E......E.|
00005e50  00 00 00 00 8b 45 0c 89  45 dc 8b 45 0c 89 45 d8  |.....E..E..E..E.|
00005e60  c7 85 37 ff ff ff 30 31  32 33 c7 85 3b ff ff ff  |..7...0123..;...|
00005e70  34 35 36 37 c7 85 3f ff  ff ff 38 39 41 42 c7 85  |4567..?...89AB..|
00005e80  43 ff ff ff 43 44 45 46  c6 85 47 ff ff ff 00 83  |C...CDEF..G.....|
00005e90  7d 10 00 74 30 8b 45 10  89 45 e4 8b 45 e4 83 e0  |}..t0.E..E..E...|
00005ea0  03 85 c0 74 0c 8b 45 e4  83 c0 03 83 e0 fc 89 45  |...t..E........E|
00005eb0  e4 b8 00 08 00 00 2b 45  e4 c1 e0 02 01 45 d8 8b  |......+E.....E..|
00005ec0  45 d8 89 45 dc 83 ec 0c  68 75 7f 01 00 e8 bd c1  |E..E....hu......|
00005ed0  ff ff 83 c4 10 83 7d 08  00 74 15 83 ec 08 ff 75  |......}..t.....u|
00005ee0  08 68 7f 7f 01 00 e8 1c  c8 ff ff 83 c4 10 eb 10  |.h..............|
00005ef0  83 ec 0c 68 87 7f 01 00  e8 92 c1 ff ff 83 c4 10  |...h............|
00005f00  c6 45 90 00 e9 5e 01 00  00 8d 9d 60 ff ff ff 8d  |.E...^.....`....|
00005f10  bd 48 ff ff ff 8b 45 dc  89 45 c8 c7 45 d4 00 00  |.H....E..E..E...|
00005f20  00 00 e9 a5 00 00 00 8b  45 d8 8d 50 04 89 55 d8  |........E..P..U.|
00005f30  8b 00 89 85 24 ff ff ff  89 c6 89 d8 8d 58 01 c6  |....$........X..|
00005f40  00 20 89 d8 8d 58 01 c6  00 20 c7 45 d0 00 00 00  |. ...X... .E....|
00005f50  00 eb 24 89 f0 c1 e8 1c  89 45 c0 89 da 8d 5a 01  |..$......E....Z.|
00005f60  8d 8d 37 ff ff ff 8b 45  c0 01 c8 0f b6 00 88 02  |..7....E........|
00005f70  c1 e6 04 83 45 d0 01 83  7d d0 07 7e d6 8b b5 24  |....E...}..~...$|
00005f80  ff ff ff 89 f8 8d 78 01  c6 00 20 c7 45 cc 00 00  |......x... .E...|
00005f90  00 00 eb 2e 89 f0 c1 e8  18 89 45 c4 83 7d c4 1f  |..........E..}..|
00005fa0  76 0d 83 7d c4 7e 77 07  8b 45 c4 89 c2 eb 05 ba  |v..}.~w..E......|
00005fb0  2e 00 00 00 89 f8 8d 78  01 88 10 c1 e6 08 83 45  |.......x.......E|
00005fc0  cc 01 83 7d cc 03 7e cc  83 45 d4 01 83 7d d4 03  |...}..~..E...}..|
00005fd0  0f 8e 51 ff ff ff c6 03  00 c6 07 00 83 6d e4 04  |..Q..........m..|
00005fe0  83 45 dc 10 83 ec 08 8d  85 60 ff ff ff 50 8d 45  |.E.......`...P.E|
00005ff0  90 50 e8 78 1a 00 00 83  c4 10 85 c0 75 06 83 45  |.P.x........u..E|
00006000  e0 01 eb 63 83 7d e0 00  74 07 b8 2a 00 00 00 eb  |...c.}..t..*....|
00006010  05 b8 20 00 00 00 83 ec  04 50 ff 75 c8 68 8a 7f  |.. ......P.u.h..|
00006020  01 00 e8 e0 c6 ff ff 83  c4 10 c7 45 e0 00 00 00  |...........E....|
00006030  00 83 ec 04 8d 85 48 ff  ff ff 50 8d 85 60 ff ff  |......H...P..`..|
00006040  ff 50 68 91 7f 01 00 e8  bb c6 ff ff 83 c4 10 83  |.Ph.............|
00006050  ec 04 6a 30 8d 85 60 ff  ff ff 50 8d 45 90 50 e8  |..j0..`...P.E.P.|
00006060  ee 16 00 00 83 c4 10 83  7d e4 00 0f 85 98 fe ff  |........}.......|
00006070  ff 90 90 8d 65 f4 5b 5e  5f 5d c3 55 89 e5 83 ec  |....e.[^_].U....|
00006080  08 8b 45 08 83 ec 04 ff  75 0c 50 68 b0 7f 01 00  |..E.....u.Ph....|
00006090  e8 72 c6 ff ff 83 c4 10  83 ec 0c 68 d7 7f 01 00  |.r.........h....|
000060a0  e8 ce 03 00 00 83 c4 10  90 c9 c3 55 89 e5 83 ec  |...........U....|
000060b0  08 8b 45 08 83 ec 04 ff  75 0c 50 68 ec 7f 01 00  |..E.....u.Ph....|
000060c0  e8 42 c6 ff ff 83 c4 10  a1 5c a6 01 00 8b 00 8b  |.B.......\......|
000060d0  50 3c a1 5c a6 01 00 8b  00 8b 40 40 83 ec 04 52  |P<.\......@@...R|
000060e0  50 68 0c 80 01 00 e8 1c  c6 ff ff 83 c4 10 a1 5c  |Ph.............\|
000060f0  a6 01 00 83 ec 04 6a 01  50 68 27 80 01 00 e8 a7  |......j.Ph'.....|
00006100  dd ff ff 83 c4 10 a1 5c  a6 01 00 8b 00 83 ec 08  |.......\........|
00006110  50 68 2f 80 01 00 e8 26  dc ff ff 83 c4 10 83 ec  |Ph/....&........|
00006120  0c 68 37 80 01 00 e8 48  03 00 00 83 c4 10 90 c9  |.h7....H........|
00006130  c3 55 89 e5 83 ec 08 8b  45 08 83 ec 04 ff 75 0c  |.U......E.....u.|
00006140  50 68 4c 80 01 00 e8 bc  c5 ff ff 83 c4 10 83 7d  |PhL............}|
00006150  0c 00 74 16 8b 45 0c 83  ec 08 50 68 67 80 01 00  |..t..E....Phg...|
00006160  e8 a2 c5 ff ff 83 c4 10  eb 0d 83 ec 0c 6a 0a e8  |.............j..|
00006170  98 bd ff ff 83 c4 10 a1  5c a6 01 00 8b 00 8b 50  |........\......P|
00006180  3c a1 5c a6 01 00 8b 00  8b 40 40 83 ec 04 52 50  |<.\......@@...RP|
00006190  68 0c 80 01 00 e8 6d c5  ff ff 83 c4 10 a1 5c a6  |h.....m.......\.|
000061a0  01 00 83 ec 04 6a 01 50  68 27 80 01 00 e8 f8 dc  |.....j.Ph'......|
000061b0  ff ff 83 c4 10 a1 5c a6  01 00 8b 00 83 ec 08 50  |......\........P|
000061c0  68 2f 80 01 00 e8 77 db  ff ff 83 c4 10 83 ec 0c  |h/....w.........|
000061d0  68 81 80 01 00 e8 99 02  00 00 83 c4 10 90 c9 c3  |h...............|
000061e0  55 89 e5 83 ec 18 8b 45  08 83 ec 04 ff 75 0c 50  |U......E.....u.P|
000061f0  68 9c 80 01 00 e8 0d c5  ff ff 83 c4 10 83 7d 08  |h.............}.|
00006200  1f 7e 36 83 7d 08 2f 7f  30 83 7d 08 27 7e 14 c7  |.~6.}./.0.}.'~..|
00006210  45 f4 a0 00 00 00 c6 45  f3 20 0f b6 45 f3 8b 55  |E......E. ..E..U|
00006220  f4 ee 90 c7 45 ec 20 00  00 00 c6 45 eb 20 0f b6  |....E. ....E. ..|
00006230  45 eb 8b 55 ec ee 90 eb  11 83 ec 0c 68 c0 80 01  |E..U........h...|
00006240  00 e8 2d 02 00 00 83 c4  10 90 90 c9 c3 55 89 e5  |..-..........U..|
00006250  83 ec 28 8b 45 08 83 ec  04 ff 75 0c 50 68 e4 80  |..(.E.....u.Ph..|
00006260  01 00 e8 a0 c4 ff ff 83  c4 10 83 7d 08 1f 7e 36  |...........}..~6|
00006270  83 7d 08 2f 7f 30 83 7d  08 27 7e 14 c7 45 f4 a0  |.}./.0.}.'~..E..|
00006280  00 00 00 c6 45 f3 20 0f  b6 45 f3 8b 55 f4 ee 90  |....E. ..E..U...|
00006290  c7 45 ec 20 00 00 00 c6  45 eb 20 0f b6 45 eb 8b  |.E. ....E. ..E..|
000062a0  55 ec ee 90 eb 14 c7 45  e4 20 00 00 00 c6 45 e3  |U......E. ....E.|
000062b0  20 0f b6 45 e3 8b 55 e4  ee 90 90 c9 c3 55 89 e5  | ..E..U......U..|
000062c0  83 ec 50 c7 45 b4 20 00  00 00 c6 45 b3 11 0f b6  |..P.E. ....E....|
000062d0  45 b3 8b 55 b4 ee 90 c7  45 bc a0 00 00 00 c6 45  |E..U....E......E|
000062e0  bb 11 0f b6 45 bb 8b 55  bc ee 90 c7 45 c4 21 00  |....E..U....E.!.|
000062f0  00 00 c6 45 c3 20 0f b6  45 c3 8b 55 c4 ee 90 c7  |...E. ..E..U....|
00006300  45 cc a1 00 00 00 c6 45  cb 28 0f b6 45 cb 8b 55  |E......E.(..E..U|
00006310  cc ee 90 c7 45 d4 21 00  00 00 c6 45 d3 04 0f b6  |....E.!....E....|
00006320  45 d3 8b 55 d4 ee 90 c7  45 dc a1 00 00 00 c6 45  |E..U....E......E|
00006330  db 02 0f b6 45 db 8b 55  dc ee 90 c7 45 e4 21 00  |....E..U....E.!.|
00006340  00 00 c6 45 e3 01 0f b6  45 e3 8b 55 e4 ee 90 c7  |...E....E..U....|
00006350  45 ec a1 00 00 00 c6 45  eb 01 0f b6 45 eb 8b 55  |E......E....E..U|
00006360  ec ee 90 c7 45 f4 21 00  00 00 c6 45 f3 00 0f b6  |....E.!....E....|
00006370  45 f3 8b 55 f4 ee 90 c7  45 fc a1 00 00 00 c6 45  |E..U....E......E|
00006380  fb 00 0f b6 45 fb 8b 55  fc ee 90 90 c9 c3 55 89  |....E..U......U.|
00006390  e5 83 ec 10 8b 45 08 c1  e0 03 05 00 25 00 00 89  |.....E......%...|
000063a0  45 fc 8b 45 0c 89 c2 8b  45 fc 66 89 10 8b 45 fc  |E..E....E.f...E.|
000063b0  66 c7 40 02 10 00 8b 45  fc 66 c7 40 04 00 8e 8b  |f.@....E.f.@....|
000063c0  45 0c c1 e8 10 89 c2 8b  45 fc 66 89 50 06 90 c9  |E.......E.f.P...|
000063d0  c3 55 89 e5 83 ec 18 c7  45 f4 00 00 00 00 eb 2d  |.U......E......-|
000063e0  8b 45 f4 8b 04 85 00 90  01 00 50 ff 75 f4 e8 9b  |.E........P.u...|
000063f0  ff ff ff 83 c4 08 83 ec  08 68 7b 50 01 00 ff 75  |.........h{P...u|
00006400  f4 e8 9c 00 00 00 83 c4  10 83 45 f4 01 81 7d f4  |..........E...}.|
00006410  ff 00 00 00 7e ca 83 ec  08 68 e0 51 01 00 6a 21  |....~....h.Q..j!|
00006420  e8 7d 00 00 00 83 c4 10  83 ec 08 68 e0 51 01 00  |.}.........h.Q..|
00006430  6a 20 e8 6b 00 00 00 83  c4 10 83 ec 08 68 4d 52  |j .k.........hMR|
00006440  01 00 6a 27 e8 59 00 00  00 83 c4 10 83 ec 08 68  |..j'.Y.........h|
00006450  ab 50 01 00 6a 06 e8 47  00 00 00 83 c4 10 83 ec  |.P..j..G........|
00006460  08 68 31 51 01 00 6a 0d  e8 35 00 00 00 83 c4 10  |.h1Q..j..5......|
00006470  90 c9 c3 55 89 e5 83 ec  08 fa 83 ec 08 ff 75 08  |...U..........u.|
00006480  68 08 81 01 00 e8 7d c2  ff ff 83 c4 10 eb fe 55  |h.....}........U|
00006490  89 e5 83 ec 08 e8 37 ff  ff ff e8 1e fe ff ff 90  |......7.........|
000064a0  c9 c3 55 89 e5 83 ec 10  8b 45 08 8b 04 85 c0 b2  |..U......E......|
000064b0  01 00 89 45 fc 8b 45 08  8b 55 0c 89 14 85 c0 b2  |...E..E..U......|
000064c0  01 00 8b 45 fc c9 c3 55  89 e5 83 ec 18 83 7d 08  |...E...U......}.|
000064d0  00 75 36 83 ec 08 68 20  81 01 00 6a 59 68 2f 81  |.u6...h ...jYh/.|
000064e0  01 00 68 fc 82 01 00 68  44 81 01 00 68 20 a4 01  |..h....hD...h ..|
000064f0  00 e8 04 13 00 00 83 c4  20 83 ec 0c 68 20 a4 01  |........ ...h ..|
00006500  00 e8 bb 0d 00 00 83 c4  10 83 7d 0c 00 75 36 83  |..........}..u6.|
00006510  ec 08 68 65 81 01 00 6a  5a 68 2f 81 01 00 68 fc  |..he...jZh/...h.|
00006520  82 01 00 68 44 81 01 00  68 20 a4 01 00 e8 c8 12  |...hD...h ......|
00006530  00 00 83 c4 20 83 ec 0c  68 20 a4 01 00 e8 7f 0d  |.... ...h ......|
00006540  00 00 83 c4 10 8b 45 0c  8b 50 14 8b 45 08 8b 00  |......E..P..E...|
00006550  89 50 30 8b 45 08 8b 00  83 c0 4c 8b 00 89 45 f4  |.P0.E.....L...E.|
00006560  83 7d f4 00 74 0b 8b 45  0c 8b 50 10 8b 45 f4 89  |.}..t..E..P..E..|
00006570  10 90 c9 c3 55 89 e5 83  ec 18 83 7d 08 00 75 39  |....U......}..u9|
00006580  83 ec 08 68 73 81 01 00  68 8a 00 00 00 68 2f 81  |...hs...h....h/.|
00006590  01 00 68 0c 83 01 00 68  80 81 01 00 68 20 a4 01  |..h....h....h ..|
000065a0  00 e8 54 12 00 00 83 c4  20 83 ec 0c 68 20 a4 01  |..T..... ...h ..|
000065b0  00 e8 0b 0d 00 00 83 c4  10 8b 45 08 8b 40 08 89  |..........E..@..|
000065c0  45 f0 83 7d f0 00 75 39  83 ec 08 68 20 81 01 00  |E..}..u9...h ...|
000065d0  68 93 00 00 00 68 2f 81  01 00 68 0c 83 01 00 68  |h....h/...h....h|
000065e0  44 81 01 00 68 20 a4 01  00 e8 0c 12 00 00 83 c4  |D...h ..........|
000065f0  20 83 ec 0c 68 20 a4 01  00 e8 c3 0c 00 00 83 c4  | ...h ..........|
00006600  10 8b 45 f0 0f b6 40 18  84 c0 75 39 83 ec 08 68  |..E...@...u9...h|
00006610  a3 81 01 00 68 94 00 00  00 68 2f 81 01 00 68 0c  |....h....h/...h.|
00006620  83 01 00 68 44 81 01 00  68 20 a4 01 00 e8 c8 11  |...hD...h ......|
00006630  00 00 83 c4 20 83 ec 0c  68 20 a4 01 00 e8 7f 0c  |.... ...h ......|
00006640  00 00 83 c4 10 8b 45 f0  3b 45 08 75 39 83 ec 08  |......E.;E.u9...|
00006650  68 c1 81 01 00 68 95 00  00 00 68 2f 81 01 00 68  |h....h....h/...h|
00006660  0c 83 01 00 68 44 81 01  00 68 20 a4 01 00 e8 87  |....hD...h .....|
00006670  11 00 00 83 c4 20 83 ec  0c 68 20 a4 01 00 e8 3e  |..... ...h ....>|
00006680  0c 00 00 83 c4 10 8b 45  08 8b 00 83 c0 4c 8b 00  |.......E.....L..|
00006690  89 c2 8b 45 08 89 50 10  c7 45 f4 00 00 00 00 83  |...E..P..E......|
000066a0  ec 0c ff 75 08 e8 41 df  ff ff 83 c4 10 89 45 ec  |...u..A.......E.|
000066b0  83 7d ec 00 74 63 8b 45  ec 8b 40 08 39 45 08 74  |.}..tc.E..@.9E.t|
000066c0  39 83 ec 08 68 cf 81 01  00 68 a4 00 00 00 68 2f  |9...h....h....h/|
000066d0  81 01 00 68 0c 83 01 00  68 44 81 01 00 68 20 a4  |...h....hD...h .|
000066e0  01 00 e8 13 11 00 00 83  c4 20 83 ec 0c 68 20 a4  |......... ...h .|
000066f0  01 00 e8 ca 0b 00 00 83  c4 10 8b 15 84 a9 01 00  |................|
00006700  8b 45 ec 89 50 08 8b 45  ec 0f b6 40 18 3c 07 75  |.E..P..E...@.<.u|
00006710  8e 8b 45 ec 89 45 f4 eb  86 90 83 7d f4 00 0f 84  |..E..E.....}....|
00006720  95 00 00 00 a1 84 a9 01  00 0f b6 40 18 3c 06 0f  |...........@.<..|
00006730  85 84 00 00 00 a1 50 a6  01 00 83 ec 08 ff 75 f4  |......P.......u.|
00006740  50 e8 24 e9 ff ff 83 c4  10 85 c0 74 39 83 ec 08  |P.$........t9...|
00006750  68 e4 81 01 00 68 c5 00  00 00 68 2f 81 01 00 68  |h....h....h/...h|
00006760  0c 83 01 00 68 80 81 01  00 68 20 a4 01 00 e8 87  |....h....h .....|
00006770  10 00 00 83 c4 20 83 ec  0c 68 20 a4 01 00 e8 3e  |..... ...h ....>|
00006780  0b 00 00 83 c4 10 a1 84  a9 01 00 83 ec 08 ff 75  |...............u|
00006790  f4 50 e8 30 fd ff ff 83  c4 10 a1 84 a9 01 00 83  |.P.0............|
000067a0  ec 0c 50 e8 74 df ff ff  83 c4 10 83 ec 0c ff 75  |..P.t..........u|
000067b0  f4 e8 21 df ff ff 83 c4  10 8b 45 f0 0f b6 40 18  |..!.......E...@.|
000067c0  3c 06 75 2f 83 ec 08 ff  75 08 ff 75 f0 e8 f5 fc  |<.u/....u..u....|
000067d0  ff ff 83 c4 10 83 ec 0c  ff 75 f0 e8 3c df ff ff  |.........u..<...|
000067e0  83 c4 10 83 ec 0c ff 75  08 e8 e9 de ff ff 83 c4  |.......u........|
000067f0  10 eb 0e 83 ec 0c ff 75  08 e8 73 de ff ff 83 c4  |.......u..s.....|
00006800  10 e8 11 e0 ff ff 90 c9  c3 55 89 e5 83 ec 18 83  |.........U......|
00006810  7d 08 00 75 39 83 ec 08  68 73 81 01 00 68 03 01  |}..u9...hs...h..|
00006820  00 00 68 2f 81 01 00 68  18 83 01 00 68 80 81 01  |..h/...h....h...|
00006830  00 68 20 a4 01 00 e8 bf  0f 00 00 83 c4 20 83 ec  |.h .......... ..|
00006840  0c 68 20 a4 01 00 e8 76  0a 00 00 83 c4 10 c7 45  |.h ....v.......E|
00006850  f4 00 00 00 00 c7 45 f0  00 00 00 00 c7 45 ec 00  |......E......E..|
00006860  00 00 00 eb 47 8b 45 ec  c1 e0 05 05 60 a6 01 00  |....G.E.....`...|
00006870  89 45 e8 8b 45 e8 3b 45  08 74 2d 8b 45 e8 8b 40  |.E..E.;E.t-.E..@|
00006880  08 39 45 08 75 22 8b 45  e8 0f b6 40 18 84 c0 74  |.9E.u".E...@...t|
00006890  17 83 45 f4 01 8b 45 e8  0f b6 40 18 3c 07 75 08  |..E...E...@.<.u.|
000068a0  8b 45 e8 89 45 f0 eb 0a  83 45 ec 01 83 7d ec 18  |.E..E....E...}..|
000068b0  7e b3 83 7d f0 00 74 21  83 ec 08 ff 75 f0 ff 75  |~..}..t!....u..u|
000068c0  08 e8 01 fc ff ff 83 c4  10 83 ec 0c ff 75 f0 e8  |.............u..|
000068d0  03 de ff ff 83 c4 10 eb  20 83 7d f4 00 7f 0e 8b  |........ .}.....|
000068e0  45 08 8b 00 c7 40 30 fc  ff ff ff eb 0c 8b 45 08  |E....@0.......E.|
000068f0  c6 40 18 06 e8 1e df ff  ff c9 c3 55 89 e5 83 ec  |.@.........U....|
00006900  28 83 7d 08 00 75 39 83  ec 08 68 73 81 01 00 68  |(.}..u9...hs...h|
00006910  67 01 00 00 68 2f 81 01  00 68 24 83 01 00 68 80  |g...h/...h$...h.|
00006920  81 01 00 68 20 a4 01 00  e8 cd 0e 00 00 83 c4 20  |...h .......... |
00006930  83 ec 0c 68 20 a4 01 00  e8 84 09 00 00 83 c4 10  |...h ...........|
00006940  83 ec 0c 8d 45 e4 50 e8  64 db ff ff 83 c4 10 89  |....E.P.d.......|
00006950  45 ec 83 7d ec 00 74 11  8b 45 08 8b 00 c7 40 30  |E..}..t..E....@0|
00006960  ff ff ff ff e9 8e 01 00  00 83 ec 0c 8d 45 e0 50  |.............E.P|
00006970  e8 00 f3 ff ff 83 c4 10  89 45 ec 83 7d ec 00 74  |.........E..}..t|
00006980  20 8b 45 e4 83 ec 0c 50  e8 99 db ff ff 83 c4 10  | .E....P........|
00006990  8b 45 08 8b 00 c7 40 30  ff ff ff ff e9 56 01 00  |.E....@0.....V..|
000069a0  00 8b 45 e4 83 ec 08 6a  20 50 e8 7f 0d 00 00 83  |..E....j P......|
000069b0  c4 10 8b 45 e4 c6 40 18  01 8b 45 e4 8b 55 e0 89  |...E..@...E..U..|
000069c0  50 04 8b 45 e4 8b 55 08  89 50 08 a1 80 a9 01 00  |P..E..U..P......|
000069d0  8d 50 01 89 15 80 a9 01  00 8b 55 e4 89 42 14 8b  |.P........U..B..|
000069e0  45 08 8b 00 83 c0 4c 8b  10 8b 45 e4 88 50 19 8b  |E.....L...E..P..|
000069f0  45 e4 0f b6 40 19 3c 80  75 0d 8b 45 e4 8b 55 08  |E...@.<.u..E..U.|
00006a00  0f b6 52 19 88 50 19 8b  45 08 8b 50 04 8b 45 e0  |..R..P..E..P..E.|
00006a10  83 ec 04 68 00 20 00 00  52 50 e8 f8 09 00 00 83  |...h. ..RP......|
00006a20  c4 10 8b 55 e0 8b 45 08  8b 48 04 89 d0 29 c8 89  |...U..E..H...)..|
00006a30  45 e8 8b 45 08 8b 08 8b  55 e8 8b 45 e4 01 ca 89  |E..E....U..E....|
00006a40  10 8b 45 e4 8b 00 8b 40  1c 85 c0 74 15 8b 45 e4  |..E....@...t..E.|
00006a50  8b 00 8b 48 1c 8b 55 e8  8b 45 e4 8b 00 01 ca 89  |...H..U..E......|
00006a60  50 1c 8b 45 e4 8b 00 8b  40 20 85 c0 74 15 8b 45  |P..E....@ ..t..E|
00006a70  e4 8b 00 8b 48 20 8b 55  e8 8b 45 e4 8b 00 01 ca  |....H .U..E.....|
00006a80  89 50 20 8b 45 e4 8b 00  8b 40 1c 89 45 f4 c7 45  |.P .E....@..E..E|
00006a90  f0 00 00 00 00 eb 1d 8b  45 f4 8b 10 8b 45 e8 01  |........E....E..|
00006aa0  c2 8b 45 f4 89 10 8b 45  f4 89 45 f0 8b 45 f4 8b  |..E....E..E..E..|
00006ab0  00 89 45 f4 83 7d f4 00  75 dd 83 45 f0 08 8b 45  |..E..}..u..E...E|
00006ac0  f0 8b 10 8b 45 e8 01 c2  8b 45 f0 89 10 8b 45 e4  |....E....E....E.|
00006ad0  8b 50 14 8b 45 08 8b 00  89 50 30 8b 45 e4 8b 00  |.P..E....P0.E...|
00006ae0  c7 40 30 00 00 00 00 8b  45 e4 83 ec 0c 50 e8 29  |.@0.....E....P.)|
00006af0  dc ff ff 83 c4 10 90 c9  c3 55 89 e5 83 ec 28 83  |.........U....(.|
00006b00  7d 08 00 75 39 83 ec 08  68 73 81 01 00 68 da 01  |}..u9...hs...h..|
00006b10  00 00 68 2f 81 01 00 68  30 83 01 00 68 80 81 01  |..h/...h0...h...|
00006b20  00 68 20 a4 01 00 e8 cf  0c 00 00 83 c4 20 83 ec  |.h .......... ..|
00006b30  0c 68 20 a4 01 00 e8 86  07 00 00 83 c4 10 8b 45  |.h ............E|
00006b40  08 8b 00 8b 40 4c 89 45  f4 8b 45 08 8b 00 83 c0  |....@L.E..E.....|
00006b50  50 8b 00 89 45 f0 8b 45  08 8b 40 04 89 45 ec 83  |P...E..E..@..E..|
00006b60  ec 0c 8d 45 e4 50 e8 0a  f1 ff ff 83 c4 10 89 45  |...E.P.........E|
00006b70  e8 83 7d e8 00 74 0e 8b  45 08 8b 00 c7 40 30 ff  |..}..t..E....@0.|
00006b80  ff ff ff eb 6a 8b 45 e4  83 ec 04 ff 75 f0 ff 75  |....j.E.....u..u|
00006b90  f4 50 e8 a5 f1 ff ff 83  c4 10 8b 55 08 89 02 8b  |.P.........U....|
00006ba0  45 08 8b 00 85 c0 75 39  83 ec 08 68 10 82 01 00  |E.....u9...h....|
00006bb0  68 f4 01 00 00 68 2f 81  01 00 68 30 83 01 00 68  |h....h/...h0...h|
00006bc0  44 81 01 00 68 20 a4 01  00 e8 2c 0c 00 00 83 c4  |D...h ....,.....|
00006bd0  20 83 ec 0c 68 20 a4 01  00 e8 e3 06 00 00 83 c4  | ...h ..........|
00006be0  10 83 ec 0c ff 75 ec e8  ef f0 ff ff 83 c4 10 c9  |.....u..........|
00006bf0  c3 55 89 e5 83 ec 18 83  7d 08 00 75 39 83 ec 08  |.U......}..u9...|
00006c00  68 73 81 01 00 68 11 02  00 00 68 2f 81 01 00 68  |hs...h....h/...h|
00006c10  3c 83 01 00 68 80 81 01  00 68 20 a4 01 00 e8 d7  |<...h....h .....|
00006c20  0b 00 00 83 c4 20 83 ec  0c 68 20 a4 01 00 e8 8e  |..... ...h .....|
00006c30  06 00 00 83 c4 10 8b 45  08 8b 00 8b 40 4c 89 45  |.......E....@L.E|
00006c40  f4 8b 45 08 8b 00 8b 40  54 89 45 f0 8b 45 08 8b  |..E....@T.E..E..|
00006c50  00 83 c0 50 8b 00 89 45  ec 83 7d f0 00 75 11 8b  |...P...E..}..u..|
00006c60  45 08 8b 00 c7 40 30 00  00 00 00 e9 e9 00 00 00  |E....@0.........|
00006c70  c7 45 e8 00 00 00 00 83  7d f4 00 75 3e e8 28 bd  |.E......}..u>.(.|
00006c80  ff ff 85 c0 7f 11 8b 45  08 8b 00 c7 40 30 00 00  |.......E....@0..|
00006c90  00 00 e9 c2 00 00 00 83  ec 08 ff 75 f0 ff 75 ec  |...........u..u.|
00006ca0  e8 b4 bc ff ff 83 c4 10  89 45 e8 8b 45 08 8b 00  |.........E..E...|
00006cb0  8b 55 e8 89 50 30 e9 9e  00 00 00 83 7d f4 01 0f  |.U..P0......}...|
00006cc0  85 87 00 00 00 8b 45 f0  83 ec 08 50 ff 75 ec e8  |......E....P.u..|
00006cd0  9d eb ff ff 83 c4 10 89  45 e8 83 7d e8 00 7f 5f  |........E..}..._|
00006ce0  8b 45 08 c6 40 18 05 a1  58 a6 01 00 83 ec 08 ff  |.E..@...X.......|
00006cf0  75 08 50 e8 c7 df ff ff  83 c4 10 85 c0 75 39 83  |u.P..........u9.|
00006d00  ec 08 68 28 82 01 00 68  44 02 00 00 68 2f 81 01  |..h(...hD...h/..|
00006d10  00 68 3c 83 01 00 68 44  81 01 00 68 20 a4 01 00  |.h<...hD...h ...|
00006d20  e8 d5 0a 00 00 83 c4 20  83 ec 0c 68 20 a4 01 00  |....... ...h ...|
00006d30  e8 8c 05 00 00 83 c4 10  e8 da da ff ff eb 1a 8b  |................|
00006d40  45 08 8b 00 8b 55 e8 89  50 30 eb 0d 8b 45 08 8b  |E....U..P0...E..|
00006d50  00 c7 40 30 fb ff ff ff  90 c9 c3 55 89 e5 83 ec  |..@0.......U....|
00006d60  18 83 7d 08 00 75 39 83  ec 08 68 73 81 01 00 68  |..}..u9...hs...h|
00006d70  64 02 00 00 68 2f 81 01  00 68 48 83 01 00 68 80  |d...h/...hH...h.|
00006d80  81 01 00 68 20 a4 01 00  e8 6d 0a 00 00 83 c4 20  |...h ....m..... |
00006d90  83 ec 0c 68 20 a4 01 00  e8 24 05 00 00 83 c4 10  |...h ....$......|
00006da0  8b 45 08 8b 00 8b 40 4c  89 45 f0 8b 45 08 8b 00  |.E....@L.E..E...|
00006db0  8b 40 54 89 45 ec 8b 45  08 8b 00 83 c0 50 8b 00  |.@T.E..E.....P..|
00006dc0  89 45 e8 8b 45 ec 89 45  f4 83 7d f0 00 75 14 8b  |.E..E..E..}..u..|
00006dd0  45 ec 83 ec 08 50 ff 75  e8 e8 e3 b2 ff ff 83 c4  |E....P.u........|
00006de0  10 eb 21 83 7d f0 01 75  14 8b 45 ec 83 ec 08 50  |..!.}..u..E....P|
00006df0  ff 75 e8 e8 8a eb ff ff  83 c4 10 eb 07 c7 45 f4  |.u............E.|
00006e00  fb ff ff ff 8b 45 08 8b  00 8b 55 f4 89 50 30 90  |.....E....U..P0.|
00006e10  c9 c3 55 89 e5 83 ec 18  83 7d 08 00 75 39 83 ec  |..U......}..u9..|
00006e20  08 68 73 81 01 00 68 a1  02 00 00 68 2f 81 01 00  |.hs...h....h/...|
00006e30  68 54 83 01 00 68 80 81  01 00 68 20 a4 01 00 e8  |hT...h....h ....|
00006e40  b6 09 00 00 83 c4 20 83  ec 0c 68 20 a4 01 00 e8  |...... ...h ....|
00006e50  6d 04 00 00 83 c4 10 8b  45 08 8b 00 8b 40 4c 89  |m.......E....@L.|
00006e60  45 f4 83 7d f4 00 75 15  83 ec 0c ff 75 08 e8 a9  |E..}..u.....u...|
00006e70  d8 ff ff 83 c4 10 e8 9c  d9 ff ff eb 70 8b 45 08  |............p.E.|
00006e80  c6 40 18 04 8b 15 0c a1  01 00 8b 45 f4 01 c2 8b  |.@.........E....|
00006e90  45 08 89 50 0c a1 4c a6  01 00 83 ec 08 ff 75 08  |E..P..L.......u.|
00006ea0  50 e8 19 de ff ff 83 c4  10 85 c0 74 3b 68 b8 02  |P..........t;h..|
00006eb0  00 00 68 2f 81 01 00 68  54 83 01 00 68 55 82 01  |..h/...hT...hU..|
00006ec0  00 e8 41 b8 ff ff 83 c4  10 83 ec 0c 68 68 82 01  |..A.........hh..|
00006ed0  00 e8 b9 b1 ff ff 83 c4  10 83 ec 0c 6a 0a e8 29  |............j..)|
00006ee0  b0 ff ff 83 c4 10 eb 05  e8 2a d9 ff ff 90 c9 c3  |.........*......|
00006ef0  55 89 e5 83 ec 08 83 7d  08 00 75 39 83 ec 08 68  |U......}..u9...h|
00006f00  73 81 01 00 68 cb 02 00  00 68 2f 81 01 00 68 60  |s...h....h/...h`|
00006f10  83 01 00 68 80 81 01 00  68 20 a4 01 00 e8 d8 08  |...h....h ......|
00006f20  00 00 83 c4 20 83 ec 0c  68 20 a4 01 00 e8 8f 03  |.... ...h ......|
00006f30  00 00 83 c4 10 8b 45 08  8b 50 14 8b 45 08 8b 00  |......E..P..E...|
00006f40  89 50 30 90 c9 c3 55 89  e5 83 ec 08 83 7d 08 00  |.P0...U......}..|
00006f50  75 39 83 ec 08 68 73 81  01 00 68 de 02 00 00 68  |u9...hs...h....h|
00006f60  2f 81 01 00 68 6c 83 01  00 68 80 81 01 00 68 20  |/...hl...h....h |
00006f70  a4 01 00 e8 82 08 00 00  83 c4 20 83 ec 0c 68 20  |.......... ...h |
00006f80  a4 01 00 e8 39 03 00 00  83 c4 10 8b 45 08 8b 00  |....9.......E...|
00006f90  8b 15 0c a1 01 00 89 50  30 90 c9 c3 55 89 e5 83  |.......P0...U...|
00006fa0  ec 18 83 7d 08 00 75 39  83 ec 08 68 73 81 01 00  |...}..u9...hs...|
00006fb0  68 f4 02 00 00 68 2f 81  01 00 68 78 83 01 00 68  |h....h/...hx...h|
00006fc0  80 81 01 00 68 20 a4 01  00 e8 2c 08 00 00 83 c4  |....h ....,.....|
00006fd0  20 83 ec 0c 68 20 a4 01  00 e8 e3 02 00 00 83 c4  | ...h ..........|
00006fe0  10 8b 45 08 8b 00 83 c0  4c 8b 00 89 45 f4 83 7d  |..E.....L...E..}|
00006ff0  f4 00 74 0b 8b 45 08 8b  40 14 39 45 f4 75 14 8b  |..t..E..@.9E.u..|
00007000  45 08 0f b6 50 19 8b 45  08 8b 00 0f b6 d2 89 50  |E...P..E.......P|
00007010  30 eb 42 83 ec 0c ff 75  f4 e8 57 d5 ff ff 83 c4  |0.B....u..W.....|
00007020  10 89 45 f0 83 7d 08 00  74 1f 8b 45 08 0f b6 40  |..E..}..t..E...@|
00007030  18 84 c0 74 14 8b 45 f0  0f b6 50 19 8b 45 08 8b  |...t..E...P..E..|
00007040  00 0f b6 d2 89 50 30 eb  0c 8b 45 08 8b 00 c7 40  |.....P0...E....@|
00007050  30 fe ff ff ff c9 c3 55  89 e5 83 ec 18 a1 5c a6  |0......U......\.|
00007060  01 00 85 c0 75 39 83 ec  08 68 a8 82 01 00 68 39  |....u9...h....h9|
00007070  03 00 00 68 2f 81 01 00  68 84 83 01 00 68 80 81  |...h/...h....h..|
00007080  01 00 68 20 a4 01 00 e8  6e 07 00 00 83 c4 20 83  |..h ....n..... .|
00007090  ec 0c 68 20 a4 01 00 e8  25 02 00 00 83 c4 10 a1  |..h ....%.......|
000070a0  5c a6 01 00 8b 00 85 c0  75 39 83 ec 08 68 b8 82  |\.......u9...h..|
000070b0  01 00 68 3a 03 00 00 68  2f 81 01 00 68 84 83 01  |..h:...h/...h...|
000070c0  00 68 80 81 01 00 68 20  a4 01 00 e8 2a 07 00 00  |.h....h ....*...|
000070d0  83 c4 20 83 ec 0c 68 20  a4 01 00 e8 e1 01 00 00  |.. ...h ........|
000070e0  83 c4 10 a1 5c a6 01 00  8b 00 8b 40 30 89 45 0c  |....\......@0.E.|
000070f0  83 7d 0c 00 78 06 83 7d  0c 09 7e 33 a1 5c a6 01  |.}..x..}..~3.\..|
00007100  00 8b 40 14 83 ec 04 ff  75 0c 50 68 d4 82 01 00  |..@.....u.Ph....|
00007110  e8 f2 b5 ff ff 83 c4 10  c7 45 0c 00 00 00 00 a1  |.........E......|
00007120  5c a6 01 00 8b 00 83 c0  4c c7 00 fd ff ff ff 8b  |\.......L.......|
00007130  45 0c 8b 04 85 80 82 01  00 8b 15 5c a6 01 00 83  |E..........\....|
00007140  ec 0c 52 ff d0 83 c4 10  c7 45 f4 20 00 00 00 c6  |..R......E. ....|
00007150  45 f3 20 0f b6 45 f3 8b  55 f4 ee 90 90 c9 c3 55  |E. ..E..U......U|
00007160  89 e5 83 ec 08 83 ec 0c  68 f6 82 01 00 e8 1d af  |........h.......|
00007170  ff ff 83 c4 10 83 ec 08  68 57 60 01 00 68 80 00  |........hW`..h..|
00007180  00 00 e8 1b f3 ff ff 83  c4 10 90 c9 c3 55 89 e5  |.............U..|
00007190  83 ec 10 89 e8 89 45 fc  8b 45 fc c9 c3 55 89 e5  |......E..E...U..|
000071a0  83 ec 08 83 7d 08 1f 7e  17 83 7d 08 7e 7f 11 8b  |....}..~..}.~...|
000071b0  45 08 83 ec 0c 50 e8 51  ad ff ff 83 c4 10 eb 14  |E....P.Q........|
000071c0  83 ec 08 ff 75 08 68 8c  83 01 00 e8 37 b5 ff ff  |....u.h.....7...|
000071d0  83 c4 10 90 90 c9 c3 55  89 e5 83 ec 18 83 ec 0c  |.......U........|
000071e0  68 93 83 01 00 e8 a5 ae  ff ff 83 c4 10 83 7d 08  |h.............}.|
000071f0  00 75 15 83 ec 0c 68 9c  83 01 00 e8 8f ae ff ff  |.u....h.........|
00007200  83 c4 10 e9 8b 00 00 00  83 ec 0c 6a 0a e8 fa ac  |...........j....|
00007210  ff ff 83 c4 10 eb 76 8b  45 08 8b 40 04 89 45 f0  |......v.E..@..E.|
00007220  8b 45 08 83 ec 04 ff 75  f0 50 68 b9 83 01 00 e8  |.E.....u.Ph.....|
00007230  d3 b4 ff ff 83 c4 10 c7  45 f4 00 00 00 00 eb 30  |........E......0|
00007240  8b 45 f4 83 c0 02 8d 14  85 00 00 00 00 8b 45 08  |.E............E.|
00007250  01 d0 8b 00 8b 55 f4 83  c2 01 83 ec 04 50 52 68  |.....U.......PRh|
00007260  d1 83 01 00 e8 9e b4 ff  ff 83 c4 10 83 45 f4 01  |.............E..|
00007270  8b 45 f4 3b 45 0c 72 c8  83 ec 0c 6a 0a e8 8a ac  |.E.;E.r....j....|
00007280  ff ff 83 c4 10 8b 45 08  8b 00 89 45 08 83 7d 08  |......E....E..}.|
00007290  00 75 84 c9 c3 55 89 e5  83 ec 10 eb 16 c7 45 fc  |.u...U........E.|
000072a0  00 00 00 00 eb 04 83 45  fc 01 81 7d fc 7f 96 98  |.......E...}....|
000072b0  00 7e f3 83 6d 08 01 83  7d 08 00 79 e0 90 90 c9  |.~..m...}..y....|
000072c0  c3 55 89 e5 83 ec 08 83  ec 0c 68 dc 83 01 00 e8  |.U........h.....|
000072d0  bb ad ff ff 83 c4 10 83  7d 08 00 74 13 83 ec 08  |........}..t....|
000072e0  ff 75 08 68 f7 83 01 00  e8 1a b4 ff ff 83 c4 10  |.u.h............|
000072f0  83 ec 0c 68 c8 00 00 00  e8 98 ff ff ff 83 c4 10  |...h............|
00007300  a1 5c a6 01 00 83 ec 04  6a 01 50 68 fb 83 01 00  |.\......j.Ph....|
00007310  e8 95 cb ff ff 83 c4 10  83 ec 0c 6a 00 e8 fc cd  |...........j....|
00007320  ff ff 83 c4 10 a1 40 a6  01 00 83 ec 08 50 68 03  |......@......Ph.|
00007330  84 01 00 e8 d0 d6 ff ff  83 c4 10 a1 44 a6 01 00  |............D...|
00007340  83 ec 08 50 68 06 84 01  00 e8 ba d6 ff ff 83 c4  |...Ph...........|
00007350  10 a1 48 a6 01 00 83 ec  08 50 68 09 84 01 00 e8  |..H......Ph.....|
00007360  a4 d6 ff ff 83 c4 10 a1  4c a6 01 00 83 ec 08 50  |........L......P|
00007370  68 0c 84 01 00 e8 8e d6  ff ff 83 c4 10 a1 50 a6  |h.............P.|
00007380  01 00 83 ec 08 50 68 0e  84 01 00 e8 78 d6 ff ff  |.....Ph.....x...|
00007390  83 c4 10 a1 54 a6 01 00  83 ec 08 50 68 10 84 01  |....T......Ph...|
000073a0  00 e8 62 d6 ff ff 83 c4  10 a1 58 a6 01 00 83 ec  |..b.......X.....|
000073b0  08 50 68 12 84 01 00 e8  4c d6 ff ff 83 c4 10 83  |.Ph.....L.......|
000073c0  ec 0c 68 14 84 01 00 e8  c3 ac ff ff 83 c4 10 83  |..h.............|
000073d0  ec 08 6a 01 68 2a 84 01  00 e8 51 cc ff ff 83 c4  |..j.h*....Q.....|
000073e0  10 83 ec 0c 68 3d 84 01  00 e8 45 ca ff ff 83 c4  |....h=....E.....|
000073f0  10 e8 97 fd ff ff 83 ec  08 6a 03 50 e8 d6 fd ff  |.........j.P....|
00007400  ff 83 c4 10 fa 83 ec 0c  68 4f 84 01 00 e8 f5 b2  |........hO......|
00007410  ff ff 83 c4 10 eb fe 55  89 e5 56 53 8b 45 10 8b  |.......U..VS.E..|
00007420  55 08 83 e2 03 85 d2 75  13 8b 55 0c 83 e2 03 85  |U......u..U.....|
00007430  d2 75 09 89 c2 83 e2 03  85 d2 74 14 83 ec 04 50  |.u........t....P|
00007440  ff 75 0c ff 75 08 e8 35  03 00 00 83 c4 10 eb 5a  |.u..u..5.......Z|
00007450  8b 5d 08 8b 75 0c c1 e8  02 39 de 73 44 8d 14 85  |.]..u....9.sD...|
00007460  00 00 00 00 01 f2 39 d3  73 37 8d 14 85 00 00 00  |......9.s7......|
00007470  00 01 d6 8d 14 85 00 00  00 00 01 d3 eb 0a 83 ee  |................|
00007480  04 83 eb 04 8b 16 89 13  89 c2 8d 42 ff 85 d2 75  |...........B...u|
00007490  ed eb 17 89 f1 8d 71 04  89 da 8d 5a 04 8b 09 89  |......q....Z....|
000074a0  0a 89 c2 8d 42 ff 85 d2  75 e9 8d 65 f8 5b 5e 5d  |....B...u..e.[^]|
000074b0  c3 55 89 e5 8b 45 0c 3b  45 08 73 06 8b 45 08 89  |.U...E.;E.s..E..|
000074c0  45 0c 8b 45 0c 3b 45 10  76 06 8b 45 10 89 45 0c  |E..E.;E.v..E..E.|
000074d0  8b 45 0c 5d c3 55 89 e5  83 ec 18 8b 45 08 89 45  |.E.].U......E..E|
000074e0  f4 83 7d 0c 00 79 0f 8b  45 f4 8d 50 01 89 55 f4  |..}..y..E..P..U.|
000074f0  c6 00 2d f7 5d 0c 83 ec  08 ff 75 0c ff 75 f4 e8  |..-.].....u..u..|
00007500  14 00 00 00 83 c4 10 89  45 f4 8b 45 f4 c6 00 00  |........E..E....|
00007510  8b 45 f4 2b 45 08 c9 c3  55 89 e5 53 83 ec 14 8b  |.E.+E...U..S....|
00007520  4d 0c ba 67 66 66 66 89  c8 f7 ea 89 d0 c1 f8 02  |M..gfff.........|
00007530  c1 f9 1f 89 ca 29 d0 89  45 f4 83 7d f4 00 79 0e  |.....)..E..}..y.|
00007540  c7 45 f4 cc cc cc 0c c7  45 0c 08 00 00 00 83 7d  |.E......E......}|
00007550  f4 00 74 14 83 ec 08 ff  75 f4 ff 75 08 e8 b6 ff  |..t.....u..u....|
00007560  ff ff 83 c4 10 89 45 08  8b 4d 0c ba 67 66 66 66  |......E..M..gfff|
00007570  89 c8 f7 ea 89 d0 c1 f8  02 89 cb c1 fb 1f 29 d8  |..............).|
00007580  89 c2 89 d0 c1 e0 02 01  d0 01 c0 29 c1 89 ca 89  |...........)....|
00007590  d0 8d 48 30 8b 45 08 8d  50 01 89 55 08 89 ca 88  |..H0.E..P..U....|
000075a0  10 8b 45 08 8b 5d fc c9  c3 55 89 e5 83 ec 10 c7  |..E..]...U......|
000075b0  45 fc 00 00 00 00 c7 45  f8 00 00 00 00 eb 44 8b  |E......E......D.|
000075c0  45 0c 25 00 00 00 f0 89  45 f4 83 7d fc 00 75 0c  |E.%.....E..}..u.|
000075d0  83 7d f4 00 75 06 83 7d  f8 07 75 1f 83 45 fc 01  |.}..u..}..u..E..|
000075e0  c1 6d f4 1c 8b 45 08 8d  50 01 89 55 08 8b 55 f4  |.m...E..P..U..U.|
000075f0  81 c2 5c 84 01 00 0f b6  12 88 10 c1 65 0c 04 83  |..\.........e...|
00007600  45 f8 01 83 7d f8 07 7e  b6 8b 45 08 c6 00 00 8b  |E...}..~..E.....|
00007610  45 fc c9 c3 55 89 e5 83  ec 10 c7 45 f8 00 00 00  |E...U......E....|
00007620  00 8b 45 08 89 45 f4 8b  45 0c 25 00 00 00 c0 89  |..E..E..E.%.....|
00007630  45 f0 c1 6d f0 1e c7 45  fc 00 00 00 00 eb 47 83  |E..m...E......G.|
00007640  7d fc 0a 74 0c 83 7d f0  00 75 06 83 7d f8 00 74  |}..t..}..u..}..t|
00007650  1e c7 45 f8 01 00 00 00  83 65 f0 07 8b 45 f0 8d  |..E......e...E..|
00007660  48 30 8b 45 f4 8d 50 01  89 55 f4 89 ca 88 10 c1  |H0.E..P..U......|
00007670  65 0c 03 8b 45 0c 25 00  00 00 e0 89 45 f0 c1 6d  |e...E.%.....E..m|
00007680  f0 1d 83 45 fc 01 83 7d  fc 0a 7e b3 8b 45 f4 c6  |...E...}..~..E..|
00007690  00 00 8b 45 f4 2b 45 08  c9 c3 55 89 e5 83 ec 18  |...E.+E...U.....|
000076a0  8b 45 08 89 45 f4 83 ec  08 ff 75 0c ff 75 f4 e8  |.E..E.....u..u..|
000076b0  14 00 00 00 83 c4 10 89  45 f4 8b 45 f4 c6 00 00  |........E..E....|
000076c0  8b 45 f4 2b 45 08 c9 c3  55 89 e5 83 ec 18 8b 45  |.E.+E...U......E|
000076d0  0c ba cd cc cc cc f7 e2  89 d0 c1 e8 03 89 45 f4  |..............E.|
000076e0  83 7d f4 00 74 15 8b 45  f4 83 ec 08 50 ff 75 08  |.}..t..E....P.u.|
000076f0  e8 23 fe ff ff 83 c4 10  89 45 08 8b 4d 0c ba cd  |.#.......E..M...|
00007700  cc cc cc 89 c8 f7 e2 c1  ea 03 89 d0 c1 e0 02 01  |................|
00007710  d0 01 c0 29 c1 89 ca 89  d0 8d 48 30 8b 45 08 8d  |...)......H0.E..|
00007720  50 01 89 55 08 89 ca 88  10 8b 45 08 c9 c3 55 89  |P..U......E...U.|
00007730  e5 53 8b 55 0c 8b 5d 08  eb 08 89 d8 8d 58 01 c6  |.S.U..]......X..|
00007740  00 00 89 d0 8d 50 ff 85  c0 75 ef 90 90 8b 5d fc  |.....P...u....].|
00007750  c9 c3 55 89 e5 56 53 8b  4d 10 8b 5d 08 8b 75 0c  |..U..VS.M..]..u.|
00007760  eb 0f 89 f2 8d 72 01 89  d8 8d 58 01 0f b6 12 88  |.....r....X.....|
00007770  10 89 c8 8d 48 ff 85 c0  75 e8 90 90 5b 5e 5d c3  |....H...u...[^].|
00007780  55 89 e5 56 53 8b 45 10  8b 5d 08 8b 75 0c 39 de  |U..VS.E..]..u.9.|
00007790  73 32 8d 14 06 39 d3 73  2b 01 c6 01 c3 eb 0b 83  |s2...9.s+.......|
000077a0  ee 01 83 eb 01 0f b6 16  88 13 89 c2 8d 42 ff 85  |.............B..|
000077b0  d2 75 ec eb 19 89 f1 8d  71 01 89 da 8d 5a 01 0f  |.u......q....Z..|
000077c0  b6 09 88 0a 89 c2 8d 42  ff 85 d2 75 e8 90 90 5b  |.......B...u...[|
000077d0  5e 5d c3 55 89 e5 53 8b  4d 0c 8b 5d 08 eb 0b 89  |^].U..S.M..]....|
000077e0  d8 8d 58 01 0f b6 55 10  88 10 89 c8 8d 48 ff 85  |..X...U......H..|
000077f0  c0 75 ec 90 90 8b 5d fc  c9 c3 55 89 e5 83 ec 38  |.u....]...U....8|
00007800  8d 45 0c 83 c0 04 89 45  f4 e9 3f 02 00 00 80 7d  |.E.....E..?....}|
00007810  f3 25 0f 85 26 02 00 00  c7 45 ec 00 00 00 00 c7  |.%..&....E......|
00007820  45 e4 20 00 00 00 c7 45  e8 00 00 00 00 8b 45 0c  |E. ....E......E.|
00007830  8d 50 01 89 55 0c 0f b6  00 88 45 f3 80 7d f3 2d  |.P..U.....E..}.-|
00007840  75 16 c7 45 ec 01 00 00  00 8b 45 0c 8d 50 01 89  |u..E......E..P..|
00007850  55 0c 0f b6 00 88 45 f3  80 7d f3 30 75 40 c7 45  |U.....E..}.0u@.E|
00007860  e4 30 00 00 00 8b 45 0c  8d 50 01 89 55 0c 0f b6  |.0....E..P..U...|
00007870  00 88 45 f3 eb 28 8b 55  e8 89 d0 c1 e0 02 01 d0  |..E..(.U........|
00007880  01 c0 89 45 e8 0f be 45  f3 83 e8 30 01 45 e8 8b  |...E...E...0.E..|
00007890  45 0c 8d 50 01 89 55 0c  0f b6 00 88 45 f3 80 7d  |E..P..U.....E..}|
000078a0  f3 2f 7e 06 80 7d f3 39  7e cc 0f be 45 f3 83 e8  |./~..}.9~...E...|
000078b0  63 83 f8 15 0f 87 93 01  00 00 8b 04 85 70 84 01  |c............p..|
000078c0  00 ff e0 8b 45 f4 8d 50  04 89 55 f4 8b 00 88 45  |....E..P..U....E|
000078d0  f3 0f b6 45 f3 88 45 d0  c6 45 d1 00 83 ec 08 ff  |...E..E..E......|
000078e0  75 e4 ff 75 ec ff 75 e8  6a 01 8d 45 d0 50 ff 75  |u..u..u.j..E.P.u|
000078f0  08 e8 d3 01 00 00 83 c4  20 89 45 08 e9 4c 01 00  |........ .E..L..|
00007900  00 8b 45 f4 8d 50 04 89  55 f4 8b 00 83 ec 08 50  |..E..P..U......P|
00007910  8d 45 d0 50 e8 bc fb ff  ff 83 c4 10 89 45 e0 83  |.E.P.........E..|
00007920  ec 08 ff 75 e4 ff 75 ec  ff 75 e8 ff 75 e0 8d 45  |...u..u..u..u..E|
00007930  d0 50 ff 75 08 e8 8f 01  00 00 83 c4 20 89 45 08  |.P.u........ .E.|
00007940  e9 08 01 00 00 8b 45 f4  8d 50 04 89 55 f4 8b 00  |......E..P..U...|
00007950  89 45 dc 83 ec 08 ff 75  e4 ff 75 ec ff 75 e8 6a  |.E.....u..u..u.j|
00007960  ff ff 75 dc ff 75 08 e8  5d 01 00 00 83 c4 20 89  |..u..u..]..... .|
00007970  45 08 e9 d6 00 00 00 8b  45 f4 8d 50 04 89 55 f4  |E.......E..P..U.|
00007980  8b 00 83 ec 08 50 8d 45  d0 50 e8 1a fc ff ff 83  |.....P.E.P......|
00007990  c4 10 89 45 e0 83 ec 08  ff 75 e4 ff 75 ec ff 75  |...E.....u..u..u|
000079a0  e8 ff 75 e0 8d 45 d0 50  ff 75 08 e8 19 01 00 00  |..u..E.P.u......|
000079b0  83 c4 20 89 45 08 e9 92  00 00 00 8b 45 f4 8d 50  |.. .E.......E..P|
000079c0  04 89 55 f4 8b 00 83 ec  08 50 8d 45 d0 50 e8 41  |..U......P.E.P.A|
000079d0  fc ff ff 83 c4 10 89 45  e0 83 ec 08 ff 75 e4 ff  |.......E.....u..|
000079e0  75 ec ff 75 e8 ff 75 e0  8d 45 d0 50 ff 75 08 e8  |u..u..u..E.P.u..|
000079f0  d5 00 00 00 83 c4 20 89  45 08 eb 51 8b 45 f4 8d  |...... .E..Q.E..|
00007a00  50 04 89 55 f4 8b 00 83  ec 08 50 8d 45 d0 50 e8  |P..U......P.E.P.|
00007a10  86 fc ff ff 83 c4 10 89  45 e0 83 ec 08 ff 75 e4  |........E.....u.|
00007a20  ff 75 ec ff 75 e8 ff 75  e0 8d 45 d0 50 ff 75 08  |.u..u..u..E.P.u.|
00007a30  e8 94 00 00 00 83 c4 20  89 45 08 90 eb 0f 8b 45  |....... .E.....E|
00007a40  08 8d 50 01 89 55 08 0f  b6 55 f3 88 10 8b 45 0c  |..P..U...U....E.|
00007a50  8d 50 01 89 55 0c 0f b6  00 88 45 f3 80 7d f3 00  |.P..U.....E..}..|
00007a60  0f 85 a8 fd ff ff 8b 45  08 c6 00 00 90 c9 c3 55  |.......E.......U|
00007a70  89 e5 53 8b 45 08 8b 55  0c eb 06 83 c0 01 83 c2  |..S.E..U........|
00007a80  01 0f b6 08 84 c9 74 0a  0f b6 18 0f b6 0a 38 cb  |......t.......8.|
00007a90  74 e9 0f b6 00 0f be c0  0f b6 12 0f be d2 29 d0  |t.............).|
00007aa0  8b 5d fc c9 c3 55 89 e5  53 8b 55 08 bb 00 00 00  |.]...U..S.U.....|
00007ab0  00 eb 03 83 c3 01 89 d0  8d 50 01 0f b6 00 84 c0  |.........P......|
00007ac0  75 f1 89 d8 8b 5d fc c9  c3 55 89 e5 83 ec 18 83  |u....]...U......|
00007ad0  7d 10 00 79 11 83 ec 0c  ff 75 0c e8 c5 ff ff ff  |}..y.....u......|
00007ae0  83 c4 10 89 45 10 8b 45  14 2b 45 10 89 45 f0 83  |....E..E.+E..E..|
00007af0  7d f0 00 7e 1d 83 7d 18  00 75 17 83 ec 04 ff 75  |}..~..}..u.....u|
00007b00  1c ff 75 f0 ff 75 08 e8  5a 00 00 00 83 c4 10 89  |..u..u..Z.......|
00007b10  45 08 c7 45 f4 00 00 00  00 eb 1b 8b 55 f4 8b 45  |E..E........U..E|
00007b20  0c 8d 0c 02 8b 45 08 8d  50 01 89 55 08 0f b6 11  |.....E..P..U....|
00007b30  88 10 83 45 f4 01 8b 45  f4 3b 45 10 7c dd 83 7d  |...E...E.;E.|..}|
00007b40  f0 00 7e 1d 83 7d 18 00  74 17 83 ec 04 ff 75 1c  |..~..}..t.....u.|
00007b50  ff 75 f0 ff 75 08 e8 0b  00 00 00 83 c4 10 89 45  |.u..u..........E|
00007b60  08 8b 45 08 c9 c3 55 89  e5 eb 12 8b 45 08 8d 50  |..E...U.....E..P|
00007b70  01 89 55 08 8b 55 10 88  10 83 6d 0c 01 83 7d 0c  |..U..U....m...}.|
00007b80  00 7f e8 8b 45 08 5d c3  00 00 00 00 00 00 00 00  |....E.].........|
00007b90  00 00 00 00 00 00 00 00  00 00 00 00 00 00 00 00  |................|
*
00008000  5c 78 25 30 32 78 00 00  e2 14 01 00 23 15 01 00  |\x%02x......#...|
00008010  ca 16 01 00 ca 16 01 00  ca 16 01 00 ca 16 01 00  |................|
*
00008030  ca 16 01 00 ca 16 01 00  e6 15 01 00 ca 16 01 00  |................|
00008040  ca 16 01 00 ca 16 01 00  6a 15 01 00 ca 16 01 00  |........j.......|
00008050  2d 16 01 00 ca 16 01 00  ca 16 01 00 9f 15 01 00  |-...............|
00008060  43 6f 6e 73 6f 6c 65 20  49 2f 4f 20 69 73 20 61  |Console I/O is a|
00008070  63 74 69 76 65 0a 00 00  20 74 69 6d 65 20 25 30  |ctive... time %0|
00008080  38 78 00 00 20 63 75 72  72 20 25 64 2c 20 51 73  |8x.. curr %d, Qs|
00008090  3a 20 52 5b 25 64 2c 25  64 2c 25 64 5d 20 53 5b  |: R[%d,%d,%d] S[|
000080a0  25 64 5d 20 5a 5b 25 64  5d 20 42 5b 25 64 5d 20  |%d] Z[%d] B[%d] |
000080b0  49 5b 25 64 5d 20 57 5b  25 75 5d 20 3f 5b 25 75  |I[%d] W[%u] ?[%u|
000080c0  5d 00 00 00 63 6c 6b 5f  69 73 72 3a 20 73 6c 65  |]...clk_isr: sle|
000080d0  65 70 69 6e 67 20 70 65  65 6b 20 73 74 61 74 75  |eping peek statu|
000080e0  73 20 25 64 2c 20 70 63  62 20 4e 55 4c 4c 0a 00  |s %d, pcb NULL..|
000080f0  71 75 65 5f 72 65 6d 6f  76 65 28 73 6c 65 65 70  |que_remove(sleep|
00008100  69 6e 67 2c 28 76 6f 69  64 20 2a 2a 29 26 70 63  |ing,(void **)&pc|
00008110  62 29 20 3d 3d 20 45 5f  53 55 43 43 45 53 53 00  |b) == E_SUCCESS.|
00008120  6b 65 72 6e 65 6c 2f 63  6c 6f 63 6b 2e 63 00 00  |kernel/clock.c..|
00008130  25 73 20 28 25 73 20 40  20 25 64 29 2c 20 61 73  |%s (%s @ %d), as|
00008140  73 65 72 74 69 6f 6e 20  25 73 20 66 61 69 6c 65  |sertion %s faile|
00008150  64 0a 00 7c 2f 2d 5c 00  20 43 6c 6b 00 00 00 00  |d..|/-\. Clk....|
00008160  63 6c 6b 5f 69 73 72 00  0a 2d 2d 2d 2d 2d 2d 2d  |clk_isr..-------|
00008170  2d 2d 2d 2d 2d 2d 2d 2d  2d 2d 2d 2d 2d 2d 2d 2d  |----------------|
00008180  2d 2d 2d 2d 2d 2d 2d 2d  0a 00 43 6f 6e 66 69 67  |--------..Config|
00008190  3a 20 20 4e 5f 50 52 4f  43 53 20 3d 20 25 64 00  |:  N_PROCS = %d.|
000081a0  20 4e 5f 50 52 49 4f 53  20 3d 20 25 64 00 20 4e  | N_PRIOS = %d. N|
000081b0  5f 53 54 41 54 45 53 20  3d 20 25 64 00 20 43 4c  |_STATES = %d. CL|
000081c0  4f 43 4b 20 3d 20 25 64  48 7a 0a 00 4f 70 74 69  |OCK = %dHz..Opti|
000081d0  6f 6e 73 3a 20 20 52 2d  75 69 6e 74 20 43 58 00  |ons:  R-uint CX.|
000081e0  20 44 42 4c 56 20 3d 20  25 64 00 20 54 52 41 43  | DBLV = %d. TRAC|
000081f0  45 20 3d 20 30 78 25 30  34 78 0a 00 54 72 61 63  |E = 0x%04x..Trac|
00008200  69 6e 67 3a 20 49 4e 49  54 00 54 65 78 74 3a 20  |ing: INIT.Text: |
00008210  25 30 38 78 20 74 6f 20  25 30 38 78 0a 00 52 64  |%08x to %08x..Rd|
00008220  61 74 3a 20 25 30 38 78  20 74 6f 20 25 30 38 78  |at: %08x to %08x|
00008230  0a 00 44 61 74 61 3a 20  25 30 38 78 20 74 6f 20  |..Data: %08x to |
00008240  25 30 38 78 0a 00 42 53  53 3a 20 20 25 30 38 78  |%08x..BSS:  %08x|
00008250  20 74 6f 20 25 30 38 78  0a 00 00 00 55 73 65 72  | to %08x....User|
00008260  20 62 6c 6f 62 20 25 75  20 73 65 63 74 6f 72 73  | blob %u sectors|
00008270  20 40 20 25 30 34 78 3a  25 30 34 78 20 28 25 30  | @ %04x:%04x (%0|
00008280  38 78 29 0a 00 00 00 00  53 79 73 74 65 6d 20 69  |8x).....System i|
00008290  6e 69 74 69 61 6c 69 7a  61 74 69 6f 6e 20 73 74  |nitialization st|
000082a0  61 72 74 69 6e 67 2e 0a  00 00 00 00 2d 2d 2d 2d  |arting......----|
000082b0  2d 2d 2d 2d 2d 2d 2d 2d  2d 2d 2d 2d 2d 2d 2d 2d  |----------------|
000082c0  2d 2d 2d 2d 2d 2d 2d 2d  2d 2d 2d 0a 00 4d 6f 64  |-----------..Mod|
000082d0  75 6c 65 73 3a 00 00 00  0a 4d 6f 64 75 6c 65 20  |ules:....Module |
000082e0  69 6e 69 74 69 61 6c 69  7a 61 74 69 6f 6e 20 63  |initialization c|
000082f0  6f 6d 70 6c 65 74 65 2e  0a 00 00 00 43 72 65 61  |omplete.....Crea|
00008300  74 69 6e 67 20 69 6e 69  74 69 61 6c 20 75 73 65  |ting initial use|
00008310  72 20 70 72 6f 63 65 73  73 2e 2e 2e 00 00 00 00  |r process.......|
00008320  70 63 62 5f 61 6c 6c 6f  63 28 26 69 6e 69 74 5f  |pcb_alloc(&init_|
00008330  70 63 62 29 20 3d 3d 20  45 5f 53 55 43 43 45 53  |pcb) == E_SUCCES|
00008340  53 00 6b 65 72 6e 65 6c  2f 6b 65 72 6e 65 6c 2e  |S.kernel/kernel.|
00008350  63 00 00 00 25 73 20 28  25 73 20 40 20 25 64 29  |c...%s (%s @ %d)|
00008360  2c 20 61 73 73 65 72 74  69 6f 6e 20 25 73 20 66  |, assertion %s f|
00008370  61 69 6c 65 64 0a 00 69  6e 69 74 0d 2b 00 73 74  |ailed..init.+.st|
00008380  6b 5f 61 6c 6c 6f 63 28  26 73 74 6b 29 20 3d 3d  |k_alloc(&stk) ==|
00008390  20 45 5f 53 55 43 43 45  53 53 00 69 6e 69 74 5f  | E_SUCCESS.init_|
000083a0  70 63 62 2d 3e 63 6f 6e  74 65 78 74 20 21 3d 20  |pcb->context != |
000083b0  4e 55 4c 4c 00 20 64 6f  6e 65 2e 0a 00 00 00 00  |NULL. done......|
000083c0  2a 20 20 20 20 20 20 20  20 20 20 20 20 20 20 20  |*               |
000083d0  20 20 20 20 20 20 20 20  20 20 20 20 20 20 20 20  |                |
*
00008410  00 00 00 00 3d 3d 3d 3d  3d 3d 3d 3d 3d 3d 3d 3d  |....============|
00008420  3d 3d 3d 3d 3d 3d 3d 3d  3d 3d 3d 3d 3d 3d 3d 3d  |================|
*
00008460  3d 3d 3d 3d 00 00 00 00  53 79 73 74 65 6d 20 69  |====....System i|
00008470  6e 69 74 69 61 6c 69 7a  61 74 69 6f 6e 20 63 6f  |nitialization co|
00008480  6d 70 6c 65 74 65 2e 0a  00 00 00 00 6d 61 69 6e  |mplete......main|
00008490  00 00 00 00 63 75 72 72  00 6b 65 72 6e 65 6c 2f  |....curr.kernel/|
000084a0  6b 6d 65 6d 2e 63 00 00  25 73 20 28 25 73 20 40  |kmem.c..%s (%s @|
000084b0  20 25 64 29 2c 20 61 73  73 65 72 74 69 6f 6e 20  | %d), assertion |
000084c0  25 73 20 66 61 69 6c 65  64 0a 00 20 4b 4d 00 00  |%s failed.. KM..|
000084d0  26 66 72 65 65 5f 70 61  67 65 73 3d 25 30 38 78  |&free_pages=%08x|
000084e0  2c 20 26 66 72 65 65 5f  73 6c 69 63 65 73 20 25  |, &free_slices %|
000084f0  30 38 78 2c 20 25 75 20  70 61 67 65 73 2c 20 25  |08x, %u pages, %|
00008500  75 20 73 6c 69 63 65 73  0a 00 00 00 62 6c 6f 63  |u slices....bloc|
00008510  6b 20 40 20 30 78 25 30  38 78 20 30 78 25 30 38  |k @ 0x%08x 0x%08|
00008520  78 20 70 61 67 65 73 20  28 65 6e 64 73 20 61 74  |x pages (ends at|
00008530  20 30 78 25 30 38 78 29  20 6e 65 78 74 20 40 20  | 0x%08x) next @ |
00008540  30 78 25 30 38 78 0a 00  62 6c 6f 63 6b 20 40 20  |0x%08x..block @ |
00008550  30 78 25 30 38 78 20 30  78 25 30 38 78 20 73 6c  |0x%08x 0x%08x sl|
00008560  69 63 65 73 20 28 65 6e  64 73 20 61 74 20 30 78  |ices (ends at 0x|
00008570  25 30 38 78 29 20 6e 65  78 74 20 40 20 30 78 25  |%08x) next @ 0x%|
00008580  30 38 78 0a 00 6b 6d 5f  69 6e 69 74 69 61 6c 69  |08x..km_initiali|
00008590  7a 65 64 20 21 3d 20 30  00 6b 6d 5f 69 6e 69 74  |zed != 0.km_init|
000085a0  69 61 6c 69 7a 65 64 00  70 61 67 65 00 73 6c 69  |ialized.page.sli|
000085b0  63 65 20 21 3d 20 4e 55  4c 4c 00 00 61 64 64 5f  |ce != NULL..add_|
000085c0  62 6c 6f 63 6b 00 00 00  6b 6d 5f 70 61 67 65 5f  |block...km_page_|
000085d0  61 6c 6c 6f 63 00 00 00  6b 6d 5f 70 61 67 65 5f  |alloc...km_page_|
000085e0  66 72 65 65 5f 6d 75 6c  74 69 00 00 63 61 72 76  |free_multi..carv|
000085f0  65 5f 73 6c 69 63 65 73  00 00 00 00 6b 6d 5f 73  |e_slices....km_s|
00008600  6c 69 63 65 5f 61 6c 6c  6f 63 00 00 6b 6d 5f 73  |lice_alloc..km_s|
00008610  6c 69 63 65 5f 66 72 65  65 00 00 00 6c 69 73 74  |lice_free...list|
00008620  20 21 3d 20 4e 55 4c 4c  00 6b 65 72 6e 65 6c 2f  | != NULL.kernel/|
00008630  6c 69 73 74 2e 63 00 00  25 73 20 28 25 73 20 40  |list.c..%s (%s @|
00008640  20 25 64 29 2c 20 61 73  73 65 72 74 31 20 25 73  | %d), assert1 %s|
00008650  20 66 61 69 6c 65 64 0a  00 64 61 74 61 20 21 3d  | failed..data !=|
00008660  20 4e 55 4c 4c 00 00 00  6c 69 73 74 5f 61 64 64  | NULL...list_add|
00008670  00 00 00 00 6c 69 73 74  5f 72 65 6d 6f 76 65 00  |....list_remove.|
00008680  55 6e 75 00 4e 65 77 00  52 64 79 00 52 75 6e 00  |Unu.New.Rdy.Run.|
00008690  53 6c 70 00 42 6c 6b 00  00 00 00 00 5a 6f 6d 00  |Slp.Blk.....Zom.|
000086a0  48 69 67 68 00 53 74 64  20 00 4c 6f 77 20 00 00  |High.Std .Low ..|
000086b0  43 54 58 63 68 6b 3a 20  63 73 20 25 30 34 78 20  |CTXchk: cs %04x |
000086c0  73 73 20 25 30 34 78 20  64 73 20 25 30 34 78 20  |ss %04x ds %04x |
000086d0  65 73 20 25 30 34 78 20  66 73 20 25 30 34 78 20  |es %04x fs %04x |
000086e0  67 73 20 25 30 34 78 0a  00 00 00 00 20 20 20 20  |gs %04x.....    |
000086f0  20 20 20 20 65 73 70 20  25 30 38 78 20 65 62 70  |    esp %08x ebp|
00008700  20 25 30 38 78 20 65 69  70 20 25 30 38 78 0a 00  | %08x eip %08x..|
00008710  63 75 72 72 65 6e 74 20  70 72 6f 63 65 73 73 00  |current process.|
00008720  20 40 20 25 30 38 78 3a  0a 00 20 4e 55 4c 4c 3f  | @ %08x:.. NULL?|
00008730  3f 3f 0a 00 20 20 73 73  20 25 30 34 78 20 67 73  |??..  ss %04x gs|
00008740  20 25 30 34 78 20 66 73  20 25 30 34 78 20 65 73  | %04x fs %04x es|
00008750  20 25 30 34 78 20 64 73  20 25 30 34 78 20 63 73  | %04x ds %04x cs|
00008760  20 25 30 34 78 0a 00 00  20 20 65 64 69 20 25 30  | %04x...  edi %0|
00008770  38 78 20 65 73 69 20 25  30 38 78 20 65 62 70 20  |8x esi %08x ebp |
00008780  25 30 38 78 20 65 73 70  20 25 30 38 78 0a 00 00  |%08x esp %08x...|
00008790  20 20 65 62 78 20 25 30  38 78 20 65 64 78 20 25  |  ebx %08x edx %|
000087a0  30 38 78 20 65 63 78 20  25 30 38 78 20 65 61 78  |08x ecx %08x eax|
000087b0  20 25 30 38 78 0a 00 00  20 20 76 65 63 20 25 30  | %08x...  vec %0|
000087c0  38 78 20 63 6f 64 20 25  30 38 78 20 65 69 70 20  |8x cod %08x eip |
000087d0  25 30 38 78 20 65 66 6c  20 25 30 38 78 0a 00 25  |%08x efl %08x..%|
000087e0  32 64 28 25 64 29 3a 20  00 20 40 20 25 30 38 78  |2d(%d): . @ %08x|
000087f0  3a 00 3f 3f 3f 00 20 25  64 20 25 73 00 20 70 72  |:.???. %d %s. pr|
00008800  69 6f 20 25 73 00 20 78  69 74 20 25 64 20 77 61  |io %s. xit %d wa|
00008810  6b 65 20 25 30 38 78 0a  00 20 70 61 72 65 6e 74  |ke %08x.. parent|
00008820  20 25 30 38 78 00 20 28  25 75 29 00 20 63 6f 6e  | %08x. (%u). con|
00008830  74 65 78 74 20 25 30 38  78 20 73 74 6b 20 25 30  |text %08x stk %0|
00008840  38 78 00 20 66 69 6c 6c  00 20 23 25 64 3a 00 00  |8x. fill. #%d:..|
00008850  54 61 62 6c 65 20 73 69  7a 65 20 25 64 2c 20 75  |Table size %d, u|
00008860  73 65 64 20 25 64 20 2b  20 65 6d 70 74 79 20 25  |sed %d + empty %|
00008870  64 20 3d 20 25 64 3f 3f  3f 0a 00 50 74 61 62 6c  |d = %d???..Ptabl|
00008880  65 3a 20 25 75 20 3f 3f  3f 00 20 25 75 20 25 73  |e: %u ???. %u %s|
00008890  00 20 50 43 42 00 00 00  28 72 65 61 64 79 5b 50  |. PCB...(ready[P|
000088a0  52 49 4f 5f 48 49 47 48  5d 20 3d 20 71 75 65 5f  |RIO_HIGH] = que_|
000088b0  61 6c 6c 6f 63 28 4e 55  4c 4c 29 29 20 21 3d 20  |alloc(NULL)) != |
000088c0  4e 55 4c 4c 00 6b 65 72  6e 65 6c 2f 70 72 6f 63  |NULL.kernel/proc|
000088d0  73 2e 63 00 25 73 20 28  25 73 20 40 20 25 64 29  |s.c.%s (%s @ %d)|
000088e0  2c 20 61 73 73 65 72 74  69 6f 6e 20 25 73 20 66  |, assertion %s f|
000088f0  61 69 6c 65 64 0a 00 00  28 72 65 61 64 79 5b 50  |ailed...(ready[P|
00008900  52 49 4f 5f 53 54 44 5d  20 3d 20 71 75 65 5f 61  |RIO_STD] = que_a|
00008910  6c 6c 6f 63 28 4e 55 4c  4c 29 29 20 21 3d 20 4e  |lloc(NULL)) != N|
00008920  55 4c 4c 00 28 72 65 61  64 79 5b 50 52 49 4f 5f  |ULL.(ready[PRIO_|
00008930  4c 4f 57 5d 20 3d 20 71  75 65 5f 61 6c 6c 6f 63  |LOW] = que_alloc|
00008940  28 4e 55 4c 4c 29 29 20  21 3d 20 4e 55 4c 4c 00  |(NULL)) != NULL.|
00008950  28 73 6c 65 65 70 69 6e  67 20 3d 20 71 75 65 5f  |(sleeping = que_|
00008960  61 6c 6c 6f 63 28 20 63  6f 6d 70 5f 77 61 6b 65  |alloc( comp_wake|
00008970  75 70 20 29 29 20 21 3d  20 4e 55 4c 4c 00 00 00  |up )) != NULL...|
00008980  28 7a 6f 6d 62 69 65 20  3d 20 71 75 65 5f 61 6c  |(zombie = que_al|
00008990  6c 6f 63 28 4e 55 4c 4c  29 29 20 21 3d 20 4e 55  |loc(NULL)) != NU|
000089a0  4c 4c 00 00 28 62 6c 6f  63 6b 65 64 20 3d 20 71  |LL..(blocked = q|
000089b0  75 65 5f 61 6c 6c 6f 63  28 4e 55 4c 4c 29 29 20  |ue_alloc(NULL)) |
000089c0  21 3d 20 4e 55 4c 4c 00  28 73 69 6f 72 65 61 64  |!= NULL.(sioread|
000089d0  20 3d 20 71 75 65 5f 61  6c 6c 6f 63 28 4e 55 4c  | = que_alloc(NUL|
000089e0  4c 29 29 20 21 3d 20 4e  55 4c 4c 00 70 63 62 20  |L)) != NULL.pcb |
000089f0  21 3d 20 4e 55 4c 4c 00  25 73 20 28 25 73 20 40  |!= NULL.%s (%s @|
00008a00  20 25 64 29 2c 20 61 73  73 65 72 74 31 20 25 73  | %d), assert1 %s|
00008a10  20 66 61 69 6c 65 64 0a  00 70 69 64 20 3e 3d 20  | failed..pid >= |
00008a20  46 49 52 53 54 5f 55 53  45 52 5f 50 49 44 00 00  |FIRST_USER_PID..|
00008a30  70 61 72 65 6e 74 20 3e  3d 20 70 74 61 62 6c 65  |parent >= ptable|
00008a40  20 26 26 20 70 61 72 65  6e 74 20 3c 20 26 70 74  | && parent < &pt|
00008a50  61 62 6c 65 5b 4e 5f 50  52 4f 43 53 5d 00 00 00  |able[N_PROCS]...|
00008a60  71 75 65 5f 69 6e 73 65  72 74 28 7a 6f 6d 62 69  |que_insert(zombi|
00008a70  65 2c 70 63 62 29 20 3d  3d 20 45 5f 53 55 43 43  |e,pcb) == E_SUCC|
00008a80  45 53 53 00 70 63 62 5f  69 78 28 70 29 20 3e 3d  |ESS.pcb_ix(p) >=|
00008a90  20 30 00 00 70 2d 3e 70  72 69 6f 72 69 74 79 20  | 0..p->priority |
00008aa0  3e 3d 20 50 52 49 4f 5f  46 49 52 53 54 20 26 26  |>= PRIO_FIRST &&|
00008ab0  20 70 2d 3e 70 72 69 6f  72 69 74 79 20 3c 3d 20  | p->priority <= |
00008ac0  50 52 49 4f 5f 4c 41 53  54 00 73 63 68 65 64 75  |PRIO_LAST.schedu|
00008ad0  6c 65 2c 20 71 75 65 20  69 6e 73 65 72 74 20 66  |le, que insert f|
00008ae0  61 69 6c 00 25 73 20 28  25 73 20 40 20 25 64 29  |ail.%s (%s @ %d)|
00008af0  2c 20 25 64 3a 20 25 73  0a 00 70 20 21 3d 20 4e  |, %d: %s..p != N|
00008b00  55 4c 4c 00 70 63 62 5f  69 6e 69 74 00 00 00 00  |ULL.pcb_init....|
00008b10  70 63 62 5f 61 6c 6c 6f  63 00 00 00 70 63 62 5f  |pcb_alloc...pcb_|
00008b20  66 72 65 65 00 00 00 00  70 63 62 5f 66 69 6e 64  |free....pcb_find|
00008b30  5f 70 69 64 00 00 00 00  70 63 62 5f 66 69 6e 64  |_pid....pcb_find|
00008b40  5f 63 68 69 6c 64 5f 6f  66 00 00 00 70 63 62 5f  |_child_of...pcb_|
00008b50  7a 6f 6d 62 69 66 79 00  73 63 68 65 64 75 6c 65  |zombify.schedule|
00008b60  00 00 00 00 64 69 73 70  61 74 63 68 00 00 00 00  |....dispatch....|
00008b70  71 6e 20 21 3d 20 4e 55  4c 4c 00 6b 65 72 6e 65  |qn != NULL.kerne|
00008b80  6c 2f 71 75 65 75 65 73  2e 63 00 00 25 73 20 28  |l/queues.c..%s (|
00008b90  25 73 20 40 20 25 64 29  2c 20 61 73 73 65 72 74  |%s @ %d), assert|
00008ba0  31 20 25 73 20 66 61 69  6c 65 64 0a 00 62 6c 6f  |1 %s failed..blo|
00008bb0  63 6b 20 21 3d 20 4e 55  4c 4c 00 00 25 73 20 28  |ck != NULL..%s (|
00008bc0  25 73 20 40 20 25 64 29  2c 20 61 73 73 65 72 74  |%s @ %d), assert|
00008bd0  69 6f 6e 20 25 73 20 66  61 69 6c 65 64 0a 00 3f  |ion %s failed..?|
00008be0  3f 3f 00 25 73 3a 20 00  4e 55 4c 4c 3f 3f 3f 0a  |??.%s: .NULL???.|
00008bf0  00 68 65 61 64 20 25 30  38 78 20 74 61 69 6c 20  |.head %08x tail |
00008c00  25 30 38 78 20 6c 65 6e  20 25 64 00 20 63 6f 6d  |%08x len %d. com|
00008c10  70 61 72 65 20 25 30 38  78 0a 00 20 46 49 46 4f  |pare %08x.. FIFO|
00008c20  0a 00 20 64 61 74 61 3a  20 00 20 5b 25 30 38 78  |.. data: . [%08x|
00008c30  5d 00 20 2e 2e 2e 00 20  51 75 65 00 71 75 65 5f  |]. .... Que.que_|
00008c40  66 72 65 65 2c 20 62 61  64 20 71 75 65 75 65 20  |free, bad queue |
00008c50  70 6f 69 6e 74 65 72 00  71 75 65 5f 66 72 65 65  |pointer.que_free|
00008c60  20 6f 66 20 61 6c 72 65  61 64 79 2d 66 72 65 65  | of already-free|
00008c70  20 71 75 65 75 65 00 71  75 65 5f 6c 65 6e 67 74  | queue.que_lengt|
00008c80  68 2c 20 62 61 64 20 71  75 65 20 70 6f 69 6e 74  |h, bad que point|
00008c90  65 72 00 71 75 65 5f 6c  65 6e 67 74 68 2c 20 75  |er.que_length, u|
00008ca0  6e 61 6c 6c 6f 63 61 74  65 64 20 71 75 65 75 65  |nallocated queue|
00008cb0  00 71 75 65 5f 69 78 28  71 29 20 3e 3d 20 30 00  |.que_ix(q) >= 0.|
00008cc0  71 2d 3e 68 65 61 64 20  3d 3d 20 4e 55 4c 4c 20  |q->head == NULL |
00008cd0  26 26 20 71 2d 3e 74 61  69 6c 20 3d 3d 20 4e 55  |&& q->tail == NU|
00008ce0  4c 4c 00 00 71 2d 3e 68  65 61 64 20 21 3d 20 4e  |LL..q->head != N|
00008cf0  55 4c 4c 20 26 26 20 71  2d 3e 74 61 69 6c 20 21  |ULL && q->tail !|
00008d00  3d 20 4e 55 4c 4c 00 71  20 21 3d 20 4e 55 4c 4c  |= NULL.q != NULL|
00008d10  00 00 00 00 71 6e 6f 64  65 5f 66 72 65 65 00 00  |....qnode_free..|
00008d20  71 6e 6f 64 65 5f 61 64  64 5f 70 61 67 65 00 00  |qnode_add_page..|
00008d30  71 75 65 5f 69 6e 73 65  72 74 00 00 71 75 65 5f  |que_insert..que_|
00008d40  70 65 65 6b 00 00 00 00  71 75 65 5f 72 65 6d 6f  |peek....que_remo|
00008d50  76 65 00 00 71 75 65 5f  72 65 6d 6f 76 65 5f 62  |ve..que_remove_b|
00008d60  79 00 00 00 2a 2a 20 53  49 4f 20 69 6e 74 2c 20  |y...** SIO int, |
00008d70  4c 53 52 20 3d 20 25 30  32 78 0a 00 71 75 65 5f  |LSR = %02x..que_|
00008d80  72 65 6d 6f 76 65 28 20  28 73 69 6f 72 65 61 64  |remove( (sioread|
00008d90  29 2c 20 28 76 6f 69 64  20 2a 2a 29 20 26 28 70  |), (void **) &(p|
00008da0  63 62 29 20 29 20 3d 3d  20 45 5f 53 55 43 43 45  |cb) ) == E_SUCCE|
00008db0  53 53 00 6b 65 72 6e 65  6c 2f 73 69 6f 2e 63 00  |SS.kernel/sio.c.|
00008dc0  25 73 20 28 25 73 20 40  20 25 64 29 2c 20 61 73  |%s (%s @ %d), as|
00008dd0  73 65 72 74 69 6f 6e 20  25 73 20 66 61 69 6c 65  |sertion %s faile|
00008de0  64 0a 00 70 63 62 20 21  3d 20 4e 55 4c 4c 00 00  |d..pcb != NULL..|
00008df0  2a 2a 20 53 49 4f 20 46  49 46 4f 20 74 69 6d 65  |** SIO FIFO time|
00008e00  6f 75 74 2c 20 52 58 44  20 3d 20 25 30 32 78 0a  |out, RXD = %02x.|
00008e10  00 2a 2a 20 53 49 4f 20  69 6e 74 2c 20 4d 53 52  |.** SIO int, MSR|
00008e20  20 3d 20 25 30 32 78 0a  00 73 69 6f 20 69 73 72  | = %02x..sio isr|
00008e30  3a 20 49 49 52 20 25 30  32 78 0a 00 25 73 20 28  |: IIR %02x..%s (|
00008e40  25 73 20 40 20 25 64 29  2c 20 25 64 3a 20 25 73  |%s @ %d), %d: %s|
00008e50  0a 00 00 00 48 44 01 00  2f 44 01 00 8e 43 01 00  |....HD../D...C..|
00008e60  72 44 01 00 f6 41 01 00  72 44 01 00 c9 41 01 00  |rD...A..rD...A..|
00008e70  72 44 01 00 72 44 01 00  72 44 01 00 72 44 01 00  |rD..rD..rD..rD..|
00008e80  72 44 01 00 5c 43 01 00  20 53 69 6f 00 00 00 00  |rD..\C.. Sio....|
00008e90  53 49 4f 3a 20 49 45 52  20 25 30 32 78 20 28 25  |SIO: IER %02x (%|
00008ea0  63 25 63 25 63 29 20 69  6e 20 25 64 20 6f 74 20  |c%c%c) in %d ot |
00008eb0  25 64 00 53 49 4f 20 69  6e 70 75 74 20 71 75 65  |%d.SIO input que|
00008ec0  75 65 3a 20 22 00 22 0a  00 53 49 4f 20 6f 75 74  |ue: "."..SIO out|
00008ed0  70 75 74 20 71 75 65 75  65 3a 20 22 00 20 6f 74  |put queue: ". ot|
00008ee0  3a 20 22 00 73 69 6f 5f  69 73 72 00 20 53 74 6b  |: ".sio_isr. Stk|
00008ef0  00 00 00 00 73 74 6b 5f  61 6c 6c 6f 63 28 26 6b  |....stk_alloc(&k|
00008f00  73 74 61 63 6b 29 20 3d  3d 20 45 5f 53 55 43 43  |stack) == E_SUCC|
00008f10  45 53 53 00 6b 65 72 6e  65 6c 2f 73 74 61 63 6b  |ESS.kernel/stack|
00008f20  73 2e 63 00 25 73 20 28  25 73 20 40 20 25 64 29  |s.c.%s (%s @ %d)|
00008f30  2c 20 61 73 73 65 72 74  69 6f 6e 20 25 73 20 66  |, assertion %s f|
00008f40  61 69 6c 65 64 0a 00 73  74 6b 20 21 3d 20 4e 55  |ailed..stk != NU|
00008f50  4c 4c 00 00 25 73 20 28  25 73 20 40 20 25 64 29  |LL..%s (%s @ %d)|
00008f60  2c 20 61 73 73 65 72 74  31 20 25 73 20 66 61 69  |, assert1 %s fai|
00008f70  6c 65 64 0a 00 2a 2a 2a  20 73 74 61 63 6b 00 20  |led..*** stack. |
00008f80  28 25 73 29 3a 0a 00 3a  0a 00 25 30 38 78 25 63  |(%s):..:..%08x%c|
00008f90  00 25 73 20 25 73 0a 00  73 74 6b 5f 69 6e 69 74  |.%s %s..stk_init|
00008fa0  00 00 00 00 73 74 6b 5f  66 72 65 65 00 00 00 00  |....stk_free....|
00008fb0  0a 2a 2a 20 55 4e 45 58  50 45 43 54 45 44 20 76  |.** UNEXPECTED v|
00008fc0  65 63 74 6f 72 20 30 78  25 30 32 78 2c 20 63 6f  |ector 0x%02x, co|
00008fd0  64 65 3d 25 64 0a 00 55  6e 65 78 70 65 63 74 65  |de=%d..Unexpecte|
00008fe0  64 20 69 6e 74 65 72 72  75 70 74 00 0a 49 4c 4c  |d interrupt..ILL|
00008ff0  20 4f 50 20 46 41 55 4c  54 20 76 65 63 20 25 30  | OP FAULT vec %0|
00009000  32 78 20 63 6f 64 65 20  25 64 0a 00 41 44 44 52  |2x code %d..ADDR|
00009010  45 53 53 3a 20 43 53 20  25 30 34 78 20 45 49 50  |ESS: CS %04x EIP|
00009020  20 25 30 38 78 0a 00 43  75 72 72 65 6e 74 00 63  | %08x..Current.c|
00009030  75 72 72 65 6e 74 00 49  6c 6c 65 67 61 6c 20 4f  |urrent.Illegal O|
00009040  70 63 6f 64 65 20 66 61  75 6c 74 00 0a 47 50 20  |pcode fault..GP |
00009050  46 41 55 4c 54 20 76 65  63 20 25 30 32 78 20 63  |FAULT vec %02x c|
00009060  6f 64 65 20 25 64 00 20  2d 3e 20 73 65 6c 2f 69  |ode %d. -> sel/i|
00009070  64 74 20 6e 75 6d 62 65  72 3a 20 25 30 38 78 0a  |dt number: %08x.|
00009080  00 47 65 6e 65 72 61 6c  20 50 72 6f 74 65 63 74  |.General Protect|
00009090  69 6f 6e 20 66 61 75 6c  74 00 00 00 0a 2a 2a 20  |ion fault....** |
000090a0  44 45 46 41 55 4c 54 20  76 65 63 74 6f 72 20 30  |DEFAULT vector 0|
000090b0  78 25 30 32 78 2c 20 63  6f 64 65 3d 25 64 0a 00  |x%02x, code=%d..|
000090c0  55 6e 65 78 70 65 63 74  65 64 20 22 65 78 70 65  |Unexpected "expe|
000090d0  63 74 65 64 22 20 69 6e  74 65 72 72 75 70 74 21  |cted" interrupt!|
000090e0  00 00 00 00 0a 2a 2a 20  4d 59 53 54 45 52 59 20  |.....** MYSTERY |
000090f0  76 65 63 74 6f 72 20 30  78 25 30 32 78 2c 20 63  |vector 0x%02x, c|
00009100  6f 64 65 3d 25 64 0a 00  0a 50 41 4e 49 43 3a 20  |ode=%d...PANIC: |
00009110  25 73 0a 48 61 6c 74 69  6e 67 2e 2e 2e 00 00 00  |%s.Halting......|
00009120  70 61 72 65 6e 74 20 21  3d 20 4e 55 4c 4c 00 6b  |parent != NULL.k|
00009130  65 72 6e 65 6c 2f 73 79  73 63 61 6c 6c 73 2e 63  |ernel/syscalls.c|
00009140  00 00 00 00 25 73 20 28  25 73 20 40 20 25 64 29  |....%s (%s @ %d)|
00009150  2c 20 61 73 73 65 72 74  31 20 25 73 20 66 61 69  |, assert1 %s fai|
00009160  6c 65 64 0a 00 63 68 69  6c 64 20 21 3d 20 4e 55  |led..child != NU|
00009170  4c 4c 00 70 63 62 20 21  3d 20 4e 55 4c 4c 00 00  |LL.pcb != NULL..|
00009180  25 73 20 28 25 73 20 40  20 25 64 29 2c 20 61 73  |%s (%s @ %d), as|
00009190  73 65 72 74 69 6f 6e 20  25 73 20 66 61 69 6c 65  |sertion %s faile|
000091a0  64 0a 00 70 61 72 65 6e  74 2d 3e 73 74 61 74 65  |d..parent->state|
000091b0  20 21 3d 20 53 54 41 54  45 5f 55 4e 55 53 45 44  | != STATE_UNUSED|
000091c0  00 70 61 72 65 6e 74 20  21 3d 20 70 63 62 00 6e  |.parent != pcb.n|
000091d0  65 78 74 2d 3e 70 61 72  65 6e 74 20 3d 3d 20 70  |ext->parent == p|
000091e0  63 62 00 00 71 75 65 5f  72 65 6d 6f 76 65 5f 62  |cb..que_remove_b|
000091f0  79 28 7a 6f 6d 62 69 65  2c 66 6f 72 5f 69 6e 69  |y(zombie,for_ini|
00009200  74 29 20 3d 3d 20 45 5f  53 55 43 43 45 53 53 00  |t) == E_SUCCESS.|
00009210  70 63 62 2d 3e 63 6f 6e  74 65 78 74 20 21 3d 20  |pcb->context != |
00009220  4e 55 4c 4c 00 00 00 00  71 75 65 5f 69 6e 73 65  |NULL....que_inse|
00009230  72 74 28 73 69 6f 72 65  61 64 2c 28 76 6f 69 64  |rt(sioread,(void|
00009240  20 2a 29 70 63 62 29 20  21 3d 20 45 5f 53 55 43  | *)pcb) != E_SUC|
00009250  43 45 53 53 00 0a 2a 2a  20 25 73 20 28 25 73 20  |CESS..** %s (%s |
00009260  40 20 25 64 29 3a 20 00  73 6c 65 65 70 20 70 63  |@ %d): .sleep pc|
00009270  62 20 69 6e 73 65 72 74  20 66 61 69 6c 65 64 00  |b insert failed.|
00009280  74 55 01 00 09 58 01 00  fb 58 01 00 f9 5a 01 00  |tU...X...X...Z..|
00009290  f1 5b 01 00 5b 5d 01 00  12 5e 01 00 f0 5e 01 00  |.[..[]...^...^..|
000092a0  46 5f 01 00 9c 5f 01 00  63 75 72 72 65 6e 74 20  |F_..._..current |
000092b0  21 3d 20 4e 55 4c 4c 00  63 75 72 72 65 6e 74 2d  |!= NULL.current-|
000092c0  3e 63 6f 6e 74 65 78 74  20 21 3d 20 4e 55 4c 4c  |>context != NULL|
000092d0  00 00 00 00 73 79 73 5f  69 73 72 3a 20 70 69 64  |....sys_isr: pid|
000092e0  20 25 64 20 62 61 64 20  73 79 73 63 61 6c 6c 20  | %d bad syscall |
000092f0  28 25 64 29 0a 00 20 53  79 73 00 00 73 74 61 74  |(%d).. Sys..stat|
00009300  75 73 5f 72 65 74 75 72  6e 00 00 00 73 79 73 5f  |us_return...sys_|
00009310  65 78 69 74 00 00 00 00  73 79 73 5f 77 61 69 74  |exit....sys_wait|
00009320  00 00 00 00 73 79 73 5f  66 6f 72 6b 00 00 00 00  |....sys_fork....|
00009330  73 79 73 5f 65 78 65 63  00 00 00 00 73 79 73 5f  |sys_exec....sys_|
00009340  72 65 61 64 00 00 00 00  73 79 73 5f 77 72 69 74  |read....sys_writ|
00009350  65 00 00 00 73 79 73 5f  73 6c 65 65 70 00 00 00  |e...sys_sleep...|
00009360  73 79 73 5f 67 65 74 70  69 64 00 00 73 79 73 5f  |sys_getpid..sys_|
00009370  67 65 74 74 69 6d 65 00  73 79 73 5f 67 65 74 70  |gettime.sys_getp|
00009380  72 69 6f 00 73 79 73 5f  69 73 72 00 5c 78 25 30  |rio.sys_isr.\x%0|
00009390  32 78 00 54 72 61 63 65  3a 20 20 00 4e 55 4c 4c  |2x.Trace:  .NULL|
000093a0  20 65 62 70 2c 20 6e 6f  20 74 72 61 63 65 20 70  | ebp, no trace p|
000093b0  6f 73 73 69 62 6c 65 0a  00 20 65 62 70 20 25 30  |ossible.. ebp %0|
000093c0  38 78 20 72 65 74 20 25  30 38 78 20 61 72 67 73  |8x ret %08x args|
000093d0  00 20 5b 25 75 5d 20 25  30 38 78 00 0a 2a 2a 2a  |. [%u] %08x..***|
000093e0  2a 2a 20 4b 45 52 4e 45  4c 20 50 41 4e 49 43 20  |** KERNEL PANIC |
000093f0  2a 2a 2a 2a 2a 0a 00 25  73 0a 00 43 75 72 72 65  |*****..%s..Curre|
00009400  6e 74 00 52 48 00 52 53  00 52 4c 00 53 00 5a 00  |nt.RH.RS.RL.S.Z.|
00009410  42 00 49 00 0a 0a 50 61  6e 69 63 20 69 6e 66 6f  |B.I...Panic info|
00009420  72 6d 61 74 69 6f 6e 3a  0a 00 46 75 6c 6c 20 70  |rmation:..Full p|
00009430  72 6f 63 65 73 73 20 74  61 62 6c 65 00 46 75 6c  |rocess table.Ful|
00009440  6c 20 63 6f 6e 74 65 78  74 20 64 75 6d 70 00 2a  |l context dump.*|
00009450  2a 2a 20 48 41 4c 54 49  4e 47 00 00 30 31 32 33  |** HALTING..0123|
00009460  34 35 36 37 38 39 41 42  43 44 45 46 00 00 00 00  |456789ABCDEF....|
00009470  c3 68 01 00 01 69 01 00  4d 6a 01 00 4d 6a 01 00  |.h...i..Mj..Mj..|
00009480  4d 6a 01 00 4d 6a 01 00  4d 6a 01 00 4d 6a 01 00  |Mj..Mj..Mj..Mj..|
*
000094a0  bb 69 01 00 4d 6a 01 00  4d 6a 01 00 4d 6a 01 00  |.i..Mj..Mj..Mj..|
000094b0  45 69 01 00 4d 6a 01 00  fc 69 01 00 4d 6a 01 00  |Ei..Mj...i..Mj..|
000094c0  4d 6a 01 00 77 69 01 00  00 00 00 00 00 00 00 00  |Mj..wi..........|
000094d0  00 00 00 00 00 00 00 00  00 00 00 00 00 00 00 00  |................|
*
0000a000  45 01 01 00 4e 01 01 00  57 01 01 00 60 01 01 00  |E...N...W...`...|
0000a010  69 01 01 00 72 01 01 00  7b 01 01 00 84 01 01 00  |i...r...{.......|
0000a020  8d 01 01 00 94 01 01 00  9d 01 01 00 a4 01 01 00  |................|
0000a030  ab 01 01 00 b2 01 01 00  b9 01 01 00 c0 01 01 00  |................|
0000a040  c9 01 01 00 d2 01 01 00  d9 01 01 00 e2 01 01 00  |................|
0000a050  eb 01 01 00 f4 01 01 00  fb 01 01 00 04 02 01 00  |................|
0000a060  0d 02 01 00 16 02 01 00  1f 02 01 00 28 02 01 00  |............(...|
0000a070  31 02 01 00 3a 02 01 00  43 02 01 00 4c 02 01 00  |1...:...C...L...|
0000a080  55 02 01 00 5e 02 01 00  67 02 01 00 70 02 01 00  |U...^...g...p...|
0000a090  79 02 01 00 82 02 01 00  8b 02 01 00 94 02 01 00  |y...............|
0000a0a0  9d 02 01 00 a6 02 01 00  af 02 01 00 b8 02 01 00  |................|
0000a0b0  c1 02 01 00 ca 02 01 00  d3 02 01 00 dc 02 01 00  |................|
0000a0c0  e5 02 01 00 ee 02 01 00  f7 02 01 00 00 03 01 00  |................|
0000a0d0  09 03 01 00 12 03 01 00  1b 03 01 00 24 03 01 00  |............$...|
0000a0e0  2d 03 01 00 36 03 01 00  3f 03 01 00 48 03 01 00  |-...6...?...H...|
0000a0f0  51 03 01 00 5a 03 01 00  63 03 01 00 6c 03 01 00  |Q...Z...c...l...|
0000a100  75 03 01 00 7e 03 01 00  87 03 01 00 90 03 01 00  |u...~...........|
0000a110  99 03 01 00 a2 03 01 00  ab 03 01 00 b4 03 01 00  |................|
0000a120  bd 03 01 00 c6 03 01 00  cf 03 01 00 d8 03 01 00  |................|
0000a130  e1 03 01 00 ea 03 01 00  f3 03 01 00 fc 03 01 00  |................|
0000a140  05 04 01 00 0e 04 01 00  17 04 01 00 20 04 01 00  |............ ...|
0000a150  29 04 01 00 32 04 01 00  3b 04 01 00 44 04 01 00  |)...2...;...D...|
0000a160  4d 04 01 00 56 04 01 00  5f 04 01 00 68 04 01 00  |M...V..._...h...|
0000a170  71 04 01 00 7a 04 01 00  83 04 01 00 8c 04 01 00  |q...z...........|
0000a180  95 04 01 00 9e 04 01 00  a7 04 01 00 b0 04 01 00  |................|
0000a190  b9 04 01 00 c2 04 01 00  cb 04 01 00 d4 04 01 00  |................|
0000a1a0  dd 04 01 00 e6 04 01 00  ef 04 01 00 f8 04 01 00  |................|
0000a1b0  01 05 01 00 0a 05 01 00  13 05 01 00 1c 05 01 00  |................|
0000a1c0  25 05 01 00 2e 05 01 00  37 05 01 00 40 05 01 00  |%.......7...@...|
0000a1d0  49 05 01 00 52 05 01 00  5b 05 01 00 64 05 01 00  |I...R...[...d...|
0000a1e0  6d 05 01 00 76 05 01 00  7f 05 01 00 88 05 01 00  |m...v...........|
0000a1f0  91 05 01 00 9a 05 01 00  a3 05 01 00 ac 05 01 00  |................|
0000a200  b5 05 01 00 c1 05 01 00  cd 05 01 00 d9 05 01 00  |................|
0000a210  e5 05 01 00 f1 05 01 00  fd 05 01 00 09 06 01 00  |................|
0000a220  15 06 01 00 21 06 01 00  2d 06 01 00 39 06 01 00  |....!...-...9...|
0000a230  45 06 01 00 51 06 01 00  5d 06 01 00 69 06 01 00  |E...Q...]...i...|
0000a240  75 06 01 00 81 06 01 00  8d 06 01 00 99 06 01 00  |u...............|
0000a250  a5 06 01 00 b1 06 01 00  bd 06 01 00 c9 06 01 00  |................|
0000a260  d5 06 01 00 e1 06 01 00  ed 06 01 00 f9 06 01 00  |................|
0000a270  05 07 01 00 11 07 01 00  1d 07 01 00 29 07 01 00  |............)...|
0000a280  35 07 01 00 41 07 01 00  4d 07 01 00 59 07 01 00  |5...A...M...Y...|
0000a290  65 07 01 00 71 07 01 00  7d 07 01 00 89 07 01 00  |e...q...}.......|
0000a2a0  95 07 01 00 a1 07 01 00  ad 07 01 00 b9 07 01 00  |................|
0000a2b0  c5 07 01 00 d1 07 01 00  dd 07 01 00 e9 07 01 00  |................|
0000a2c0  f5 07 01 00 01 08 01 00  0d 08 01 00 19 08 01 00  |................|
0000a2d0  25 08 01 00 31 08 01 00  3d 08 01 00 49 08 01 00  |%...1...=...I...|
0000a2e0  55 08 01 00 61 08 01 00  6d 08 01 00 79 08 01 00  |U...a...m...y...|
0000a2f0  85 08 01 00 91 08 01 00  9d 08 01 00 a9 08 01 00  |................|
0000a300  b5 08 01 00 c1 08 01 00  cd 08 01 00 d9 08 01 00  |................|
0000a310  e5 08 01 00 f1 08 01 00  fd 08 01 00 09 09 01 00  |................|
0000a320  15 09 01 00 21 09 01 00  2d 09 01 00 39 09 01 00  |....!...-...9...|
0000a330  45 09 01 00 51 09 01 00  5d 09 01 00 69 09 01 00  |E...Q...]...i...|
0000a340  75 09 01 00 81 09 01 00  8d 09 01 00 99 09 01 00  |u...............|
0000a350  a5 09 01 00 b1 09 01 00  bd 09 01 00 c9 09 01 00  |................|
0000a360  d5 09 01 00 e1 09 01 00  ed 09 01 00 f9 09 01 00  |................|
0000a370  05 0a 01 00 11 0a 01 00  1d 0a 01 00 29 0a 01 00  |............)...|
0000a380  35 0a 01 00 41 0a 01 00  4d 0a 01 00 59 0a 01 00  |5...A...M...Y...|
0000a390  65 0a 01 00 71 0a 01 00  7d 0a 01 00 89 0a 01 00  |e...q...}.......|
0000a3a0  95 0a 01 00 a1 0a 01 00  ad 0a 01 00 b9 0a 01 00  |................|
0000a3b0  c5 0a 01 00 d1 0a 01 00  dd 0a 01 00 e9 0a 01 00  |................|
0000a3c0  f5 0a 01 00 01 0b 01 00  0d 0b 01 00 19 0b 01 00  |................|
0000a3d0  25 0b 01 00 31 0b 01 00  3d 0b 01 00 49 0b 01 00  |%...1...=...I...|
0000a3e0  55 0b 01 00 61 0b 01 00  6d 0b 01 00 79 0b 01 00  |U...a...m...y...|
0000a3f0  85 0b 01 00 91 0b 01 00  9d 0b 01 00 a9 0b 01 00  |................|
0000a400  ff 1b 31 32 33 34 35 36  37 38 39 30 2d 3d 08 09  |..1234567890-=..|
0000a410  71 77 65 72 74 79 75 69  6f 70 5b 5d 0a ff 61 73  |qwertyuiop[]..as|
0000a420  64 66 67 68 6a 6b 6c 3b  27 60 ff 5c 7a 78 63 76  |dfghjkl;'`.\zxcv|
0000a430  62 6e 6d 2c 2e 2f ff 2a  ff 20 ff ff ff ff ff ff  |bnm,./.*. ......|
0000a440  ff ff ff ff ff ff ff 37  38 39 2d 34 35 36 2b 31  |.......789-456+1|
0000a450  32 33 30 2e ff ff ff ff  ff ff ff ff ff ff ff ff  |230.............|
0000a460  ff ff ff ff ff ff ff ff  ff ff ff ff ff ff ff ff  |................|
*
0000a480  ff 1b 21 40 23 24 25 5e  26 2a 28 29 5f 2b 08 09  |..!@#$%^&*()_+..|
0000a490  51 57 45 52 54 59 55 49  4f 50 7b 7d 0a ff 41 53  |QWERTYUIOP{}..AS|
0000a4a0  44 46 47 48 4a 4b 4c 3a  22 7e ff 7c 5a 58 43 56  |DFGHJKL:"~.|ZXCV|
0000a4b0  42 4e 4d 3c 3e 3f ff 2a  ff 20 ff ff ff ff ff ff  |BNM<>?.*. ......|
0000a4c0  ff ff ff ff ff ff ff 37  38 39 2d 34 35 36 2b 31  |.......789-456+1|
0000a4d0  32 33 30 2e ff ff ff ff  ff ff ff ff ff ff ff ff  |230.............|
0000a4e0  ff ff ff ff ff ff ff ff  ff ff ff ff ff ff ff ff  |................|
*
0000a500  40 a0 01 00 40 a0 01 00  ff 00 00 00 5c 00 00 00  |@...@.......\...|
0000a510  05 00 04 00 2e 00 00 00  01 01 01 fb 0e 0d 00 01  |................|
0000a520  01 01 01 00 00 00 01 00  00 01 01 01 1f 02 00 00  |................|
0000a530  00 00 1b 00 00 00 02 01  1f 02 0f 02 22 00 00 00  |............"...|
0000a540  01 22 00 00 00 01 00 05  02 00 00 01 00 03 2e 01  |."..............|
0000a550  21 2f 34 2f 4b 2f 2f 2f  30 4b 30 59 03 0a 2e 5a  |!/4/K///0K0Y...Z|
0000a560  67 3d 67 36 03 09 58 02  05 00 01 01 35 01 00 00  |g=g6..X.....5...|
0000a570  05 00 04 00 2e 00 00 00  01 01 01 fb 0e 0d 00 01  |................|
0000a580  01 01 01 00 00 00 01 00  00 01 01 01 1f 02 00 00  |................|
0000a590  00 00 1b 00 00 00 02 01  1f 02 0f 02 2a 00 00 00  |............*...|
0000a5a0  01 2a 00 00 00 01 00 05  02 40 00 01 00 03 d9 00  |.*.......@......|
0000a5b0  01 21 21 21 2f 2f 03 0c  20 4b 03 0f 4a 67 03 09  |.!!!//.. K..Jg..|
0000a5c0  2e 6c 3d 21 25 75 2f 03  10 3c 67 35 2f 3d 21 59  |.l=!%u/..<g5/=!Y|
0000a5d0  03 12 3c 59 2f 2f 59 42  21 2f 2f 21 21 21 3d 03  |..<Y//YB!//!!!=.|
0000a5e0  10 02 a4 01 01 02 24 13  02 24 13 08 c9 08 c9 02  |......$..$......|
0000a5f0  22 13 02 22 13 02 24 13  02 24 13 02 24 13 02 24  |".."..$..$..$..$|
0000a600  13 02 24 13 02 24 13 02  24 13 02 24 13 02 24 13  |..$..$..$..$..$.|
0000a610  02 24 13 02 24 13 02 24  13 02 24 13 02 24 13 02  |.$..$..$..$..$..|
0000a620  24 13 02 24 13 02 24 13  02 24 13 02 24 13 02 24  |$..$..$..$..$..$|
0000a630  13 02 24 13 02 24 13 02  24 13 02 24 13 02 24 13  |..$..$..$..$..$.|
0000a640  02 24 13 02 30 13 02 30  13 02 30 13 02 30 13 02  |.$..0..0..0..0..|
0000a650  30 13 02 30 13 02 30 13  02 30 13 02 30 13 02 30  |0..0..0..0..0..0|
0000a660  13 02 30 13 02 30 13 02  30 13 02 30 13 02 30 13  |..0..0..0..0..0.|
0000a670  02 30 13 02 30 13 02 30  13 02 30 13 02 30 13 02  |.0..0..0..0..0..|
0000a680  30 13 02 30 13 02 30 13  02 30 13 02 30 13 02 30  |0..0..0..0..0..0|
0000a690  13 02 30 13 02 30 13 02  30 13 02 30 13 02 30 13  |..0..0..0..0..0.|
0000a6a0  02 30 00 01 01 02 07 00  00 05 00 04 00 5e 00 00  |.0...........^..|
0000a6b0  00 01 01 01 fb 0e 0d 00  01 01 01 01 00 00 00 01  |................|
0000a6c0  00 00 01 01 01 1f 04 00  00 00 00 1b 00 00 00 3e  |...............>|
0000a6d0  00 00 00 4c 00 00 00 02  01 1f 02 0f 0a 38 00 00  |...L.........8..|
0000a6e0  00 01 38 00 00 00 01 56  00 00 00 02 5c 00 00 00  |..8....V....\...|
0000a6f0  03 64 00 00 00 03 92 00  00 00 03 6a 00 00 00 03  |.d.........j....|
0000a700  72 00 00 00 03 ab 00 00  00 03 7c 00 00 00 03 05  |r.........|.....|
0000a710  1f 00 05 02 b5 0b 01 00  03 d6 00 01 05 0f 68 05  |..............h.|
0000a720  08 84 05 04 58 05 05 59  05 17 85 05 09 e4 05 07  |....X..Y........|
0000a730  58 04 02 05 02 03 89 02  f2 05 01 83 04 01 05 21  |X..............!|
0000a740  03 f9 7d 20 05 02 66 04  02 03 86 02 c8 05 01 83  |..} ..f.........|
0000a750  05 02 b9 05 01 83 04 01  05 02 03 fb 7d 20 04 02  |............} ..|
0000a760  03 84 02 f2 05 01 83 04  01 03 fc 7d 20 05 4a 41  |...........} .JA|
0000a770  05 08 6a 05 04 58 05 16  00 02 04 01 90 05 11 00  |..j..X..........|
0000a780  02 04 01 58 05 1a 91 05  13 08 9e 05 05 42 75 05  |...X.........Bu.|
0000a790  0c 91 05 0a 58 05 0c 84  05 0a 3c 05 07 b0 05 05  |....X.....<.....|
0000a7a0  74 05 06 00 02 04 01 83  05 13 00 02 04 01 57 05  |t.............W.|
0000a7b0  1a 59 05 15 58 05 06 00  02 04 01 59 05 29 00 02  |.Y..X......Y.)..|
0000a7c0  04 01 57 05 1a 59 05 15  58 05 10 5b 05 05 91 05  |..W..Y..X..[....|
0000a7d0  07 00 02 04 01 66 00 02  04 03 06 66 00 02 04 04  |.....f.....f....|
0000a7e0  66 05 04 06 68 08 15 08  67 03 77 08 2e 05 01 03  |f...h...g.w.....|
0000a7f0  0d 20 05 35 03 0a 2e 05  11 67 05 0f 08 9e 05 11  |. .5.....g......|
0000a800  59 05 0f 08 9e 05 11 59  05 0f 08 9e 05 11 59 05  |Y......Y......Y.|
0000a810  0f 08 9e 05 09 59 9f 05  02 9f 05 01 59 05 33 41  |.....Y......Y.3A|
0000a820  05 0b 67 05 09 02 24 12  05 0b 59 05 09 02 24 12  |..g...$...Y...$.|
0000a830  05 02 59 05 01 59 05 47  41 05 0a 67 05 04 66 05  |..Y..Y.GA..g..f.|
0000a840  09 98 05 05 58 05 0a 59  05 0e a0 05 0a 58 59 05  |....X..Y.....XY.|
0000a850  19 a1 05 0a 58 05 0f 69  05 0e bb 05 08 76 05 04  |....X..i.....v..|
0000a860  2f 05 06 08 2f 05 0c 48  05 07 87 05 05 74 05 04  |/.../..H.....t..|
0000a870  4b 05 01 03 09 c8 05 0f  03 79 2e 05 01 c1 05 03  |K........y......|
0000a880  2c 05 01 08 3e 05 24 3e  05 0d 6a 05 04 ac 05 03  |,...>.$>..j.....|
0000a890  4b 05 0a 08 83 05 0c a1  05 02 66 05 0f 08 35 05  |K.........f...5.|
0000a8a0  0e bb 05 08 76 05 04 2f  05 0b 08 91 05 11 c6 05  |....v../........|
0000a8b0  07 e9 05 05 74 05 04 4b  05 0f e6 05 0a bd 9f 05  |....t..K........|
0000a8c0  03 c9 05 0a 31 05 03 9f  31 05 0a 08 9f 05 0e c9  |....1...1.......|
0000a8d0  05 05 ac 05 0b 4b 9f 05  03 ca 05 02 22 05 01 59  |.....K......"..Y|
0000a8e0  05 45 41 05 07 69 05 03  2f 05 05 08 3d 05 13 48  |.EA..i../...=..H|
0000a8f0  05 0f 90 05 0d 3c 05 1f  66 05 24 00 02 04 01 66  |.....<..f.$....f|
0000a900  05 1f 00 02 04 01 58 05  01 5c 05 22 3e 05 07 69  |......X..\.">..i|
0000a910  05 03 2f 05 13 d5 05 0f  90 05 0d 3c 05 17 66 05  |../........<..f.|
0000a920  01 69 05 2f 4f 05 0b 67  05 02 74 05 13 00 02 04  |.i./O..g..t.....|
0000a930  03 2f 05 03 00 02 04 03  ac 05 1e 00 02 04 03 e3  |./..............|
0000a940  05 14 00 02 04 01 4a 05  01 85 05 1e 03 09 4a 05  |......J.......J.|
0000a950  25 67 05 0f c8 05 09 6a  05 02 82 05 18 2f 05 13  |%g.....j...../..|
0000a960  08 ba 05 0a 3e 05 03 74  05 07 00 02 04 03 2f 05  |....>..t....../.|
0000a970  0a 00 02 04 03 90 05 1d  00 02 04 03 57 05 11 00  |............W...|
0000a980  02 04 01 4a 05 2e 00 02  04 02 7f 05 1b 00 02 04  |...J............|
0000a990  01 4a 05 01 a5 05 1e 4c  05 17 67 05 12 08 e4 05  |.J.....L..g.....|
0000a9a0  23 3d 05 2b c8 05 3b 3c  05 43 c8 05 12 3c 05 07  |#=.+..;<.C...<..|
0000a9b0  68 05 06 2f 05 09 90 05  0a 59 05 10 48 05 01 6a  |h../.....Y..H..j|
0000a9c0  05 27 4d 05 1c 69 05 2b  c8 05 06 3c 05 1b 42 05  |.'M..i.+...<..B.|
0000a9d0  04 c8 05 03 59 05 0a 59  9f 05 03 9f 59 05 0c 5e  |....Y..Y....Y..^|
0000a9e0  05 02 82 05 0a 2f 05 08  02 22 12 3d 05 06 08 ba  |...../...".=....|
0000a9f0  05 0a 3d 05 03 74 05 11  00 02 04 03 2f 05 07 00  |..=..t....../...|
0000aa00  02 04 03 90 05 0c 00 02  04 03 90 05 0a 00 02 04  |................|
0000aa10  03 3c 05 1d 00 02 04 03  3b 05 11 00 02 04 01 4a  |.<......;......J|
0000aa20  05 3f 00 02 04 02 7f 05  31 00 02 04 01 4a 05 21  |.?......1....J.!|
0000aa30  00 02 04 01 9e 05 02 b4  05 08 2f 05 06 08 ba 05  |........../.....|
0000aa40  0a 3d 05 03 74 05 07 00  02 04 03 2f 05 0a 00 02  |.=..t....../....|
0000aa50  04 03 90 05 1d 00 02 04  03 57 05 11 00 02 04 01  |.........W......|
0000aa60  4a 05 24 80 05 0e 00 02  04 01 4a 05 01 c0 05 3a  |J.$.......J....:|
0000aa70  30 05 07 67 05 05 2f 05  0f 00 02 04 01 66 05 04  |0..g../......f..|
0000aa80  67 05 06 08 67 05 04 69  05 09 e6 05 0f 03 78 4a  |g...g..i......xJ|
0000aa90  05 09 03 0a 66 05 01 3d  05 26 31 05 04 69 05 09  |....f..=.&1..i..|
0000aaa0  67 05 07 d6 05 08 3e 05  04 91 05 10 00 02 04 01  |g.....>.........|
0000aab0  66 05 07 67 05 04 08 68  05 0e 00 02 04 01 66 05  |f..g...h......f.|
0000aac0  03 67 05 05 08 59 05 03  85 05 04 d8 05 10 00 02  |.g...Y..........|
0000aad0  04 01 66 05 07 67 05 09  08 68 05 01 3d 05 31 30  |..f..g...h..=.10|
0000aae0  05 08 67 05 05 03 0e 82  05 07 92 05 05 5e 05 0f  |..g..........^..|
0000aaf0  a6 05 0c 75 05 0a 75 05  0d 76 05 07 90 05 06 68  |...u..u..v.....h|
0000ab00  05 10 67 05 0e 75 05 08  90 05 06 69 05 0d 67 05  |..g..u.....i..g.|
0000ab10  0e 75 05 08 90 05 09 69  05 0b 2f 05 11 e5 05 0b  |.u.....i../.....|
0000ab20  74 05 0e 3d 05 08 90 05  15 63 00 02 04 01 06 66  |t..=.....c.....f|
0000ab30  05 04 06 03 09 66 05 0d  08 86 05 0a 90 05 08 2e  |.....f..........|
0000ab40  05 0e 3d 75 05 09 4b 05  05 02 23 13 05 1b 5c 05  |..=u..K...#...\.|
0000ab50  0b 90 05 09 08 4b 05 05  02 24 13 05 18 5c 05 15  |.....K...$...\..|
0000ab60  90 05 09 2e 3d 05 05 02  22 13 05 1b 5c 05 18 90  |....=..."...\...|
0000ab70  05 0b 2e 05 09 08 2f 05  05 02 24 13 05 1b 5c 05  |....../...$...\.|
0000ab80  18 90 05 0b 2e 05 09 08  2f 05 05 02 24 13 05 1b  |......../...$...|
0000ab90  5b 05 18 90 05 0b 2e 05  09 08 2f 05 05 02 24 13  |[........./...$.|
0000aba0  05 06 03 09 3c 05 10 00  02 04 01 66 05 05 67 08  |....<......f..g.|
0000abb0  75 05 08 f4 4e 05 06 83  05 08 31 05 05 03 76 4a  |u...N.....1...vJ|
0000abc0  03 0e 2e 05 13 03 9b 7f  f2 05 0d 90 05 17 66 05  |..............f.|
0000abd0  01 03 e9 00 9e 05 46 4c  05 02 67 05 01 08 67 05  |......FL..g...g.|
0000abe0  23 3e 05 02 67 05 01 08  2f 05 3b 03 d5 00 3c 05  |#>..g.../.;...<.|
0000abf0  04 3d 05 20 4a 05 04 58  05 0b 59 05 09 76 05 01  |.=. J..X..Y..v..|
0000ac00  3d 05 28 30 05 06 69 05  07 79 05 02 75 05 09 02  |=.(0..i..y..u...|
0000ac10  4e 15 05 03 9f 05 09 5c  05 03 9f 05 0d 5b 05 03  |N......\.....[..|
0000ac20  9f 05 0d 31 05 03 9f 05  07 35 05 05 82 05 1d 4b  |...1.....5.....K|
0000ac30  05 09 08 66 05 06 67 05  1d 67 05 11 08 17 05 0a  |...f..g..g......|
0000ac40  58 05 0e 67 05 07 58 05  19 59 05 06 ba 05 19 58  |X..g..X..Y.....X|
0000ac50  05 12 2e 05 11 2f 05 08  87 05 01 3d 05 32 30 04  |...../.....=.20.|
0000ac60  02 05 02 03 a6 7d c8 05  09 91 04 01 05 06 03 db  |.....}..........|
0000ac70  02 4a 05 0d 67 05 04 d9  05 10 00 02 04 01 66 05  |.J..g.........f.|
0000ac80  03 91 04 02 05 02 03 c2  7d 08 9e 05 01 83 04 01  |........}.......|
0000ac90  03 c0 02 20 05 19 3e 04  02 05 02 03 ff 7b 66 05  |... ..>......{f.|
0000aca0  09 59 04 01 05 06 03 82  04 3c 05 07 84 05 05 2f  |.Y.......<...../|
0000acb0  05 09 6a 04 02 05 02 00  02 04 01 03 91 7d 82 05  |..j..........}..|
0000acc0  09 00 02 04 01 91 04 01  05 1f 00 02 04 01 03 ee  |................|
0000acd0  02 4a 05 30 00 02 04 01  66 04 02 05 02 03 91 7d  |.J.0....f......}|
0000ace0  ac 05 09 91 04 01 05 0b  03 f1 02 4a 05 13 03 78  |...........J...x|
0000acf0  ba 05 06 03 0c e4 05 04  58 05 0e 67 05 0c d6 05  |........X..g....|
0000ad00  04 59 05 03 67 05 09 f4  05 01 4b 05 31 30 05 06  |.Y..g.....K.10..|
0000ad10  68 05 07 76 05 08 2f 05  06 58 05 05 3d 05 0a 69  |h..v../..X..=..i|
0000ad20  05 0d 90 05 09 67 05 08  4b 05 05 4b 05 0e 03 78  |.....g..K..K...x|
0000ad30  66 05 04 85 42 05 0a 23  05 09 67 05 01 3d 05 1d  |f...B..#..g..=..|
0000ad40  30 05 1b 67 05 06 ac 05  04 5a 05 0b 67 05 09 76  |0..g.....Z..g..v|
0000ad50  05 01 3d 05 23 33 05 09  6a 9f 9f 9f 05 0f a3 9f  |..=.#3..j.......|
0000ad60  9f 9f 05 09 a3 9f 05 02  9f 05 09 5d 05 02 87 08  |...........]....|
0000ad70  25 59 05 0c f4 05 01 9f  05 1c 03 0b 3c 05 04 68  |%Y..........<..h|
0000ad80  05 0a 67 05 06 77 05 0d  c9 05 09 76 05 01 3d 05  |..g..w.....v..=.|
0000ad90  1e 03 0b 2e 05 04 68 05  0a 67 05 06 77 05 0d c9  |......h..g..w...|
0000ada0  05 09 76 05 01 3d 02 02  00 01 01 a9 01 00 00 05  |..v..=..........|
0000adb0  00 04 00 6d 00 00 00 01  01 01 fb 0e 0d 00 01 01  |...m............|
0000adc0  01 01 00 00 00 01 00 00  01 01 01 1f 04 00 00 00  |................|
0000add0  00 1b 00 00 00 3e 00 00  00 4c 00 00 00 02 01 1f  |.....>...L......|
0000ade0  02 0f 0d 89 00 00 00 01  89 00 00 00 01 56 00 00  |.............V..|
0000adf0  00 02 5c 00 00 00 03 92  00 00 00 03 91 00 00 00  |..\.............|
0000ae00  03 99 00 00 00 03 a1 00  00 00 03 6a 00 00 00 03  |...........j....|
0000ae10  64 00 00 00 03 72 00 00  00 03 aa 00 00 00 03 ab  |d....r..........|
0000ae20  00 00 00 03 05 2d 00 05  02 d5 1a 01 00 03 3d 01  |.....-........=.|
0000ae30  05 02 c2 05 0f c9 05 04  58 05 0c 59 05 03 9f 05  |........X..Y....|
0000ae40  29 c9 05 20 82 05 03 74  05 02 03 0a 08 2e 05 13  |).. ...t........|
0000ae50  08 67 05 04 08 c8 05 0a  87 05 03 08 4e 05 0d 02  |.g..........N...|
0000ae60  9b 01 14 05 03 56 05 16  00 02 04 01 4c 05 03 00  |.....V......L...|
0000ae70  02 04 01 56 00 02 04 02  06 58 00 02 04 04 58 05  |...V.....X....X.|
0000ae80  07 00 02 04 04 06 03 0e  02 34 01 05 05 00 02 04  |.........4......|
0000ae90  04 08 20 05 0d 59 4b 4b  4b 05 03 4c 05 02 08 5d  |.. ..YKKK..L...]|
0000aea0  05 10 03 0d c8 05 05 08  77 05 0b a3 05 05 3c 05  |........w.....<.|
0000aeb0  04 4b 08 76 05 0a 03 0a  f2 05 13 66 05 05 58 05  |.K.v.......f..X.|
0000aec0  03 4f 00 02 04 01 06 08  82 00 02 04 01 06 02 39  |.O.............9|
0000aed0  13 05 05 00 02 04 01 03  61 e4 05 04 60 03 12 3c  |........a...`..<|
0000aee0  05 13 03 0a 20 05 0d 08  3f 05 04 90 05 03 4c 08  |.... ...?.....L.|
0000aef0  14 04 02 05 02 03 bd 01  f2 05 01 83 04 01 03 c7  |................|
0000af00  7e 20 05 17 03 0c 90 05  02 69 05 0b f6 05 09 9f  |~ .......i......|
0000af10  05 0e a1 05 0b a1 04 02  05 02 03 9e 01 08 20 05  |.............. .|
0000af20  01 83 04 01 05 02 03 e9  7e 20 04 02 03 96 01 f2  |........~ ......|
0000af30  05 01 83 04 01 05 1d 03  ea 7e 20 05 02 66 04 02  |.........~ ..f..|
0000af40  03 95 01 c8 05 01 83 04  01 05 02 03 ed 7e 20 05  |.............~ .|
0000af50  01 08 21 02 03 00 01 01  7d 01 00 00 05 00 04 00  |..!.....}.......|
0000af60  78 00 00 00 01 01 01 fb  0e 0d 00 01 01 01 01 00  |x...............|
0000af70  00 00 01 00 00 01 01 01  1f 03 00 00 00 00 1b 00  |................|
0000af80  00 00 4c 00 00 00 02 01  1f 02 0f 10 b8 00 00 00  |..L.............|
0000af90  01 b8 00 00 00 01 5c 00  00 00 02 92 00 00 00 02  |......\.........|
0000afa0  64 00 00 00 02 91 00 00  00 02 6a 00 00 00 02 7c  |d.........j....||
0000afb0  00 00 00 02 c1 00 00 00  02 aa 00 00 00 02 ab 00  |................|
0000afc0  00 00 02 ca 00 00 00 02  99 00 00 00 02 a1 00 00  |................|
0000afd0  00 02 d5 00 00 00 02 72  00 00 00 02 05 26 00 05  |.......r.....&..|
0000afe0  02 6b 1e 01 00 03 cf 00  01 05 02 bc f3 08 21 08  |.k............!.|
0000aff0  21 08 21 08 50 03 10 f2  08 4e 05 04 08 4d 05 03  |!.!.P....N...M..|
0000b000  6c 05 02 03 2c f2 05 01  c9 05 12 03 0e 3c 05 0c  |l...,........<..|
0000b010  03 0a 08 20 05 1a 75 05  11 90 05 0f 3c 05 1a 67  |... ..u.....<..g|
0000b020  05 11 90 05 0f 3c 05 1a  67 05 11 90 05 0f 3c 05  |.....<..g.....<.|
0000b030  02 6c 03 0a 58 cd 08 ae  08 ae 08 ae 05 1c 08 b1  |.l..X...........|
0000b040  05 04 c8 05 24 2e 05 22  9e 05 0c 2d 05 02 5c 03  |....$.."...-..\.|
0000b050  0b 02 39 01 f3 f5 03 0a  f2 59 5a 5f 59 59 59 05  |..9......YZ_YYY.|
0000b060  09 5c 05 02 ca f5 c9 03  14 f2 f5 00 02 04 01 06  |.\..............|
0000b070  08 3c 05 0a 06 02 39 15  05 10 58 05 0a 75 05 12  |.<....9...X..u..|
0000b080  58 05 0a 4b 05 15 58 05  0e 4d 05 02 78 00 02 04  |X..K..X..M..x...|
0000b090  01 06 08 2e 05 0a 06 02  39 14 05 12 58 05 16 6c  |........9...X..l|
0000b0a0  05 0a 9e 05 16 66 05 14  f2 05 02 2f 00 02 04 01  |.....f...../....|
0000b0b0  06 ac 05 0a 06 02 39 15  05 13 58 05 02 93 08 15  |......9...X.....|
0000b0c0  5a 03 09 f2 5b f5 5b 08  3e 08 43 c9 ca f3 05 09  |Z...[.[.>.C.....|
0000b0d0  f4 05 01 59 02 0a 00 01  01 a0 03 00 00 05 00 04  |...Y............|
0000b0e0  00 55 00 00 00 01 01 01  fb 0e 0d 00 01 01 01 01  |.U..............|
0000b0f0  00 00 00 01 00 00 01 01  01 1f 03 00 00 00 00 1b  |................|
0000b100  00 00 00 4c 00 00 00 02  01 1f 02 0f 09 e3 00 00  |...L............|
0000b110  00 01 e3 00 00 00 01 5c  00 00 00 02 92 00 00 00  |.......\........|
0000b120  02 6a 00 00 00 02 ab 00  00 00 02 64 00 00 00 02  |.j.........d....|
0000b130  aa 00 00 00 02 91 00 00  00 02 05 39 00 05 02 e7  |...........9....|
0000b140  22 01 00 03 c5 01 01 05  04 69 05 0e 03 09 c8 05  |"........i......|
0000b150  04 82 05 0a 4c 05 0d 03  09 74 05 11 67 05 0f 82  |....L....t..g...|
0000b160  05 0e 59 05 11 03 0d 9e  05 04 58 05 0e 4b 05 12  |..Y.......X..K..|
0000b170  83 05 0b 58 05 03 59 05  07 03 0b 58 75 84 05 08  |...X..Y....Xu...|
0000b180  2f 67 05 0e 8e 00 02 04  01 06 66 06 88 05 04 97  |/g........f.....|
0000b190  05 03 68 00 02 04 01 06  66 05 0e 06 02 39 14 a1  |..h.....f....9..|
0000b1a0  05 12 94 05 0a 58 05 03  03 b5 7f d6 05 01 03 cc  |.....X..........|
0000b1b0  00 20 05 16 03 0c 2e 05  02 7a 05 0e f6 05 0d 9f  |. .......z......|
0000b1c0  05 15 9f 05 0a 9e 05 11  9f 05 0c a1 05 0a 58 05  |..............X.|
0000b1d0  04 5f 05 09 a4 05 0b 76  05 02 74 05 0f 03 1e 58  |._.....v..t....X|
0000b1e0  05 17 66 05 05 3c 05 0f  89 05 17 66 05 05 3c 05  |..f..<.....f..<.|
0000b1f0  0e 03 09 82 05 05 66 05  0c 03 18 90 d7 e5 05 05  |......f.........|
0000b200  08 5b 05 1e 00 02 04 01  08 20 05 06 08 23 05 0a  |.[....... ...#..|
0000b210  03 09 08 58 05 05 da 05  1c 00 02 04 01 08 20 05  |...X.......... .|
0000b220  06 08 23 05 09 03 09 08  20 05 0a da 05 0c 08 28  |..#..... ......(|
0000b230  67 05 03 68 05 04 03 ac  7f 08 2e 43 03 09 3c 05  |g..h.......C..<.|
0000b240  05 03 21 3c 03 10 3c 05  1f 00 02 04 02 03 9d 7f  |..!<..<.........|
0000b250  20 05 24 00 02 04 02 4a  05 14 00 02 04 01 4a 05  | .$....J......J.|
0000b260  11 03 fa 00 ba 05 03 03  ff 7e ba 05 01 03 85 01  |.........~......|
0000b270  20 05 16 5f 05 02 77 05  0d 02 29 16 05 02 82 05  | .._..w...).....|
0000b280  03 00 02 04 03 2f 05 1a  00 02 04 03 68 05 2e 00  |...../......h...|
0000b290  02 04 03 9e 05 03 00 02  04 03 3a 05 30 00 02 04  |..........:.0...|
0000b2a0  03 08 b9 05 21 00 02 04  01 90 05 0d 6d 05 02 82  |....!.......m...|
0000b2b0  05 03 00 02 04 03 2f 05  1a 00 02 04 03 68 05 2e  |....../......h..|
0000b2c0  00 02 04 03 9e 05 03 00  02 04 03 3a 05 31 00 02  |...........:.1..|
0000b2d0  04 03 08 b9 05 22 00 02  04 01 90 05 01 6d 05 2b  |.....".......m.+|
0000b2e0  03 10 74 05 02 68 00 02  04 01 06 90 05 04 06 02  |..t..h..........|
0000b2f0  39 19 05 09 6a 05 0d a6  05 0e 85 05 07 76 05 0b  |9...j........v..|
0000b300  2f 05 09 91 05 17 80 05  1f 00 02 04 01 66 05 17  |/............f..|
0000b310  00 02 04 01 58 05 04 5e  05 09 68 05 0b 79 05 04  |....X..^..h..y..|
0000b320  58 05 13 5c 05 0c 66 05  0e 7c 05 15 69 05 1d 58  |X..\..f..|..i..X|
0000b330  05 07 3c 05 3d 3f 05 0e  82 05 13 85 05 1a 83 05  |..<.=?..........|
0000b340  13 66 05 0c 69 05 09 85  05 0a 6a 05 08 ce 05 01  |.f..i.....j.....|
0000b350  3d 05 22 03 0d 2e 05 04  6b 05 02 6a 05 03 08 1d  |=.".....k..j....|
0000b360  05 01 24 05 38 03 0c 2e  05 02 6b 00 02 04 01 06  |..$.8.....k.....|
0000b370  90 05 04 06 03 09 02 39  01 05 07 a5 05 0e 67 05  |.......9......g.|
0000b380  07 88 75 84 05 08 2f 67  05 16 8e 00 02 04 01 06  |..u.../g........|
0000b390  66 05 04 06 03 15 82 05  07 69 05 05 e4 05 10 5b  |f........i.....[|
0000b3a0  05 17 58 05 10 58 05 09  79 05 15 88 05 0f 66 67  |..X..X..y.....fg|
0000b3b0  05 0e b3 bb 05 04 8a 05  07 69 05 05 e4 05 15 5b  |.........i.....[|
0000b3c0  05 0f 66 05 10 67 05 17  58 05 10 58 05 0a 7a 05  |..f..g..X..X..z.|
0000b3d0  03 03 af 7f 08 20 05 01  03 d6 00 20 05 22 03 12  |..... ..... ."..|
0000b3e0  2e 05 09 6e 05 02 f5 00  02 04 01 06 66 05 0b 06  |...n........f...|
0000b3f0  02 39 15 67 05 02 74 05  03 00 02 04 03 2f 05 07  |.9.g..t....../..|
0000b400  00 02 04 03 d7 05 03 00  02 04 03 75 05 19 00 02  |...........u....|
0000b410  04 03 c5 05 14 00 02 04  01 4a 05 01 6b 05 1e 03  |.........J..k...|
0000b420  0a 4a 05 02 69 00 02 04  01 06 90 05 12 06 02 39  |.J..i..........9|
0000b430  19 05 04 58 05 03 4b 05  08 5c 05 02 83 00 02 04  |...X..K..\......|
0000b440  01 06 66 06 02 39 13 05  15 cb 05 0e 66 05 02 5b  |..f..9......f..[|
0000b450  05 08 08 35 05 01 3d 05  23 03 0c 2e 05 0d 67 05  |...5..=.#.....g.|
0000b460  02 68 00 02 04 01 06 90  05 0f 06 02 39 19 05 0e  |.h..........9...|
0000b470  91 bb 05 02 83 05 01 cf  02 03 00 01 01 a8 00 00  |................|
0000b480  00 05 00 04 00 46 00 00  00 01 01 01 fb 0e 0d 00  |.....F..........|
0000b490  01 01 01 01 00 00 00 01  00 00 01 01 01 1f 03 00  |................|
0000b4a0  00 00 00 1b 00 00 00 4c  00 00 00 02 01 1f 02 0f  |.......L........|
0000b4b0  06 f1 00 00 00 01 f1 00  00 00 01 aa 00 00 00 02  |................|
0000b4c0  ab 00 00 00 02 91 00 00  00 02 f8 00 00 00 02 05  |................|
0000b4d0  2b 00 05 02 b4 2a 01 00  03 1f 01 05 02 69 00 02  |+....*.......i..|
0000b4e0  04 01 06 66 06 02 36 13  00 02 04 01 06 66 05 0a  |...f..6......f..|
0000b4f0  06 02 36 14 05 12 67 05  0c 58 05 0d 59 05 01 83  |..6...g..X..Y...|
0000b500  05 23 03 0b 3c 05 02 68  00 02 04 01 06 66 05 0a  |.#..<..h.....f..|
0000b510  06 02 36 14 05 04 83 05  14 67 05 0e 58 59 05 09  |..6......g..XY..|
0000b520  93 05 01 3d 02 02 00 01  01 7f 05 00 00 05 00 04  |...=............|
0000b530  00 5f 00 00 00 01 01 01  fb 0e 0d 00 01 01 01 01  |._..............|
0000b540  00 00 00 01 00 00 01 01  01 1f 03 00 00 00 00 1b  |................|
0000b550  00 00 00 4c 00 00 00 02  01 1f 02 0f 0b 06 01 00  |...L............|
0000b560  00 01 06 01 00 00 01 5c  00 00 00 02 92 00 00 00  |.......\........|
0000b570  02 91 00 00 00 02 a1 00  00 00 02 6a 00 00 00 02  |...........j....|
0000b580  c1 00 00 00 02 aa 00 00  00 02 ab 00 00 00 02 64  |...............d|
0000b590  00 00 00 02 05 1f 00 05  02 b5 2b 01 00 03 e5 00  |..........+.....|
0000b5a0  01 05 10 68 05 09 82 05  07 68 05 10 00 02 04 01  |...h.....h......|
0000b5b0  66 67 05 0c 77 05 01 3d  05 3a 03 10 2e 05 09 67  |fg..w..=.:.....g|
0000b5c0  91 05 04 92 05 0a 83 05  09 75 05 0a 83 76 05 01  |.........u...v..|
0000b5d0  59 05 30 03 11 2e 05 09  bb 05 07 4d 05 04 3c 05  |Y.0........M..<.|
0000b5e0  1c 00 02 04 01 58 05 18  00 02 04 01 2e 05 04 00  |.....X..........|
0000b5f0  02 04 02 59 05 2e 00 02  04 02 3b 05 19 59 05 15  |...Y......;..Y..|
0000b600  3c 05 04 00 02 04 01 59  05 2a 00 02 04 01 3b 05  |<......Y.*....;.|
0000b610  19 59 05 15 3c 05 07 59  05 03 4b 05 08 02 2c 1a  |.Y..<..Y..K...,.|
0000b620  05 04 3c 05 18 00 02 04  01 4a 05 13 00 02 04 01  |..<......J......|
0000b630  3c 05 2d 00 02 04 03 74  05 29 00 02 04 03 3c 05  |<.-....t.)....<.|
0000b640  05 00 02 04 04 75 05 40  00 02 04 04 3b 05 15 4b  |.....u.@....;..K|
0000b650  05 10 3c 05 2a 00 02 04  01 74 05 26 00 02 04 01  |..<.*....t.&....|
0000b660  3c 05 04 00 02 04 02 75  05 3d 00 02 04 02 3b 05  |<......u.=....;.|
0000b670  18 75 05 14 3c 05 07 75  05 03 4b 05 04 08 86 05  |.u..<..u..K.....|
0000b680  0f 67 05 05 58 05 04 4b  08 75 05 03 cb 05 01 f5  |.g..X..K.u......|
0000b690  05 39 03 0a 90 05 04 bd  05 03 67 05 02 da 05 04  |.9........g.....|
0000b6a0  08 31 05 03 4b f3 05 24  5e 05 02 3a 05 16 68 05  |.1..K..$^..:..h.|
0000b6b0  02 3a 05 08 3e 05 02 3a  05 24 3d 05 02 3b 05 16  |.:..>..:.$=..;..|
0000b6c0  3d 05 02 3b 05 08 3d 05  02 2d 08 a1 08 e6 08 e6  |=..;..=..-......|
0000b6d0  05 01 08 e6 05 26 03 09  82 05 04 76 05 03 67 05  |.....&.....v..g.|
0000b6e0  06 d9 05 12 75 05 0b 59  05 02 74 05 0a 2f 05 05  |....u..Y..t../..|
0000b6f0  4a 05 04 4b 4b 08 67 05  1f 00 02 04 02 ee 05 24  |J..KK.g........$|
0000b700  00 02 04 02 4a 05 14 00  02 04 01 3c 05 01 6d 05  |....J......<..m.|
0000b710  43 03 0b 74 05 04 f5 05  03 67 05 02 da 05 04 08  |C..t.....g......|
0000b720  31 05 03 4b f3 05 07 5c  05 02 49 05 32 00 02 04  |1..K...\..I.2...|
0000b730  01 4b 05 02 00 02 04 01  73 00 02 04 02 06 ac 00  |.K......s.......|
0000b740  02 04 04 58 05 04 00 02  04 04 06 08 4d 05 07 a5  |...X........M...|
0000b750  05 02 49 05 33 00 02 04  01 4b 05 02 00 02 04 01  |..I.3....K......|
0000b760  73 00 02 04 02 06 d6 00  02 04 04 58 00 02 04 04  |s..........X....|
0000b770  06 08 15 05 2b 00 02 04  04 08 77 05 02 00 02 04  |....+.....w.....|
0000b780  04 3c 05 09 00 02 04 04  08 13 05 04 00 02 04 04  |.<..............|
0000b790  3c 05 1b 4b 05 03 3c 05  2b 08 40 05 02 3b 05 12  |<..K..<.+.@..;..|
0000b7a0  2f 05 02 2d 08 23 05 0b  f3 05 02 74 05 03 00 02  |/..-.#.....t....|
0000b7b0  04 03 2f 05 20 00 02 04  03 c9 05 03 00 02 04 03  |../. ...........|
0000b7c0  ac 05 2b 00 02 04 03 e2  05 14 00 02 04 01 4a 05  |..+...........J.|
0000b7d0  02 87 05 03 03 68 e4 05  01 03 19 20 05 31 03 0a  |.....h..... .1..|
0000b7e0  58 05 04 ca 05 03 67 05  02 d8 05 06 ca 75 05 12  |X.....g......u..|
0000b7f0  76 05 0b 59 05 02 74 05  0a 2f 05 05 4a 05 04 4d  |v..Y..t../..J..M|
0000b800  6b 05 06 4d 05 0d 00 02  04 01 66 05 05 67 05 04  |k..M......f..g..|
0000b810  cc 08 31 05 1f 00 02 04  02 03 6c 08 2e 05 24 00  |..1.......l...$.|
0000b820  02 04 02 4a 05 14 00 02  04 01 3c 05 04 03 19 66  |...J......<....f|
0000b830  05 03 67 05 0c cc 05 04  82 05 03 59 05 01 08 f5  |..g........Y....|
0000b840  05 2d 03 0c 66 05 0b 67  08 d7 05 06 76 05 09 75  |.-..f..g....v..u|
0000b850  05 07 75 05 1c 2f 05 05  74 05 04 4b 05 10 68 05  |..u../..t..K..h.|
0000b860  0c 9e 05 04 4a 05 03 76  4b 05 0b 03 79 4a 05 04  |....J..vK...yJ..|
0000b870  03 0b 66 05 03 67 05 0a  08 3d 05 02 5c 05 09 08  |..f..g...=..\...|
0000b880  2f 05 02 74 05 0d 2f 05  05 74 05 2e 4b 05 04 ba  |/..t../..t..K...|
0000b890  05 1c 00 02 04 02 08 80  05 10 00 02 04 01 4a 05  |..............J.|
0000b8a0  02 6b 05 09 ca 05 01 00  02 04 01 3d 05 17 03 0d  |.k.........=....|
0000b8b0  2e 05 02 69 f6 08 4d 00  02 04 01 06 08 9e 06 02  |...i..M.........|
0000b8c0  39 13 00 02 04 01 06 08  9e 06 02 39 13 00 02 04  |9..........9....|
0000b8d0  01 06 08 9e 06 02 39 13  00 02 04 01 06 08 c8 06  |......9.........|
0000b8e0  02 39 13 00 02 04 01 06  08 9e 06 02 39 13 00 02  |.9..........9...|
0000b8f0  04 01 06 08 9e 06 02 39  13 00 02 04 01 06 08 9e  |.......9........|
0000b900  05 0a 06 02 39 15 05 0b  9f 9f 05 01 a0 05 1e 03  |....9...........|
0000b910  0d 3c 05 02 77 00 02 04  01 06 66 05 09 06 02 39  |.<..w.....f....9|
0000b920  16 05 02 58 05 08 30 05  05 4a 05 09 4c 05 0b 59  |...X..0..J..L..Y|
0000b930  05 29 00 02 04 02 6f 05  15 00 02 04 01 3c 05 09  |.)....o......<..|
0000b940  03 0a 82 05 01 59 05 1d  03 0b 58 05 02 69 00 02  |.....Y....X..i..|
0000b950  04 01 06 66 05 0d 06 02  39 15 05 01 75 05 22 03  |...f....9...u.".|
0000b960  0d 3c 05 02 77 00 02 04  01 06 66 05 09 06 02 39  |.<..w.....f....9|
0000b970  19 05 02 58 05 08 30 05  05 3c 05 19 00 02 04 01  |...X..0..<......|
0000b980  58 05 15 00 02 04 01 4a  05 0b 4b 05 29 00 02 04  |X......J..K.)...|
0000b990  02 47 05 15 00 02 04 01  3c 05 09 8a 05 01 59 05  |.G......<.....Y.|
0000b9a0  34 03 0d 58 05 02 85 00  02 04 02 06 82 00 02 04  |4..X............|
0000b9b0  03 82 05 09 06 02 39 19  05 02 58 05 05 2f 05 17  |......9...X../..|
0000b9c0  00 02 04 01 4a 05 13 00  02 04 01 3c 05 2e 00 02  |....J......<....|
0000b9d0  04 02 4a 05 2a 00 02 04  02 4a 05 0b 4b 05 29 00  |..J.*....J..K.).|
0000b9e0  02 04 02 48 05 15 00 02  04 01 3c 05 09 89 05 01  |...H......<.....|
0000b9f0  59 05 29 03 0e 74 05 04  97 05 0d 4f 05 02 4d 00  |Y.)..t.....O..M.|
0000ba00  02 04 01 06 08 66 05 03  06 03 79 02 3b 01 05 01  |.....f....y.;...|
0000ba10  03 0e 20 05 20 03 09 2e  05 04 6d 05 09 6c 05 04  |.. . .....m..l..|
0000ba20  66 05 03 4b 05 0e 08 22  05 02 a2 05 03 03 75 f2  |f..K..."......u.|
0000ba30  05 01 03 0c 20 05 1b 03  0d 2e 05 02 6d 00 02 04  |.... .......m...|
0000ba40  01 06 e4 06 02 39 15 00  02 04 01 06 ac 05 18 06  |.....9..........|
0000ba50  02 39 15 05 06 9e 05 04  08 58 05 03 4b 05 0b 02  |.9.......X..K...|
0000ba60  3b 16 05 01 75 05 17 43  05 09 67 05 0b 7b 05 02  |;...u..C..g..{..|
0000ba70  74 05 07 32 05 05 08 90  05 2b 00 02 04 02 46 05  |t..2.....+....F.|
0000ba80  1d 00 02 04 01 4a 05 04  8a 05 02 24 00 02 04 01  |.....J.....$....|
0000ba90  06 74 05 0a 06 02 39 18  05 09 83 05 11 58 05 09  |.t....9......X..|
0000baa0  4b 05 13 58 05 01 4b 02  03 00 01 01 dd 03 00 00  |K..X..K.........|
0000bab0  05 00 04 00 55 00 00 00  01 01 01 fb 0e 0d 00 01  |....U...........|
0000bac0  01 01 01 00 00 00 01 00  00 01 01 01 1f 03 00 00  |................|
0000bad0  00 00 1b 00 00 00 4c 00  00 00 02 01 1f 02 0f 09  |......L.........|
0000bae0  15 01 00 00 01 15 01 00  00 01 5c 00 00 00 02 a1  |..........\.....|
0000baf0  00 00 00 02 ab 00 00 00  02 64 00 00 00 02 aa 00  |.........d......|
0000bb00  00 00 02 91 00 00 00 02  d5 00 00 00 02 05 20 00  |.............. .|
0000bb10  05 02 b5 38 01 00 03 da  00 01 05 0d 68 05 06 82  |...8........h...|
0000bb20  05 04 68 05 0d 00 02 04  01 66 05 0a 67 05 09 77  |..h......f..g..w|
0000bb30  05 01 3d 05 27 03 09 2e  05 02 68 00 02 04 01 06  |..=.'.....h.....|
0000bb40  66 05 0b 06 02 36 14 05  0e bb 05 01 83 05 24 44  |f....6........$D|
0000bb50  05 16 6a 05 02 f4 00 02  04 01 06 66 05 0b 06 02  |..j........f....|
0000bb60  39 15 05 02 74 05 03 00  02 04 03 2f 05 27 00 02  |9...t....../.'..|
0000bb70  04 03 d5 05 2c 00 02 04  03 4a 05 14 00 02 04 01  |....,....J......|
0000bb80  4a 05 01 a1 05 25 03 09  4a 05 12 6a 05 04 58 05  |J....%..J..j..X.|
0000bb90  03 4b 05 13 5a 05 05 58  05 0b 4b 05 06 79 05 13  |.K..Z..X..K..y..|
0000bba0  83 05 0e 66 05 02 5b 05  09 f4 05 01 3d 05 2d 03  |...f..[.....=.-.|
0000bbb0  12 2e 05 05 69 00 02 04  01 06 66 00 02 04 02 58  |....i.....f....X|
0000bbc0  00 02 04 04 58 05 07 00  02 04 04 06 08 13 05 09  |....X...........|
0000bbd0  67 f3 05 05 5c 05 33 67  05 05 65 05 1f 2f 05 05  |g...\.3g..e../..|
0000bbe0  57 05 0a f6 05 07 66 05  34 4b 05 09 66 08 30 05  |W.....f.4K..f.0.|
0000bbf0  0a f6 05 07 66 05 09 4b  05 12 f3 83 05 09 74 05  |....f..K......t.|
0000bc00  32 00 02 04 04 2f 05 0d  00 02 04 04 58 05 2f 00  |2..../......X./.|
0000bc10  02 04 04 ff 05 38 00 02  04 04 4a 05 1f 00 02 04  |.....8....J.....|
0000bc20  01 90 00 02 04 03 06 66  05 0b 06 6a 05 0d 67 05  |.......f...j..g.|
0000bc30  09 f5 05 01 ca 05 17 03  0b 2e 05 02 69 f6 08 4d  |............i..M|
0000bc40  05 0e 08 3f 05 02 a1 05  01 59 05 28 03 0b 3c 05  |...?.....Y.(..<.|
0000bc50  09 03 09 66 05 02 74 05  11 2f 05 05 ac 05 1c 00  |...f..t../......|
0000bc60  02 04 02 49 05 10 00 02  04 01 4a 05 04 84 03 09  |...I......J.....|
0000bc70  20 05 0a 6b 78 05 10 d7  05 14 af 05 0d 9e 05 0a  | ..kx...........|
0000bc80  66 05 0b 59 05 0d 9f 05  09 97 05 01 3d 05 1c 03  |f..Y........=...|
0000bc90  0b 2e 05 0b 6d 05 04 db  05 03 67 05 10 f6 05 04  |....m.....g.....|
0000bca0  ac 05 03 4b 05 11 f6 05  14 ad 05 0d 9e 05 0a 66  |...K...........f|
0000bcb0  05 0d 59 05 0b 9f 05 01  9f 05 1d 03 0d 3c 05 0b  |..Y..........<..|
0000bcc0  69 05 04 d8 05 03 67 05  10 f6 05 04 ac 05 03 4b  |i.....g........K|
0000bcd0  05 0a f7 05 01 67 05 29  03 0c 2e 05 02 93 00 02  |.....g.)........|
0000bce0  04 01 06 e4 05 10 06 02  39 15 05 04 83 05 0a 67  |........9......g|
0000bcf0  05 0b a2 05 07 85 05 04  66 05 03 4e 00 02 04 02  |........f..N....|
0000bd00  06 90 00 02 04 03 9e 05  15 06 02 39 15 05 0e 90  |...........9....|
0000bd10  05 0b 66 05 0c 5b 05 0a  a0 05 02 a3 00 02 04 02  |..f..[..........|
0000bd20  06 90 00 02 04 03 9e 05  07 06 02 39 1a 05 04 66  |...........9...f|
0000bd30  4d 05 11 66 05 0b 69 05  0c 93 05 0a e6 05 15 03  |M..f..i.........|
0000bd40  09 74 05 07 6a 59 03 0c  58 05 08 2f 2f 05 16 3a  |.t..jY..X..//..:|
0000bd50  05 26 00 02 04 01 4a 05  19 00 02 04 01 2e 05 16  |.&....J.........|
0000bd60  00 02 04 01 ba 05 0b 03  11 4a 05 04 68 05 0b 4d  |.........J..h..M|
0000bd70  05 0e a3 05 05 69 05 0c  4b 05 0b 96 05 09 e6 05  |.....i..K.......|
0000bd80  01 59 05 28 03 0d 82 05  02 69 00 02 04 01 06 66  |.Y.(.....i.....f|
0000bd90  05 04 06 02 39 15 05 0a  67 05 07 78 05 04 66 05  |....9...g..x..f.|
0000bda0  0a 4b 05 02 78 00 02 04  02 06 90 00 02 04 03 9e  |.K..x...........|
0000bdb0  05 0b 06 02 39 15 05 11  58 05 08 2e 05 09 5a 05  |....9...X.....Z.|
0000bdc0  01 59 05 2a 03 0d 2e 05  02 69 00 02 04 01 06 66  |.Y.*.....i.....f|
0000bdd0  05 04 06 02 39 15 05 0a  67 05 07 a2 05 04 66 05  |....9...g.....f.|
0000bde0  0a 4b 05 02 a2 00 02 04  02 06 90 00 02 04 03 9e  |.K..............|
0000bdf0  05 0b 06 02 39 15 05 0c  83 05 08 58 05 0e 5b 05  |....9......X..[.|
0000be00  0a 66 05 07 59 05 04 58  05 0b 4c a2 05 02 e7 05  |.f..Y..X..L.....|
0000be10  09 d8 05 01 59 05 2c 03  14 2e 05 02 5b 00 02 04  |....Y.,.....[...|
0000be20  01 06 66 05 04 06 02 39  15 05 0a 67 05 07 a2 05  |..f....9...g....|
0000be30  04 66 05 0a 4b 05 02 a2  00 02 04 02 06 90 00 02  |.f..K...........|
0000be40  04 03 9e 05 07 06 02 39  17 59 5e 05 08 2f 2f 05  |.......9.Y^..//.|
0000be50  16 3a 05 25 00 02 04 01  4a 05 16 00 02 04 01 2e  |.:.%....J.......|
0000be60  05 04 5e 05 0a 4b 05 04  78 05 11 4c 05 0b 3c 05  |..^..K..x..L..<.|
0000be70  14 77 05 0e 3c 05 0a 40  05 04 3c 05 0b 4b 6a 05  |.w..<..@..<..Kj.|
0000be80  02 e7 05 09 bc 05 01 59  02 07 00 01 01 4d 05 00  |.......Y.....M..|
0000be90  00 05 00 04 00 6d 00 00  00 01 01 01 fb 0e 0d 00  |.....m..........|
0000bea0  01 01 01 01 00 00 00 01  00 00 01 01 01 1f 04 00  |................|
0000beb0  00 00 00 1b 00 00 00 3e  00 00 00 4c 00 00 00 02  |.......>...L....|
0000bec0  01 1f 02 0f 0d 25 01 00  00 01 25 01 00 00 01 56  |.....%....%....V|
0000bed0  00 00 00 02 5c 00 00 00  03 92 00 00 00 03 91 00  |....\...........|
0000bee0  00 00 03 a1 00 00 00 03  6a 00 00 00 03 7c 00 00  |........j....|..|
0000bef0  00 03 aa 00 00 00 03 64  00 00 00 03 ab 00 00 00  |.......d........|
0000bf00  03 72 00 00 00 03 05 2e  00 05 02 8d 41 01 00 03  |.r..........A...|
0000bf10  80 01 01 04 02 05 02 03  c4 01 c8 05 09 91 04 01  |................|
0000bf20  05 1c 03 c9 7e 4a 05 07  3c 05 03 69 04 02 05 02  |....~J..<..i....|
0000bf30  03 b3 01 08 e4 05 09 91  04 01 05 04 03 d0 7e 4a  |..............~J|
0000bf40  08 3d 04 02 05 02 03 ae  01 ba 05 09 91 04 01 05  |.=..............|
0000bf50  07 03 d8 7e 4a 05 06 67  05 08 67 05 09 03 0d 74  |...~J..g..g....t|
0000bf60  05 06 08 12 05 0e 83 05  05 76 00 02 04 01 06 08  |.........v......|
0000bf70  82 06 02 39 14 00 02 04  01 06 74 05 1a 06 02 39  |...9......t....9|
0000bf80  15 05 0b 9e 05 1f 3d 05  0e 82 05 07 59 05 0b 68  |......=.....Y..h|
0000bf90  05 06 9f 05 0f 58 05 06  93 05 0f 58 05 05 77 05  |.....X.....X..w.|
0000bfa0  04 03 12 e4 05 11 03 78  58 05 07 58 05 0d ad 05  |.......xX..X....|
0000bfb0  10 d6 05 06 59 05 04 ce  04 02 05 02 03 f3 00 ba  |....Y...........|
0000bfc0  05 09 91 04 01 05 07 03  90 7f 4a 05 04 67 08 2f  |..........J..g./|
0000bfd0  05 08 5f 05 06 58 05 1c  00 02 04 01 4a 05 10 00  |.._..X......J...|
0000bfe0  02 04 01 58 05 14 4e 05  05 82 04 02 05 02 03 85  |...X..N.........|
0000bff0  01 c8 05 01 83 04 01 05  05 03 fb 7e 20 05 11 ca  |...........~ ...|
0000c000  05 1f 58 05 07 58 05 0e  4b 05 05 a0 05 04 03 0f  |..X..X..K.......|
0000c010  c8 05 0e 03 7a 58 05 17  9f 05 0d 9e 9f 05 05 a0  |....zX..........|
0000c020  05 04 ca 04 02 05 02 03  f0 00 f2 05 01 83 04 01  |................|
0000c030  05 04 03 97 7f 20 04 02  05 02 03 c5 00 ba 05 09  |..... ..........|
0000c040  91 04 01 05 04 03 be 7f  4a 08 3d 05 2a 32 05 04  |........J.=.*2..|
0000c050  3c 08 83 03 48 02 40 01  05 0a 00 02 04 02 03 ba  |<...H.@.........|
0000c060  7f 20 05 01 03 85 01 58  05 17 03 0b 2e 05 02 69  |. .....X.......i|
0000c070  f9 05 12 08 4b 05 09 9e  05 0a 9f 05 02 a0 05 14  |....K...........|
0000c080  08 4b 05 0a 9e 05 0b 9f  05 0a 9f 04 02 05 02 03  |.K..............|
0000c090  3b 08 4a 05 01 83 05 02  b9 05 01 83 05 02 b9 05  |;.J.............|
0000c0a0  01 83 05 02 b9 05 01 83  05 02 b9 05 01 83 05 02  |................|
0000c0b0  b9 05 01 83 04 01 05 06  03 5c 20 04 02 05 02 03  |.........\ .....|
0000c0c0  23 08 20 05 01 83 05 02  b9 05 01 83 05 02 b9 05  |#. .............|
0000c0d0  01 83 05 02 b9 05 01 83  05 02 b9 05 01 83 04 01  |................|
0000c0e0  05 02 03 78 20 05 0c 08  26 05 01 9f 05 25 03 0d  |...x ...&....%..|
0000c0f0  3c 05 06 bf 05 0c a2 05  04 74 05 07 4b 05 0c e7  |<........t..K...|
0000c100  05 04 74 05 07 4b 05 0a  e9 05 04 74 05 03 59 04  |..t..K.....t..Y.|
0000c110  02 05 02 03 5f 08 3c 05  01 83 04 01 05 08 03 25  |...._.<........%|
0000c120  20 05 01 4b 05 26 03 0d  2e 05 06 bf 05 0c a2 05  | ..K.&..........|
0000c130  04 74 05 07 4b 05 0c e7  05 04 74 05 07 4b 05 0a  |.t..K.....t..K..|
0000c140  e9 05 04 74 05 03 59 04  02 05 02 03 b8 7f 08 3c  |...t..Y........<|
0000c150  05 01 83 04 01 05 08 03  cc 00 20 05 01 4b 05 21  |.......... ..K.!|
0000c160  03 09 2e 05 0d bc 05 04  74 05 0b 4c 05 13 9f 05  |........t..L....|
0000c170  0a 9e 04 02 05 02 03 81  7f 08 12 05 09 91 04 01  |................|
0000c180  05 11 03 81 01 4a 05 08  3d 04 02 05 02 03 fd 7e  |.....J..=......~|
0000c190  90 05 09 08 83 04 01 05  0a 03 84 01 4a 05 0f 3a  |............J..:|
0000c1a0  05 1f 74 05 0d 50 05 04  74 05 0c 4c 05 15 9f 05  |..t..P..t..L....|
0000c1b0  0b 9e a1 05 01 a0 05 1c  03 0b 3c 05 08 3d 05 01  |..........<..=..|
0000c1c0  59 05 17 03 0b 2e 05 05  6a 05 0e 7a 05 04 58 05  |Y.......j..z..X.|
0000c1d0  16 4d 05 0f d6 05 09 3c  05 06 3c 05 03 83 05 0f  |.M.....<..<.....|
0000c1e0  cb 05 05 58 05 14 4b 05  0b 9e 05 08 a3 05 01 3e  |...X..K........>|
0000c1f0  05 27 03 0f 2e 05 08 67  05 06 67 05 0e 78 05 04  |.'.....g..g..x..|
0000c200  58 05 09 4b 05 13 03 09  74 05 07 d6 05 0c 90 05  |X..K....t.......|
0000c210  0a 3c 05 0e 2f 05 1a 58  05 05 58 05 0b 4b 05 03  |.<../..X..X..K..|
0000c220  a0 c9 05 11 03 7a 4a 05  15 58 00 02 04 01 06 4a  |.....zJ..X.....J|
0000c230  05 0e 06 03 0b 82 05 04  58 05 13 4b 05 0a 9e 05  |........X..K....|
0000c240  08 a3 05 01 3d 05 1a 03  0c 2e 05 04 6d 05 03 67  |....=.......m..g|
0000c250  05 06 cf 05 04 58 05 0b  4b 05 0e d6 05 03 59 c9  |.....X..K.....Y.|
0000c260  05 0a 35 05 02 9f 04 02  03 8b 7e f2 05 01 83 04  |..5.......~.....|
0000c270  01 05 02 03 f8 01 20 05  01 ca 05 31 03 0e 2e 05  |...... ....1....|
0000c280  0e 67 05 06 66 05 0e 67  05 06 67 03 09 74 05 04  |.g..f..g..g..t..|
0000c290  58 05 07 4b 05 09 4b 05  07 4d 05 14 2f 05 0b 90  |X..K..K..M../...|
0000c2a0  05 10 d6 05 0e 3c 05 0f  30 05 1d 58 05 05 58 05  |.....<..0..X..X.|
0000c2b0  0c 4b 05 03 a0 c9 05 19  03 79 4a 05 25 00 02 04  |.K.......yJ.%...|
0000c2c0  01 82 05 19 00 02 04 01  58 05 06 03 10 74 05 04  |........X....t..|
0000c2d0  58 05 03 4b 05 08 dc 05  01 3e 05 24 03 0d 2e 05  |X..K.....>.$....|
0000c2e0  06 69 05 04 d6 05 02 3d  05 08 08 14 05 01 3d 05  |.i.....=......=.|
0000c2f0  25 03 0d 2e 05 07 67 05  09 67 05 02 67 05 01 08  |%.....g..g..g...|
0000c300  13 05 1e 03 0e 3c 05 02  ea 05 09 be 05 02 c4 00  |.....<..........|
0000c310  02 04 01 06 4a 00 02 04  02 74 05 09 00 02 04 04  |....J....t......|
0000c320  06 5b 05 02 00 02 04 04  c5 00 02 04 05 06 4a 00  |.[............J.|
0000c330  02 04 06 74 05 24 00 02  04 08 06 5a 05 02 00 02  |...t.$.....Z....|
0000c340  04 08 56 00 02 04 09 06  4a 00 02 04 0a 74 00 02  |..V.....J....t..|
0000c350  04 0c 58 05 04 00 02 04  0c 06 03 09 02 24 01 05  |..X..........$..|
0000c360  06 a5 05 04 58 05 03 4b  05 07 f3 05 0a 83 05 03  |....X..K........|
0000c370  74 05 1a 00 02 04 03 2f  05 16 00 02 04 03 90 05  |t....../........|
0000c380  04 00 02 04 03 3c 05 1c  00 02 04 03 e3 05 11 00  |.....<..........|
0000c390  02 04 01 4a 05 03 bd 05  06 f5 05 04 58 05 03 4b  |...J........X..K|
0000c3a0  f3 05 07 f3 05 0a 83 05  03 74 05 1a 00 02 04 03  |.........t......|
0000c3b0  2f 05 16 00 02 04 03 90  05 04 00 02 04 03 3c 05  |/.............<.|
0000c3c0  1d 00 02 04 03 e3 05 11  00 02 04 01 4a 05 03 bd  |............J...|
0000c3d0  03 6a 08 20 05 01 03 18  20 02 08 00 01 01 98 02  |.j. .... .......|
0000c3e0  00 00 05 00 04 00 5f 00  00 00 01 01 01 fb 0e 0d  |......_.........|
0000c3f0  00 01 01 01 01 00 00 00  01 00 00 01 01 01 1f 03  |................|
0000c400  00 00 00 00 1b 00 00 00  4c 00 00 00 02 01 1f 02  |........L.......|
0000c410  0f 0b 32 01 00 00 01 32  01 00 00 01 5c 00 00 00  |..2....2....\...|
0000c420  02 92 00 00 00 02 91 00  00 00 02 6a 00 00 00 02  |...........j....|
0000c430  f8 00 00 00 02 ab 00 00  00 02 64 00 00 00 02 d5  |..........d.....|
0000c440  00 00 00 02 aa 00 00 00  02 05 17 00 05 02 f9 4b  |...............K|
0000c450  01 00 03 de 00 01 05 02  69 05 0e f6 05 02 03 0f  |........i.......|
0000c460  9e 00 02 04 01 06 08 3c  05 1c 06 02 36 15 05 07  |.......<....6...|
0000c470  9e 05 01 59 05 21 03 0f  3c 05 12 6d 05 04 58 05  |...Y.!..<..m..X.|
0000c480  16 52 05 0b 08 26 05 14  83 05 0f 58 05 07 59 05  |.R...&.....X..Y.|
0000c490  04 6a 05 03 67 05 08 08  2f 05 21 87 05 01 9f 03  |.j..g.../.!.....|
0000c4a0  0b 2e 05 02 6e 00 02 04  01 06 66 05 0a 06 02 39  |....n.....f....9|
0000c4b0  14 05 0c 69 05 0e ad 05  01 83 05 49 03 0b 3c 05  |...i.......I..<.|
0000c4c0  0b 03 32 66 05 21 77 05  0b d6 05 17 69 05 0b 66  |..2f.!w.....i..f|
0000c4d0  67 92 69 05 0c 03 0b 4a  05 1d af 05 0c 9e 05 19  |g.i....J........|
0000c4e0  85 05 2a 3c 05 08 3c 05  1d 03 14 3c 05 0b 66 05  |..*<..<....<..f.|
0000c4f0  09 2e 05 19 5b 05 02 66  08 23 05 09 4b 05 0d 03  |....[..f.#..K...|
0000c500  14 c8 05 0e 03 0d 90 05  0b 9f 05 0a 91 9f 05 28  |...............(|
0000c510  91 05 23 9e 05 1e 66 05  19 66 05 14 66 05 0f 66  |..#...f..f..f..f|
0000c520  05 0a 66 05 09 03 0d 66  05 01 3d 03 15 2e 05 0b  |..f....f..=.....|
0000c530  bb 05 06 75 05 0b 76 05  0c 67 05 07 67 05 04 02  |...u..v..g..g...|
0000c540  2f 16 05 09 67 05 0e 67  05 05 66 05 13 4c 05 0a  |/...g..g..f..L..|
0000c550  66 05 14 69 05 06 82 05  08 67 05 02 69 05 04 f3  |f..i.....g..i...|
0000c560  05 03 67 08 4c 05 0c 03  0e f2 05 07 4c 05 12 59  |..g.L.......L..Y|
0000c570  67 05 0c 67 6a 05 03 74  05 20 59 05 16 90 83 05  |g..gj..t. Y.....|
0000c580  07 33 05 0a 58 05 07 3d  05 0a 58 05 0d 41 05 04  |.3..X..=..X..A..|
0000c590  74 05 0e 00 02 04 03 30  05 08 00 02 04 03 83 05  |t......0........|
0000c5a0  16 00 02 04 03 58 05 0b  00 02 04 03 d6 05 0a 00  |.....X..........|
0000c5b0  02 04 03 30 05 1b 00 02  04 03 37 05 16 00 02 04  |...0......7.....|
0000c5c0  01 4a 05 09 03 09 66 05  07 69 05 0a 58 05 0d 3f  |.J....f..i..X..?|
0000c5d0  05 04 74 05 0e 2f 05 0b  83 05 1b 00 02 04 01 66  |..t../.........f|
0000c5e0  05 0b 00 02 04 03 66 00  02 04 04 06 74 05 08 00  |......f.....t...|
0000c5f0  02 04 06 06 58 05 0b 00  02 04 06 58 05 0a 00 02  |....X......X....|
0000c600  04 06 2f 05 1b 00 02 04  06 39 05 16 00 02 04 02  |../......9......|
0000c610  4a 05 1a 00 02 04 02 03  64 66 05 15 00 02 04 01  |J.......df......|
0000c620  4a 05 07 03 22 9e 3d 05  09 3d 05 08 4b 05 07 4e  |J...".=..=..K..N|
0000c630  05 05 08 58 05 04 00 02  04 01 4b 00 02 04 01 4b  |...X......K....K|
0000c640  05 03 34 00 02 04 01 06  66 00 02 04 02 74 00 02  |..4.....f....t..|
0000c650  04 04 58 05 0b 00 02 04  04 06 08 3d 05 03 00 02  |..X........=....|
0000c660  04 04 77 00 02 04 04 08  cb 05 0f 03 41 08 74 05  |..w.........A.t.|
0000c670  01 03 c1 00 9e 02 0a 00  01 01 fa 01 00 00 05 00  |................|
0000c680  04 00 4f 00 00 00 01 01  01 fb 0e 0d 00 01 01 01  |..O.............|
0000c690  01 00 00 00 01 00 00 01  01 01 1f 04 3b 01 00 00  |............;...|
0000c6a0  1b 00 00 00 3e 00 00 00  4c 00 00 00 02 01 1f 02  |....>...L.......|
0000c6b0  0f 07 57 01 00 00 01 57  01 00 00 01 56 00 00 00  |..W....W....V...|
0000c6c0  02 5c 00 00 00 03 92 00  00 00 03 6a 00 00 00 03  |.\.........j....|
0000c6d0  64 00 00 00 03 05 37 00  05 02 7b 50 01 00 03 cc  |d.....7...{P....|
0000c6e0  00 01 05 02 68 08 69 05  01 f3 05 30 3f 05 02 68  |....h.i....0?..h|
0000c6f0  05 21 08 6a 05 02 73 05  0b 3d 05 02 73 08 4d 05  |.!.j..s..=..s.M.|
0000c700  1e 08 76 05 02 58 08 30  05 01 f3 05 2d 40 05 02  |..v..X.0....-@..|
0000c710  68 05 04 08 69 05 03 67  08 5a 05 21 cc 05 02 73  |h...i..g.Z.!...s|
0000c720  05 0b 3d 05 02 73 08 4d  05 1e 08 76 05 02 58 08  |..=..s.M...v..X.|
0000c730  30 05 01 f3 05 34 03 0f  3c 05 02 68 05 04 08 69  |0....4..<..h...i|
0000c740  05 15 00 02 04 01 66 05  05 67 04 02 05 02 03 d9  |......f..g......|
0000c750  01 08 12 05 01 83 05 02  b9 05 01 83 04 01 05 03  |................|
0000c760  03 aa 7e 20 35 05 01 f4  05 34 03 10 4a 05 02 68  |..~ 5....4..J..h|
0000c770  05 04 08 6b 05 15 00 02  04 01 66 05 05 67 04 02  |...k......f..g..|
0000c780  05 02 03 b4 01 08 12 05  01 83 05 02 b9 05 01 83  |................|
0000c790  04 01 05 03 03 d0 7e 20  04 02 05 02 03 af 01 c8  |......~ ........|
0000c7a0  05 01 83 04 01 03 d5 7e  20 05 1d 43 04 02 05 02  |.......~ ..C....|
0000c7b0  03 a3 01 08 12 05 01 83  05 02 b9 05 01 83 05 02  |................|
0000c7c0  b9 05 01 83 05 02 b9 05  01 83 05 02 b9 05 01 83  |................|
0000c7d0  05 02 b9 05 01 83 05 02  b9 05 01 83 05 02 b9 05  |................|
0000c7e0  01 83 05 02 b9 05 01 83  05 02 b9 05 01 83 04 01  |................|
0000c7f0  03 fb 7e 20 05 42 03 0d  3c 05 25 67 05 0c 66 05  |..~ .B..<.%g..f.|
0000c800  11 84 05 16 ad 05 0b 91  05 27 91 05 12 66 05 01  |.........'...f..|
0000c810  91 05 1d 03 0b 3c 05 09  6e 05 02 74 05 03 00 02  |.....<..n..t....|
0000c820  04 03 2f 00 02 04 03 08  59 05 17 00 02 04 03 08  |../.....Y.......|
0000c830  2c 05 0f 00 02 04 01 4a  05 02 96 08 21 08 21 08  |,......J....!.!.|
0000c840  23 08 23 05 01 08 22 05  1b 03 10 3c 05 02 67 21  |#.#..."....<..g!|
0000c850  00 02 04 01 08 2f 05 1d  03 09 2e 05 02 67 59 05  |...../.......gY.|
0000c860  01 59 05 2c 03 0d 3c 05  0e 6a 05 16 c9 05 09 c9  |.Y.,..<..j......|
0000c870  05 01 3d 02 02 00 01 01  09 05 00 00 05 00 04 00  |..=.............|
0000c880  77 00 00 00 01 01 01 fb  0e 0d 00 01 01 01 01 00  |w...............|
0000c890  00 00 01 00 00 01 01 01  1f 04 00 00 00 00 1b 00  |................|
0000c8a0  00 00 3e 00 00 00 4c 00  00 00 02 01 1f 02 0f 0f  |..>...L.........|
0000c8b0  68 01 00 00 01 68 01 00  00 01 56 00 00 00 02 5c  |h....h....V....\|
0000c8c0  00 00 00 03 92 00 00 00  03 91 00 00 00 03 99 00  |................|
0000c8d0  00 00 03 a1 00 00 00 03  6a 00 00 00 03 72 00 00  |........j....r..|
0000c8e0  00 03 64 00 00 00 03 7c  00 00 00 03 c1 00 00 00  |..d....|........|
0000c8f0  03 ab 00 00 00 03 aa 00  00 00 03 05 3a 00 05 02  |............:...|
0000c900  c7 54 01 00 03 d5 00 01  05 02 69 00 02 04 01 06  |.T........i.....|
0000c910  66 06 02 36 13 00 02 04  01 06 66 05 15 06 02 36  |f..6......f....6|
0000c920  15 05 02 66 05 0e 58 05  1d 3f 05 0b 9e 05 04 03  |...f..X..?......|
0000c930  0c 3c 05 0f 67 05 08 66  05 01 5a 05 0f 03 18 3c  |.<..g..f..Z....<|
0000c940  05 02 69 00 02 04 01 06  66 05 09 06 02 39 17 05  |..i.....f....9..|
0000c950  02 94 00 02 04 01 06 66  06 02 39 13 00 02 04 01  |.......f..9.....|
0000c960  06 ac 06 02 39 13 00 02  04 01 06 82 05 10 06 02  |....9...........|
0000c970  39 15 05 0e ba 05 09 69  05 11 76 05 05 08 13 05  |9......i..v.....|
0000c980  03 6c 00 02 04 01 06 ac  05 10 06 02 39 15 05 0b  |.l..........9...|
0000c990  c0 05 05 74 05 0d 4b 05  05 03 6e 66 05 04 32 03  |...t..K...nf..2.|
0000c9a0  22 20 05 22 00 02 04 01  9e 05 17 00 02 04 01 90  |" ."............|
0000c9b0  05 03 85 00 02 04 01 06  08 74 06 02 39 17 08 3f  |.........t..9..?|
0000c9c0  08 15 05 0c 03 0e d6 05  04 74 05 03 4d 08 15 d9  |.........t..M...|
0000c9d0  f7 05 02 da 05 01 5b 05  0f 03 0d 3c 05 02 69 00  |......[....<..i.|
0000c9e0  02 04 01 06 66 05 06 06  02 39 19 05 09 75 05 0b  |....f....9...u..|
0000c9f0  03 19 74 05 02 74 05 0a  31 05 05 dd 05 18 00 02  |..t..t..1.......|
0000ca00  04 01 82 05 12 00 02 04  01 66 05 2e 00 02 04 02  |.........f......|
0000ca10  58 05 28 00 02 04 02 74  05 04 4c 05 0b 4c 05 06  |X.(....t..L..L..|
0000ca20  74 05 0b 4c 05 05 67 05  1f 00 02 04 02 03 6f 2e  |t..L..g.......o.|
0000ca30  05 14 00 02 04 01 4a 05  04 03 1a 66 05 03 68 08  |......J....f..h.|
0000ca40  14 d8 05 04 34 05 03 67  05 0c 58 05 03 75 05 0d  |....4..g..X..u..|
0000ca50  34 05 02 75 05 01 5b 05  0f 03 0e 2e 05 02 69 00  |4..u..[.......i.|
0000ca60  02 04 01 06 66 05 0f 06  02 39 18 05 04 08 21 05  |....f....9....!.|
0000ca70  03 67 05 0c 58 05 03 76  05 0b 5d 05 04 08 22 05  |.g..X..v..]...".|
0000ca80  03 68 e5 05 0c 58 05 03  76 05 02 5d 05 05 08 14  |.h...X..v..]....|
0000ca90  05 0d 3c 05 05 4c 05 0d  3c 05 05 67 05 0e 3c 05  |..<..L..<..g..<.|
0000caa0  15 67 05 05 d6 05 0b 3c  05 12 3d 05 05 9e 05 10  |.g.....<..=.....|
0000cab0  3c 05 09 3f 05 04 74 05  06 4b 05 16 3c 05 11 74  |<..?..t..K..<..t|
0000cac0  05 12 40 05 02 66 05 16  03 0f 08 4a 05 31 3c 05  |..@..f.....J.1<.|
0000cad0  0d 66 05 2f 77 05 14 58  05 08 3c 05 14 3c 05 12  |.f./w..X..<..<..|
0000cae0  2e 05 09 31 05 07 82 05  09 4b 05 16 58 05 09 66  |...1.....K..X..f|
0000caf0  05 16 58 05 09 5b 05 07  82 05 09 4b 05 16 58 05  |..X..[.....K..X.|
0000cb00  09 66 05 16 58 05 21 5c  05 0f 82 05 0c 3d 05 0a  |.f..X.!\.....=..|
0000cb10  75 05 0d 2f 05 0a e5 05  1b 67 05 0c 58 39 05 09  |u../.....g..X9..|
0000cb20  03 0c 66 05 0a 4b 05 10  e7 05 02 66 05 0b 58 05  |..f..K.....f..X.|
0000cb30  02 3d 05 0b 58 05 02 77  e7 05 01 21 03 0e 2e 05  |.=..X..w...!....|
0000cb40  02 69 00 02 04 01 06 66  05 13 06 02 39 17 05 0b  |.i.....f....9...|
0000cb50  58 05 24 67 05 0e 9e 05  0c 42 05 0f 92 05 04 08  |X.$g.....B......|
0000cb60  23 05 03 68 05 0c 58 05  11 96 05 0f 08 4a 05 02  |#..h..X......J..|
0000cb70  59 00 02 04 01 06 90 00  02 04 01 06 02 39 15 05  |Y............9..|
0000cb80  01 03 0c d6 05 0f 03 0b  2e 05 02 69 00 02 04 01  |...........i....|
0000cb90  06 66 05 12 06 02 39 17  05 0b 58 05 11 67 05 0b  |.f....9...X..g..|
0000cba0  58 05 17 03 0a 66 05 08  9e 05 04 3f 05 03 67 05  |X....f.....?..g.|
0000cbb0  0c 58 05 03 76 05 06 5c  05 04 76 05 07 69 05 05  |.X..v..\..v..i..|
0000cbc0  58 05 04 4b 05 0d 58 05  04 76 05 07 5b 05 03 08  |X..K..X..v..[...|
0000cbd0  3d 05 0c 58 05 03 68 05  0b 5a 05 07 a2 05 05 08  |=..X..h..Z......|
0000cbe0  4c 05 0f 68 05 04 75 00  02 04 01 06 08 74 06 02  |L..h..u......t..|
0000cbf0  39 14 5a 05 03 32 05 0c  58 05 03 68 05 02 33 05  |9.Z..2..X..h..3.|
0000cc00  0b 58 05 02 76 05 01 21  05 10 03 0b 2e 05 02 69  |.X..v..!.......i|
0000cc10  00 02 04 01 06 66 05 10  06 02 39 17 05 09 58 05  |.....f....9...X.|
0000cc20  12 67 05 09 58 05 17 03  0a 66 05 08 9e 05 06 42  |.g..X....f.....B|
0000cc30  05 05 6b 05 04 68 05 0c  08 3e 05 04 68 05 09 08  |..k..h...>..h...|
0000cc40  40 05 02 7a 05 0b 58 05  02 69 05 01 21 05 10 03  |@..z..X..i..!...|
0000cc50  0b 2e 05 02 69 00 02 04  01 06 66 05 0f 06 02 39  |....i.....f....9|
0000cc60  17 05 0b 58 05 04 68 05  03 69 d9 05 01 03 12 58  |...X..h..i.....X|
0000cc70  05 0e 03 73 2e 05 1d 75  05 0f ac 05 07 68 05 05  |...s...u.....h..|
0000cc80  08 3c 05 04 4c 05 01 02  39 1a 05 04 29 05 01 5d  |.<..L...9...)..]|
0000cc90  05 11 44 05 02 69 00 02  04 01 06 66 05 10 06 02  |..D..i.....f....|
0000cca0  39 17 05 02 66 05 0b 58  05 01 3f 05 12 44 05 02  |9...f..X..?..D..|
0000ccb0  69 00 02 04 01 06 66 06  02 39 17 05 0b 58 05 01  |i.....f..9...X..|
0000ccc0  93 05 12 03 0b 3c 05 02  69 00 02 04 01 06 66 05  |.....<..i.....f.|
0000ccd0  0e 06 02 39 17 05 08 9e  05 04 3f 05 1c 00 02 04  |...9......?.....|
0000cce0  01 66 05 0f 00 02 04 01  66 05 1d 59 05 03 74 05  |.f......f..Y..t.|
0000ccf0  0e 58 05 0c 3c 05 03 3e  05 0d 32 05 04 08 14 05  |.X..<..>..2.....|
0000cd00  18 00 02 04 01 66 05 12  00 02 04 01 74 05 1b 4c  |.....f......t..L|
0000cd10  05 03 74 05 0e 58 05 0c  3c 05 03 5b 05 0c 58 05  |..t..X..<..[..X.|
0000cd20  01 78 05 2d 03 24 2e 05  02 6d 00 02 04 01 06 90  |.x.-.$...m......|
0000cd30  06 02 39 13 00 02 04 01  06 ac 05 09 06 02 39 15  |..9...........9.|
0000cd40  05 07 9e 05 04 43 05 0f  00 02 04 01 66 05 3c 69  |.....C......f.<i|
0000cd50  05 03 58 05 08 08 67 05  03 75 05 12 9e 05 0a 6a  |..X...g..u.....j|
0000cd60  05 02 9e 04 02 03 9b 7c  08 90 05 01 83 04 01 03  |.......|........|
0000cd70  ec 03 20 05 17 03 0e 3c  05 02 69 f6 05 01 08 4b  |.. ....<..i....K|
0000cd80  02 03 00 01 01 3f 01 00  00 05 00 04 00 54 00 00  |.....?.......T..|
0000cd90  00 01 01 01 fb 0e 0d 00  01 01 01 01 00 00 00 01  |................|
0000cda0  00 00 01 01 01 1f 04 00  00 00 00 81 01 00 00 3e  |...............>|
0000cdb0  00 00 00 4c 00 00 00 02  01 1f 02 0f 08 77 01 00  |...L.........w..|
0000cdc0  00 01 56 00 00 00 02 77  01 00 00 01 5c 00 00 00  |..V....w....\...|
0000cdd0  03 a1 00 00 00 03 6a 00  00 00 03 64 00 00 00 03  |......j....d....|
0000cde0  92 00 00 00 03 05 01 00  05 02 8d 61 01 00 03 af  |...........a....|
0000cdf0  01 01 05 02 68 05 09 59  05 01 3d 04 02 05 21 03  |....h..Y..=...!.|
0000ce00  e6 7e 2e 05 04 68 05 10  00 02 04 01 66 05 03 67  |.~...h......f..g|
0000ce10  08 14 05 01 08 30 05 2e  03 0a 4a 05 02 68 05 04  |.....0....J..h..|
0000ce20  f3 05 03 67 f3 5a 05 07  cb 05 0c 31 05 03 91 05  |...g.Z.....1....|
0000ce30  0f 08 69 05 03 74 05 28  00 02 04 03 2f 05 26 00  |..i..t.(..../.&.|
0000ce40  02 04 03 66 05 04 00 02  04 03 ba 05 20 00 02 04  |...f........ ...|
0000ce50  03 08 8f 05 18 00 02 04  01 4a 05 03 85 05 16 cb  |.........J......|
0000ce60  05 07 58 05 0d 03 73 3c  05 01 03 0f 66 05 1a 03  |..X...s<....f...|
0000ce70  14 2e 05 07 68 05 0c 2f  05 03 74 05 21 00 02 04  |....h../..t.!...|
0000ce80  03 2e 05 15 00 02 04 01  4a 05 12 8f 05 01 a2 05  |........J.......|
0000ce90  20 03 0c 4a 05 02 68 05  04 f4 05 03 67 05 02 08  | ..J..h.....g...|
0000cea0  31 f7 08 77 cb 08 59 08  59 08 59 08 59 08 59 08  |1..w..Y.Y.Y.Y.Y.|
0000ceb0  59 08 5a f4 08 22 05 1a  f4 05 02 58 d8 21 00 02  |Y.Z..".....X.!..|
0000cec0  04 01 f3 02 02 00 01 01  c6 00 00 00 05 00 04 00  |................|
0000ced0  3c 00 00 00 01 01 01 fb  0e 0d 00 01 01 01 01 00  |<...............|
0000cee0  00 00 01 00 00 01 01 01  1f 03 3b 01 00 00 81 01  |..........;.....|
0000cef0  00 00 4c 00 00 00 02 01  1f 02 0f 04 89 01 00 00  |..L.............|
0000cf00  01 89 01 00 00 01 5c 00  00 00 02 ab 00 00 00 02  |......\.........|
0000cf10  05 42 00 05 02 17 64 01  00 03 19 01 05 08 86 05  |.B....d.........|
0000cf20  16 3c 05 04 3c 05 05 00  02 04 01 4b 05 13 00 02  |.<..<......K....|
0000cf30  04 01 3c 05 21 00 02 04  01 3b 05 08 4c 05 1e 57  |..<.!....;..L..W|
0000cf40  05 03 4d 08 21 05 15 32  05 1b 3d 05 06 3f 05 04  |..M.!..2..=..?..|
0000cf50  3e 05 1f 00 02 04 01 4a  05 14 00 02 04 01 90 05  |>......J........|
0000cf60  0a 4b 05 08 91 91 05 0c  2f 05 0e 66 05 0c 2e 05  |.K....../..f....|
0000cf70  0d 2d 05 10 58 05 04 47  05 15 36 05 09 58 05 0e  |.-..X..G..6..X..|
0000cf80  58 05 0c 2e 05 0d 2d 05  0a 58 05 01 4e 02 07 00  |X.....-..X..N...|
0000cf90  01 01 60 00 00 00 05 00  04 00 37 00 00 00 01 01  |..`.......7.....|
0000cfa0  01 fb 0e 0d 00 01 01 01  01 00 00 00 01 00 00 01  |................|
0000cfb0  01 01 1f 03 3b 01 00 00  81 01 00 00 4c 00 00 00  |....;.......L...|
0000cfc0  02 01 1f 02 0f 03 96 01  00 00 01 96 01 00 00 01  |................|
0000cfd0  5c 00 00 00 02 05 3e 00  05 02 b1 64 01 00 03 1a  |\.....>....d....|
0000cfe0  01 05 04 3d 05 09 83 05  04 68 05 09 83 68 05 01  |...=.....h...h..|
0000cff0  3d 02 02 00 01 01 6d 00  00 00 05 00 04 00 3c 00  |=.....m.......<.|
0000d000  00 00 01 01 01 fb 0e 0d  00 01 01 01 01 00 00 00  |................|
0000d010  01 00 00 01 01 01 1f 03  3b 01 00 00 81 01 00 00  |........;.......|
0000d020  4c 00 00 00 02 01 1f 02  0f 04 a2 01 00 00 01 a2  |L...............|
0000d030  01 00 00 01 5c 00 00 00  02 ab 00 00 00 02 05 28  |....\..........(|
0000d040  00 05 02 d5 64 01 00 03  1c 01 05 08 67 05 04 68  |....d.......g..h|
0000d050  05 06 67 05 09 90 3d 05  07 3f 08 3d 05 0d 68 05  |..g...=..?.=..h.|
0000d060  01 67 02 02 00 01 01 70  00 00 00 05 00 04 00 2e  |.g.....p........|
0000d070  00 00 00 01 01 01 fb 0e  0d 00 01 01 01 01 00 00  |................|
0000d080  00 01 00 00 01 01 01 1f  02 3b 01 00 00 81 01 00  |.........;......|
0000d090  00 02 01 1f 02 0f 02 af  01 00 00 01 af 01 00 00  |................|
0000d0a0  01 05 27 00 05 02 18 65  01 00 03 1c 01 05 0b 77  |..'....e.......w|
0000d0b0  05 04 08 9f 05 0c 67 05  09 75 05 04 76 05 09 67  |......g..u..v..g|
0000d0c0  05 11 08 3e 05 16 02 27  12 05 06 58 05 16 90 05  |...>...'...X....|
0000d0d0  09 2e 2f 05 01 3d 02 05  00 01 01 a1 00 00 00 05  |../..=..........|
0000d0e0  00 04 00 3c 00 00 00 01  01 01 fb 0e 0d 00 01 01  |...<............|
0000d0f0  01 01 00 00 00 01 00 00  01 01 01 1f 03 3b 01 00  |.............;..|
0000d100  00 81 01 00 00 4c 00 00  00 02 01 1f 02 0f 04 bd  |.....L..........|
0000d110  01 00 00 01 bd 01 00 00  01 5c 00 00 00 02 ab 00  |.........\......|
0000d120  00 00 02 05 29 00 05 02  a9 65 01 00 03 20 01 05  |....)....e... ..|
0000d130  06 67 05 0b 76 05 02 74  05 0c 2f 05 05 ad 05 14  |.g..v..t../.....|
0000d140  00 02 04 01 66 05 20 00  02 04 02 66 05 04 67 05  |....f. ....f..g.|
0000d150  08 4b 4b 05 16 90 05 0b  ba 05 09 00 02 04 02 30  |.KK............0|
0000d160  05 1b 00 02 04 02 03 79  4a 05 14 00 02 04 01 4a  |.......yJ......J|
0000d170  05 07 03 0a 66 05 08 68  05 01 3d 02 02 00 01 01  |....f..h..=.....|
0000d180  b1 00 00 00 05 00 04 00  37 00 00 00 01 01 01 fb  |........7.......|
0000d190  0e 0d 00 01 01 01 01 00  00 00 01 00 00 01 01 01  |................|
0000d1a0  1f 03 3b 01 00 00 81 01  00 00 4c 00 00 00 02 01  |..;.......L.....|
0000d1b0  1f 02 0f 03 ca 01 00 00  01 ca 01 00 00 01 5c 00  |..............\.|
0000d1c0  00 00 02 05 29 00 05 02  14 66 01 00 03 1d 01 05  |....)....f......|
0000d1d0  06 68 05 08 75 05 06 69  ad 05 09 4b 05 02 74 05  |.h..u..i...K..t.|
0000d1e0  05 30 05 0f 00 02 04 01  66 05 1b 00 02 04 02 66  |.0......f......f|
0000d1f0  05 11 67 05 08 75 05 10  4b 05 07 66 05 10 90 05  |..g..u..K..f....|
0000d200  0a 2e 05 09 00 02 04 02  30 05 07 00 02 04 02 4b  |........0......K|
0000d210  00 02 04 02 ad 05 18 00  02 04 02 03 77 4a 05 10  |............wJ..|
0000d220  00 02 04 01 4a 05 06 03  0b 66 05 0c 68 05 01 67  |....J....f..h..g|
0000d230  02 02 00 01 01 65 00 00  00 05 00 04 00 3c 00 00  |.....e.......<..|
0000d240  00 01 01 01 fb 0e 0d 00  01 01 01 01 00 00 00 01  |................|
0000d250  00 00 01 01 01 1f 03 3b  01 00 00 81 01 00 00 4c  |.......;.......L|
0000d260  00 00 00 02 01 1f 02 0f  04 d7 01 00 00 01 d7 01  |................|
0000d270  00 00 01 5c 00 00 00 02  ab 00 00 00 02 05 29 00  |...\..........).|
0000d280  05 02 9a 66 01 00 03 1b  01 05 0b 67 05 07 68 05  |...f.......g..h.|
0000d290  06 08 3d 05 0c 68 05 01  67 02 02 00 01 01 74 00  |..=..h..g.....t.|
0000d2a0  00 00 05 00 04 00 3c 00  00 00 01 01 01 fb 0e 0d  |......<.........|
0000d2b0  00 01 01 01 01 00 00 00  01 00 00 01 01 01 1f 03  |................|
0000d2c0  3b 01 00 00 81 01 00 00  4c 00 00 00 02 01 1f 02  |;.......L.......|
0000d2d0  0f 04 e4 01 00 00 01 e4  01 00 00 01 5c 00 00 00  |............\...|
0000d2e0  02 ab 00 00 00 02 05 2c  00 05 02 c8 66 01 00 03  |.......,....f...|
0000d2f0  1b 01 05 0b 69 05 04 08  21 05 09 67 05 11 08 4c  |....i...!..g...L|
0000d300  05 16 08 ac 05 06 58 05  16 90 05 09 2e 2f 05 01  |......X....../..|
0000d310  3d 02 02 00 01 01 63 00  00 00 05 00 04 00 37 00  |=.....c.......7.|
0000d320  00 00 01 01 01 fb 0e 0d  00 01 01 01 01 00 00 00  |................|
0000d330  01 00 00 01 01 01 1f 03  3b 01 00 00 81 01 00 00  |........;.......|
0000d340  4c 00 00 00 02 01 1f 02  0f 03 f2 01 00 00 01 f2  |L...............|
0000d350  01 00 00 01 5c 00 00 00  02 05 31 00 05 02 2e 67  |....\.....1....g|
0000d360  01 00 03 17 01 05 14 75  05 07 43 05 09 2f 05 0c  |.......u..C../..|
0000d370  58 3b 05 09 58 05 01 4d  02 07 00 01 01 6e 00 00  |X;..X..M.....n..|
0000d380  00 05 00 04 00 37 00 00  00 01 01 01 fb 0e 0d 00  |.....7..........|
0000d390  01 01 01 01 00 00 00 01  00 00 01 01 01 1f 03 3b  |...............;|
0000d3a0  01 00 00 81 01 00 00 4c  00 00 00 02 01 1f 02 0f  |.......L........|
0000d3b0  03 ff 01 00 00 01 ff 01  00 00 01 5c 00 00 00 02  |...........\....|
0000d3c0  05 4b 00 05 02 52 67 01  00 03 1a 01 05 14 83 05  |.K...Rg.........|
0000d3d0  1a 3d 05 07 43 05 14 2f  05 08 58 05 0d 58 05 0b  |.=..C../..X..X..|
0000d3e0  3c 05 0c 2d 05 09 58 05  01 4d 02 06 00 01 01 95  |<..-..X..M......|
0000d3f0  00 00 00 05 00 04 00 37  00 00 00 01 01 01 fb 0e  |.......7........|
0000d400  0d 00 01 01 01 01 00 00  00 01 00 00 01 01 01 1f  |................|
0000d410  03 3b 01 00 00 81 01 00  00 4c 00 00 00 02 01 1f  |.;.......L......|
0000d420  02 0f 03 0c 02 00 00 01  0c 02 00 00 01 5c 00 00  |.............\..|
0000d430  00 02 05 43 00 05 02 80  67 01 00 03 19 01 05 14  |...C....g.......|
0000d440  83 05 1a 3d 05 04 43 05  1f 00 02 04 01 4a 05 14  |...=..C......J..|
0000d450  00 02 04 01 3c 05 0a 4b  05 08 2f 2f 05 0c 2f 05  |....<..K..//../.|
0000d460  0e 66 05 0c 3c 05 0d 2d  05 10 58 05 04 47 05 15  |.f..<..-..X..G..|
0000d470  36 05 09 58 05 0e 58 05  0c 3c 05 0d 2d 05 0a 58  |6..X..X..<..-..X|
0000d480  05 01 4e 02 06 00 01 01  65 00 00 00 05 00 04 00  |..N.....e.......|
0000d490  37 00 00 00 01 01 01 fb  0e 0d 00 01 01 01 01 00  |7...............|
0000d4a0  00 00 01 00 00 01 01 01  1f 03 3b 01 00 00 81 01  |..........;.....|
0000d4b0  00 00 4c 00 00 00 02 01  1f 02 0f 03 1a 02 00 00  |..L.............|
0000d4c0  01 1a 02 00 00 01 5c 00  00 00 02 05 4a 00 05 02  |......\.....J...|
0000d4d0  d3 67 01 00 03 18 01 05  14 75 05 07 43 05 06 2f  |.g.......u..C../|
0000d4e0  05 09 58 05 0c 65 05 09  58 05 01 4d 02 07 00 01  |..X..e..X..M....|
0000d4f0  01 21 01 00 00 05 00 04  00 3c 00 00 00 01 01 01  |.!.......<......|
0000d500  fb 0e 0d 00 01 01 01 01  00 00 00 01 00 00 01 01  |................|
0000d510  01 1f 03 3b 01 00 00 81  01 00 00 4c 00 00 00 02  |...;.......L....|
0000d520  01 1f 02 0f 04 27 02 00  00 01 27 02 00 00 01 5c  |.....'....'....\|
0000d530  00 00 00 02 ab 00 00 00  02 05 2a 00 05 02 fa 67  |..........*....g|
0000d540  01 00 03 1e 01 05 05 03  17 66 05 07 93 05 05 5c  |.........f.....\|
0000d550  05 0f a4 05 0c 75 05 0a  75 05 0d 75 05 07 90 05  |.....u..u..u....|
0000d560  06 67 05 10 67 05 0e 75  05 08 90 05 06 68 05 0d  |.g..g..u.....h..|
0000d570  67 05 0e 75 05 08 90 05  09 68 05 0b 2f 05 11 e5  |g..u.....h../...|
0000d580  05 0b 74 05 0e 3d 05 08  90 05 15 63 00 02 04 01  |..t..=.....c....|
0000d590  06 66 05 04 06 03 09 66  05 0d 08 85 05 0a 90 05  |.f.....f........|
0000d5a0  08 2e 05 0e 3d 75 05 0b  4b 05 05 08 e5 05 1b 5b  |....=u..K......[|
0000d5b0  05 0b 90 08 4b 05 05 08  f3 05 18 5b 05 15 90 05  |....K......[....|
0000d5c0  09 2e 05 0b 3d 05 05 08  d7 05 1b 5b 05 18 90 05  |....=......[....|
0000d5d0  0b 2e 08 2f 05 05 08 f3  05 1b 5b 05 18 90 05 0b  |.../......[.....|
0000d5e0  2e 08 2f 05 05 08 f3 05  1b 31 05 18 90 05 0b 2e  |../......1......|
0000d5f0  08 2f 05 05 08 f3 05 08  41 05 0b 90 05 13 03 bc  |./......A.......|
0000d600  7f 66 05 0d 90 05 17 66  05 07 03 c9 00 9e 05 01  |.f.....f........|
0000d610  67 02 03 00 01 01 75 00  00 00 05 00 04 00 2e 00  |g.....u.........|
0000d620  00 00 01 01 01 fb 0e 0d  00 01 01 01 01 00 00 00  |................|
0000d630  01 00 00 01 01 01 1f 02  3b 01 00 00 81 01 00 00  |........;.......|
0000d640  02 01 1f 02 0f 02 34 02  00 00 01 34 02 00 00 01  |......4....4....|
0000d650  05 40 00 05 02 6f 6a 01  00 03 17 01 05 07 a0 05  |.@...oj.........|
0000d660  03 2f 05 09 3c 3b 05 12  3c 05 16 00 02 04 01 4a  |./..<;..<......J|
0000d670  05 1d 00 02 04 01 3c 05  12 00 02 04 01 3c 05 0a  |......<......<..|
0000d680  4d 05 10 66 05 0e 66 05  01 2f 02 05 00 01 01 65  |M..f..f../.....e|
0000d690  00 00 00 05 00 04 00 37  00 00 00 01 01 01 fb 0e  |.......7........|
0000d6a0  0d 00 01 01 01 01 00 00  00 01 00 00 01 01 01 1f  |................|
0000d6b0  03 3b 01 00 00 81 01 00  00 4c 00 00 00 02 01 1f  |.;.......L......|
0000d6c0  02 0f 03 41 02 00 00 01  41 02 00 00 01 5c 00 00  |...A....A....\..|
0000d6d0  00 02 05 2d 00 05 02 a5  6a 01 00 03 16 01 05 14  |...-....j.......|
0000d6e0  75 05 07 5a 05 03 2f 05  0d 3b 05 09 58 05 08 78  |u..Z../..;..X..x|
0000d6f0  05 01 2f 02 05 00 01 01  b1 00 00 00 05 00 04 00  |../.............|
0000d700  3c 00 00 00 01 01 01 fb  0e 0d 00 01 01 01 01 00  |<...............|
0000d710  00 00 01 00 00 01 01 01  1f 03 3b 01 00 00 81 01  |..........;.....|
0000d720  00 00 4c 00 00 00 02 01  1f 02 0f 04 4e 02 00 00  |..L.........N...|
0000d730  01 4e 02 00 00 01 5c 00  00 00 02 ab 00 00 00 02  |.N....\.........|
0000d740  05 23 00 05 02 c9 6a 01  00 03 1f 01 05 04 6a 05  |.#....j.......j.|
0000d750  09 67 05 07 d6 05 08 40  05 04 93 05 10 00 02 04  |.g.....@........|
0000d760  01 66 05 09 67 05 0b 08  6a 05 02 74 05 0f 00 02  |.f..g...j..t....|
0000d770  04 03 2f 05 07 00 02 04  03 90 05 0f 00 02 04 03  |../.............|
0000d780  90 05 0a 00 02 04 03 3c  05 1b 00 02 04 03 2d 05  |.......<......-.|
0000d790  14 00 02 04 01 4a 05 04  87 05 10 00 02 04 01 66  |.....J.........f|
0000d7a0  05 09 67 08 69 05 01 3d  02 02 00 01 01 5d 00 00  |..g.i..=.....]..|
0000d7b0  00 05 00 04 00 2e 00 00  00 01 01 01 fb 0e 0d 00  |................|
0000d7c0  01 01 01 01 00 00 00 01  00 00 01 01 01 1f 02 3b  |...............;|
0000d7d0  01 00 00 81 01 00 00 02  01 1f 02 0f 02 5b 02 00  |.............[..|
0000d7e0  00 01 5b 02 00 00 01 05  30 00 05 02 66 6b 01 00  |..[.....0...fk..|
0000d7f0  03 1a 01 05 07 3d 2f 05  0c 90 05 0a 3c 05 09 2f  |.....=/.....<../|
0000d800  05 0f 48 05 09 6a 05 01  3d 02 02 00 01 01 2f 68  |..H..j..=...../h|
0000d810  6f 6d 65 2f 72 6a 6c 65  30 33 2f 32 30 32 36 30  |ome/rjle03/20260|
0000d820  33 31 35 2e 31 35 33 39  00 6b 65 72 6e 65 6c 00  |315.1539.kernel.|
0000d830  65 6e 74 72 79 2e 53 00  69 73 72 73 2e 53 00 6b  |entry.S.isrs.S.k|
0000d840  65 72 6e 65 6c 2f 63 69  6f 2e 63 00 2e 2f 69 6e  |ernel/cio.c../in|
0000d850  63 6c 75 64 65 2f 78 38  36 00 2e 2f 69 6e 63 6c  |clude/x86../incl|
0000d860  75 64 65 00 6f 70 73 2e  68 00 74 79 70 65 73 2e  |ude.ops.h.types.|
0000d870  68 00 63 69 6f 2e 68 00  70 72 6f 63 73 2e 68 00  |h.cio.h.procs.h.|
0000d880  73 75 70 70 6f 72 74 2e  68 00 73 69 6f 2e 68 00  |support.h.sio.h.|
0000d890  6b 65 72 6e 65 6c 2f 63  6c 6f 63 6b 2e 63 00 6b  |kernel/clock.c.k|
0000d8a0  64 65 66 73 2e 68 00 63  6c 6f 63 6b 2e 68 00 71  |defs.h.clock.h.q|
0000d8b0  75 65 75 65 73 2e 68 00  6b 6c 69 62 2e 68 00 6b  |ueues.h.klib.h.k|
0000d8c0  65 72 6e 65 6c 2f 6b 65  72 6e 65 6c 2e 63 00 73  |ernel/kernel.c.s|
0000d8d0  74 61 63 6b 73 2e 68 00  73 79 73 63 61 6c 6c 73  |tacks.h.syscalls|
0000d8e0  2e 68 00 6b 6d 65 6d 2e  68 00 6b 65 72 6e 65 6c  |.h.kmem.h.kernel|
0000d8f0  2f 6b 6d 65 6d 2e 63 00  6b 65 72 6e 65 6c 2f 6c  |/kmem.c.kernel/l|
0000d900  69 73 74 2e 63 00 6c 69  73 74 2e 68 00 6b 65 72  |ist.c.list.h.ker|
0000d910  6e 65 6c 2f 70 72 6f 63  73 2e 63 00 6b 65 72 6e  |nel/procs.c.kern|
0000d920  65 6c 2f 71 75 65 75 65  73 2e 63 00 6b 65 72 6e  |el/queues.c.kern|
0000d930  65 6c 2f 73 69 6f 2e 63  00 6b 65 72 6e 65 6c 2f  |el/sio.c.kernel/|
0000d940  73 74 61 63 6b 73 2e 63  00 2f 68 6f 6d 65 2f 72  |stacks.c./home/r|
0000d950  6a 6c 65 30 33 2f 63 73  63 69 34 35 32 00 6b 65  |jle03/csci452.ke|
0000d960  72 6e 65 6c 2f 73 75 70  70 6f 72 74 2e 63 00 6b  |rnel/support.c.k|
0000d970  65 72 6e 65 6c 2f 73 79  73 63 61 6c 6c 73 2e 63  |ernel/syscalls.c|
0000d980  00 6c 69 62 2f 6b 65 78  74 72 61 73 2e 63 00 6c  |.lib/kextras.c.l|
0000d990  69 62 00 6c 69 62 2f 62  6c 6b 6d 6f 76 2e 63 00  |ib.lib/blkmov.c.|
0000d9a0  6c 69 62 2f 62 6f 75 6e  64 2e 63 00 6c 69 62 2f  |lib/bound.c.lib/|
0000d9b0  63 76 74 64 65 63 2e 63  00 6c 69 62 2f 63 76 74  |cvtdec.c.lib/cvt|
0000d9c0  64 65 63 30 2e 63 00 6c  69 62 2f 63 76 74 68 65  |dec0.c.lib/cvthe|
0000d9d0  78 2e 63 00 6c 69 62 2f  63 76 74 6f 63 74 2e 63  |x.c.lib/cvtoct.c|
0000d9e0  00 6c 69 62 2f 63 76 74  75 6e 73 2e 63 00 6c 69  |.lib/cvtuns.c.li|
0000d9f0  62 2f 63 76 74 75 6e 73  30 2e 63 00 6c 69 62 2f  |b/cvtuns0.c.lib/|
0000da00  6d 65 6d 63 6c 72 2e 63  00 6c 69 62 2f 6d 65 6d  |memclr.c.lib/mem|
0000da10  63 70 79 2e 63 00 6c 69  62 2f 6d 65 6d 6d 6f 76  |cpy.c.lib/memmov|
0000da20  65 2e 63 00 6c 69 62 2f  6d 65 6d 73 65 74 2e 63  |e.c.lib/memset.c|
0000da30  00 6c 69 62 2f 73 70 72  69 6e 74 2e 63 00 6c 69  |.lib/sprint.c.li|
0000da40  62 2f 73 74 72 63 6d 70  2e 63 00 6c 69 62 2f 73  |b/strcmp.c.lib/s|
0000da50  74 72 6c 65 6e 2e 63 00  6c 69 62 2f 70 61 64 73  |trlen.c.lib/pads|
0000da60  74 72 2e 63 00 6c 69 62  2f 70 61 64 2e 63 00 20  |tr.c.lib/pad.c. |
0000da70  00 00 00 05 00 01 04 00  00 00 00 01 00 00 00 00  |................|
0000da80  00 00 01 00 40 00 00 00  00 0f 00 00 00 2a 00 00  |....@........*..|
0000da90  00 01 80 21 00 00 00 05  00 01 04 14 00 00 00 01  |...!............|
0000daa0  60 00 00 00 40 00 01 00  f5 16 36 00 00 00 0f 00  |`...@.....6.....|
0000dab0  00 00 2a 00 00 00 01 80  18 0d 00 00 05 00 01 04  |..*.............|
0000dac0  28 00 00 00 24 16 04 00  00 0c 31 00 00 00 00 00  |(...$.....1.....|
0000dad0  00 00 b5 0b 01 00 20 0f  00 00 99 01 00 00 14 b3  |...... .........|
0000dae0  03 00 00 42 00 00 00 04  46 42 00 00 00 05 78 01  |...B....FB....x.|
0000daf0  00 00 00 05 71 00 00 00  01 00 0a 04 07 86 00 00  |....q...........|
0000db00  00 25 cc 00 00 00 04 4d  15 42 00 00 00 0a 01 06  |.%.....M.B......|
0000db10  98 02 00 00 26 55 00 00  00 27 55 00 00 00 15 9e  |....&U...'U.....|
0000db20  03 00 00 1e 70 00 00 00  0a 01 08 8f 02 00 00 0a  |....p...........|
0000db30  02 05 ca 02 00 00 0a 02  07 8f 01 00 00 15 0d 03  |................|
0000db40  00 00 21 8f 00 00 00 28  04 05 69 6e 74 00 15 0c  |..!....(..int...|
0000db50  03 00 00 22 42 00 00 00  0a 08 05 d6 00 00 00 0a  |..."B...........|
0000db60  08 07 7c 00 00 00 0a 04  07 81 00 00 00 14 3d 02  |..|...........=.|
0000db70  00 00 42 00 00 00 05 68  e3 00 00 00 05 a2 01 00  |..B....h........|
0000db80  00 00 05 1f 02 00 00 01  05 e4 00 00 00 02 05 04  |................|
0000db90  03 00 00 03 05 bd 03 00  00 80 00 14 35 03 00 00  |............5...|
0000dba0  42 00 00 00 06 30 29 01  00 00 05 00 01 00 00 00  |B....0).........|
0000dbb0  05 4e 00 00 00 01 05 13  02 00 00 02 05 90 03 00  |.N..............|
0000dbc0  00 03 05 41 01 00 00 04  05 ca 03 00 00 05 05 ac  |...A............|
0000dbd0  01 00 00 06 05 4f 02 00  00 07 05 5c 02 00 00 08  |.....O.....\....|
0000dbe0  00 06 48 03 00 00 3c 15  42 00 00 00 05 03 04 a0  |..H...<.B.......|
0000dbf0  01 00 06 55 03 00 00 3c  23 42 00 00 00 05 03 08  |...U...<#B......|
0000dc00  a0 01 00 06 a6 03 00 00  3d 15 42 00 00 00 05 03  |........=.B.....|
0000dc10  0c a0 01 00 06 30 02 00  00 3d 23 42 00 00 00 05  |.....0...=#B....|
0000dc20  03 10 a0 01 00 06 ad 02  00 00 3e 15 42 00 00 00  |..........>.B...|
0000dc30  05 03 14 a0 01 00 06 b4  02 00 00 3e 1d 42 00 00  |...........>.B..|
0000dc40  00 05 03 18 a0 01 00 06  4f 03 00 00 3f 15 42 00  |........O...?.B.|
0000dc50  00 00 05 03 1c a0 01 00  06 5c 03 00 00 3f 1c 42  |.........\...?.B|
0000dc60  00 00 00 05 03 20 a0 01  00 06 ad 03 00 00 40 15  |..... ........@.|
0000dc70  42 00 00 00 05 03 24 a0  01 00 06 37 02 00 00 40  |B.....$....7...@|
0000dc80  1c 42 00 00 00 05 03 28  a0 01 00 06 0d 01 00 00  |.B.....(........|
0000dc90  43 16 70 00 00 00 05 03  2c a0 01 00 06 d8 03 00  |C.p.....,.......|
0000dca0  00 44 16 70 00 00 00 05  03 2d a0 01 00 1e 00 02  |.D.p.....-......|
0000dcb0  00 00 01 8f 00 00 00 00  06 2e 03 00 00 47 0f 11  |.............G..|
0000dcc0  02 00 00 05 03 30 a0 01  00 0b f5 01 00 00 29 49  |.....0........)I|
0000dcd0  00 00 00 01 4e 0e 05 03  00 a0 01 00 10 70 00 00  |....N........p..|
0000dce0  00 3a 02 00 00 0d 42 00  00 00 01 0d 42 00 00 00  |.:....B.....B...|
0000dcf0  7f 00 02 ea 03 00 00 15  02 16 24 02 00 00 05 03  |..........$.....|
0000dd00  00 94 01 00 10 55 00 00  00 5c 02 00 00 0d 42 00  |.....U...\....B.|
0000dd10  00 00 c7 00 02 09 04 00  00 60 02 0d 4c 02 00 00  |.........`..L...|
0000dd20  05 03 40 a0 01 00 02 73  02 00 00 61 02 17 80 02  |..@....s...a....|
0000dd30  00 00 05 03 00 95 01 00  0b 61 00 00 00 02 36 01  |.........a....6.|
0000dd40  00 00 62 02 17 80 02 00  00 05 03 04 95 01 00 1e  |..b.............|
0000dd50  a7 02 00 00 01 8f 00 00  00 01 8f 00 00 00 00 16  |................|
0000dd60  c3 04 00 00 07 4d 08 c2  02 00 00 c2 02 00 00 01  |.....M..........|
0000dd70  8f 00 00 00 01 c2 02 00  00 00 0b 97 02 00 00 0e  |................|
0000dd80  00 02 00 00 14 01 05 8f  00 00 00 e2 02 00 00 01  |................|
0000dd90  e2 02 00 00 01 96 00 00  00 00 0b 55 00 00 00 0e  |...........U....|
0000dda0  c5 00 00 00 52 01 05 8f  00 00 00 02 03 00 00 01  |....R...........|
0000ddb0  e2 02 00 00 01 96 00 00  00 00 0e bb 02 00 00 42  |...............B|
0000ddc0  01 05 8f 00 00 00 1d 03  00 00 01 e2 02 00 00 01  |................|
0000ddd0  96 00 00 00 00 0e 64 01  00 00 32 01 05 8f 00 00  |......d...2.....|
0000dde0  00 38 03 00 00 01 e2 02  00 00 01 85 00 00 00 00  |.8..............|
0000ddf0  16 c0 01 00 00 08 8c 0a  96 00 00 00 4e 03 00 00  |............N...|
0000de00  01 4e 03 00 00 00 0b 5c  00 00 00 0e 72 01 00 00  |.N.....\....r...|
0000de10  5f 01 0a 96 00 00 00 73  03 00 00 01 96 00 00 00  |_......s........|
0000de20  01 96 00 00 00 01 96 00  00 00 00 16 81 03 00 00  |................|
0000de30  09 96 05 8f 00 00 00 8e  03 00 00 01 4e 03 00 00  |............N...|
0000de40  01 8f 00 00 00 00 1f 48  02 00 00 08 f2 a5 03 00  |.......H........|
0000de50  00 01 e2 02 00 00 01 e2  02 00 00 17 00 1f f5 00  |................|
0000de60  00 00 09 88 b6 03 00 00  01 8f 00 00 00 00 18 b5  |................|
0000de70  04 00 00 2c 03 8f 00 00  00 a9 1a 01 00 2c 00 00  |...,.........,..|
0000de80  00 01 9c ee 03 00 00 03  6f 70 74 00 2c 03 18 8f  |........opt.,...|
0000de90  00 00 00 02 91 00 04 6f  6c 64 00 32 03 06 8f 00  |.......old.2....|
0000dea0  00 00 02 91 74 00 18 07  02 00 00 17 03 8f 00 00  |....t...........|
0000deb0  00 7d 1a 01 00 2c 00 00  00 01 9c 26 04 00 00 03  |.}...,.....&....|
0000dec0  6f 70 74 00 17 03 16 8f  00 00 00 02 91 00 04 6f  |opt............o|
0000ded0  6c 64 00 1d 03 06 8f 00  00 00 02 91 74 00 0c 68  |ld..........t..h|
0000dee0  00 00 00 e3 02 d2 19 01  00 ab 00 00 00 01 9c 4b  |...............K|
0000def0  04 00 00 03 66 63 6e 00  e3 02 17 11 02 00 00 02  |....fcn.........|
0000df00  91 00 00 18 9d 00 00 00  d7 02 8f 00 00 00 aa 19  |................|
0000df10  01 00 28 00 00 00 01 9c  74 04 00 00 02 c2 02 00  |..(.....t.......|
0000df20  00 d8 02 06 8f 00 00 00  02 91 74 00 20 5b 01 00  |..........t. [..|
0000df30  00 c3 02 8f 00 00 00 59  19 01 00 51 00 00 00 01  |.......Y...Q....|
0000df40  9c c9 04 00 00 07 0f 04  00 00 c3 02 15 e2 02 00  |................|
0000df50  00 02 91 00 07 8a 01 00  00 c3 02 2a 42 00 00 00  |...........*B...|
0000df60  02 91 04 04 63 68 00 c4  02 0a 55 00 00 00 02 91  |....ch....U.....|
0000df70  6b 02 f1 0a 00 00 c5 02  06 8f 00 00 00 02 91 6c  |k..............l|
0000df80  00 20 75 03 00 00 ab 02  8f 00 00 00 b3 18 01 00  |. u.............|
0000df90  a6 00 00 00 01 9c 62 05  00 00 04 63 00 ac 02 0a  |......b....c....|
0000dfa0  55 00 00 00 02 91 6b 02  62 03 00 00 ad 02 06 8f  |U.....k.b.......|
0000dfb0  00 00 00 02 91 6c 19 01  0d 00 00 b9 18 01 00 08  |.....l..........|
0000dfc0  00 00 00 ad 02 1b 1b 05  00 00 11 0e 0d 00 00 02  |................|
0000dfd0  91 64 00 19 d5 0c 00 00  d9 18 01 00 0d 00 00 00  |.d..............|
0000dfe0  b4 02 0d 40 05 00 00 08  e7 0c 00 00 02 91 60 11  |...@..........`.|
0000dff0  f3 0c 00 00 02 91 5f 00  21 d5 0c 00 00 f7 18 01  |......_.!.......|
0000e000  00 0d 00 00 00 b7 02 1c  08 e7 0c 00 00 02 91 58  |...............X|
0000e010  11 f3 0c 00 00 02 91 57  00 00 22 f7 02 00 00 9f  |.......W..".....|
0000e020  02 4f 18 01 00 64 00 00  00 01 9c fa 05 00 00 07  |.O...d..........|
0000e030  ad 00 00 00 9f 02 1f 8f  00 00 00 02 91 00 07 ef  |................|
0000e040  03 00 00 9f 02 2b 8f 00  00 00 02 91 04 02 06 07  |.....+..........|
0000e050  00 00 a1 02 06 8f 00 00  00 02 91 6c 04 76 61 6c  |...........l.val|
0000e060  00 a2 02 06 8f 00 00 00  02 91 68 19 d5 0c 00 00  |..........h.....|
0000e070  5c 18 01 00 0d 00 00 00  a1 02 0d d8 05 00 00 08  |\...............|
0000e080  e7 0c 00 00 02 91 64 11  f3 0c 00 00 02 91 63 00  |......d.......c.|
0000e090  21 ae 0c 00 00 a7 18 01  00 09 00 00 00 a8 02 02  |!...............|
0000e0a0  08 c8 0c 00 00 02 91 5b  08 bc 0c 00 00 02 91 5c  |.......[.......\|
0000e0b0  00 00 1a e4 03 00 00 6b  02 8f 00 00 00 40 17 01  |.......k.....@..|
0000e0c0  00 0f 01 00 00 01 9c 6f  06 00 00 07 ef 03 00 00  |.......o........|
0000e0d0  6b 02 21 8f 00 00 00 02  91 00 02 6d 02 00 00 6c  |k.!........m...l|
0000e0e0  02 0e 8f 00 00 00 05 03  08 a1 01 00 02 7d 02 00  |.............}..|
0000e0f0  00 6d 02 0e 8f 00 00 00  05 03 08 95 01 00 02 8b  |.m..............|
0000e100  03 00 00 6e 02 06 8f 00  00 00 02 91 74 0f 07 18  |...n........t...|
0000e110  01 00 43 00 00 00 02 62  0b 00 00 8f 02 16 80 02  |..C....b........|
0000e120  00 00 02 91 70 00 00 2a  44 00 00 00 01 64 02 17  |....p..*D....d..|
0000e130  80 02 00 00 23 17 01 00  1d 00 00 00 01 9c 9a 06  |....#...........|
0000e140  00 00 07 28 02 00 00 64  02 31 80 02 00 00 02 91  |...(...d.1......|
0000e150  00 00 0c 50 01 00 00 0d  02 07 17 01 00 1c 00 00  |...P............|
0000e160  00 01 9c c0 06 00 00 03  66 6d 74 00 0d 02 18 e2  |........fmt.....|
0000e170  02 00 00 02 91 00 17 00  0c 15 03 00 00 09 02 e7  |................|
0000e180  16 01 00 20 00 00 00 01  9c 00 07 00 00 03 78 00  |... ..........x.|
0000e190  09 02 22 42 00 00 00 02  91 00 03 79 00 09 02 32  |.."B.......y...2|
0000e1a0  42 00 00 00 02 91 04 03  66 6d 74 00 09 02 3b e2  |B.......fmt...;.|
0000e1b0  02 00 00 02 91 08 17 00  22 93 00 00 00 8d 01 11  |........".......|
0000e1c0  14 01 00 d6 02 00 00 01  9c c2 07 00 00 03 78 00  |..............x.|
0000e1d0  8d 01 1c 8f 00 00 00 02  91 00 03 79 00 8d 01 23  |...........y...#|
0000e1e0  8f 00 00 00 02 91 04 03  66 00 8d 01 2d c2 07 00  |........f...-...|
0000e1f0  00 02 91 08 04 66 6d 74  00 8e 01 08 e2 02 00 00  |.....fmt........|
0000e200  02 91 6c 04 61 70 00 8f  01 08 c7 07 00 00 02 91  |..l.ap..........|
0000e210  68 04 62 75 66 00 90 01  07 cc 07 00 00 02 91 44  |h.buf..........D|
0000e220  04 63 68 00 91 01 07 55  00 00 00 02 91 67 04 73  |.ch....U.....g.s|
0000e230  74 72 00 92 01 08 e2 02  00 00 02 91 50 02 dc 01  |tr..........P...|
0000e240  00 00 93 01 07 8f 00 00  00 02 91 60 02 84 01 00  |...........`....|
0000e250  00 94 01 07 8f 00 00 00  02 91 5c 04 6c 65 6e 00  |..........\.len.|
0000e260  95 01 07 8f 00 00 00 02  91 54 02 87 02 00 00 96  |.........T......|
0000e270  01 07 8f 00 00 00 02 91  58 00 0b e2 02 00 00 0b  |........X.......|
0000e280  8f 00 00 00 10 55 00 00  00 dc 07 00 00 0d 42 00  |.....U........B.|
0000e290  00 00 0b 00 1a 2d 01 00  00 75 01 8f 00 00 00 68  |.....-...u.....h|
0000e2a0  13 01 00 a9 00 00 00 01  9c 6a 08 00 00 03 78 00  |.........j....x.|
0000e2b0  75 01 1a 8f 00 00 00 02  91 00 03 79 00 75 01 21  |u..........y.u.!|
0000e2c0  8f 00 00 00 02 91 04 03  73 74 72 00 75 01 2a e2  |........str.u.*.|
0000e2d0  02 00 00 02 91 08 03 6c  65 6e 00 75 01 33 8f 00  |.......len.u.3..|
0000e2e0  00 00 02 91 0c 07 84 01  00 00 75 01 3c 8f 00 00  |..........u.<...|
0000e2f0  00 02 91 10 07 dc 01 00  00 76 01 0c 8f 00 00 00  |.........v......|
0000e300  02 91 14 07 87 02 00 00  76 01 1c 8f 00 00 00 02  |........v.......|
0000e310  91 18 02 f4 03 00 00 77  01 06 8f 00 00 00 02 91  |.......w........|
0000e320  6c 00 1a 42 03 00 00 67  01 8f 00 00 00 19 13 01  |l..B...g........|
0000e330  00 4f 00 00 00 01 9c bc  08 00 00 03 78 00 67 01  |.O..........x.g.|
0000e340  17 8f 00 00 00 02 91 00  03 79 00 67 01 1e 8f 00  |.........y.g....|
0000e350  00 00 02 91 04 07 f4 03  00 00 67 01 25 8f 00 00  |..........g.%...|
0000e360  00 02 91 08 07 87 02 00  00 67 01 30 8f 00 00 00  |.........g.0....|
0000e370  02 91 0c 00 0c ba 00 00  00 43 01 df 11 01 00 3a  |.........C.....:|
0000e380  01 00 00 01 9c 29 09 00  00 07 ba 01 00 00 43 01  |.....)........C.|
0000e390  1f 42 00 00 00 02 91 00  02 f1 01 00 00 44 01 12  |.B...........D..|
0000e3a0  29 09 00 00 02 91 74 04  74 6f 00 45 01 12 29 09  |).....t.to.E..).|
0000e3b0  00 00 02 91 70 02 6b 01  00 00 46 01 06 8f 00 00  |....p.k...F.....|
0000e3c0  00 02 91 64 02 28 01 00  00 47 01 06 8f 00 00 00  |...d.(...G......|
0000e3d0  02 91 6c 04 63 00 47 01  0c 8f 00 00 00 02 91 68  |..l.c.G........h|
0000e3e0  00 0b 7e 00 00 00 23 18  01 00 00 38 01 72 11 01  |..~...#....8.r..|
0000e3f0  00 6d 00 00 00 01 9c 61  09 00 00 04 74 6f 00 39  |.m.....a....to.9|
0000e400  01 12 29 09 00 00 02 91  74 02 6b 01 00 00 3a 01  |..).....t.k...:.|
0000e410  12 42 00 00 00 02 91 70  00 23 58 00 00 00 2a 01  |.B.....p.#X...*.|
0000e420  fa 10 01 00 78 00 00 00  01 9c b8 09 00 00 02 6b  |....x..........k|
0000e430  01 00 00 2b 01 0f 42 00  00 00 02 91 68 04 6c 00  |...+..B.....h.l.|
0000e440  2c 01 0f 42 00 00 00 02  91 74 04 63 00 2d 01 0f  |,..B.....t.c.-..|
0000e450  42 00 00 00 02 91 70 0f  1d 11 01 00 43 00 00 00  |B.....p.....C...|
0000e460  04 74 6f 00 30 01 13 29  09 00 00 02 91 6c 00 00  |.to.0..).....l..|
0000e470  0c f6 01 00 00 1d 01 c1  10 01 00 39 00 00 00 01  |...........9....|
0000e480  9c 03 0a 00 00 03 62 75  66 00 1d 01 1d 4e 03 00  |......buf....N..|
0000e490  00 02 91 00 07 18 05 00  00 1d 01 26 8f 00 00 00  |...........&....|
0000e4a0  02 91 04 0f c7 10 01 00  2f 00 00 00 04 69 00 1e  |......../....i..|
0000e4b0  01 0b 8f 00 00 00 02 91  6c 00 00 0c d3 01 00 00  |........l.......|
0000e4c0  12 01 8f 10 01 00 32 00  00 00 01 9c 36 0a 00 00  |......2.....6...|
0000e4d0  03 73 74 72 00 12 01 1c  4e 03 00 00 02 91 00 04  |.str....N.......|
0000e4e0  63 68 00 13 01 0f 42 00  00 00 02 91 6c 00 0c c7  |ch....B.....l...|
0000e4f0  01 00 00 09 01 4a 10 01  00 45 00 00 00 01 9c 83  |.....J...E......|
0000e500  0a 00 00 03 78 00 09 01  20 42 00 00 00 02 91 00  |....x... B......|
0000e510  03 79 00 09 01 30 42 00  00 00 02 91 04 03 73 74  |.y...0B.......st|
0000e520  72 00 09 01 3f 4e 03 00  00 02 91 08 04 63 68 00  |r...?N.......ch.|
0000e530  0a 01 0f 42 00 00 00 02  91 6c 00 12 dd 02 00 00  |...B.....l......|
0000e540  d4 0c 0f 01 00 3e 01 00  00 01 9c a4 0a 00 00 09  |.....>..........|
0000e550  63 00 d4 20 42 00 00 00  02 91 00 00 12 fa 03 00  |c.. B...........|
0000e560  00 ad 51 0e 01 00 bb 00  00 00 01 9c f1 0a 00 00  |..Q.............|
0000e570  09 78 00 ad 23 42 00 00  00 02 91 00 09 79 00 ad  |.x..#B.......y..|
0000e580  33 42 00 00 00 02 91 04  09 63 00 ad 43 42 00 00  |3B.......c..CB..|
0000e590  00 02 91 08 2b 0c 00 00  00 06 b4 00 00 00 af 10  |....+...........|
0000e5a0  42 00 00 00 02 91 6c 00  00 12 23 03 00 00 a4 f1  |B.....l...#.....|
0000e5b0  0d 01 00 60 00 00 00 01  9c 1e 0b 00 00 09 78 00  |...`..........x.|
0000e5c0  a4 1f 42 00 00 00 02 91  00 09 79 00 a4 2f 42 00  |..B.......y../B.|
0000e5d0  00 00 02 91 04 00 12 e9  02 00 00 96 4f 0d 01 00  |............O...|
0000e5e0  a2 00 00 00 01 9c 6b 0b  00 00 13 ed 00 00 00 96  |......k.........|
0000e5f0  22 42 00 00 00 02 91 00  13 65 02 00 00 96 38 42  |"B.......e....8B|
0000e600  00 00 00 02 91 04 13 9d  02 00 00 97 15 42 00 00  |.............B..|
0000e610  00 02 91 08 13 a5 02 00  00 97 2b 42 00 00 00 02  |..........+B....|
0000e620  91 0c 00 2c fe 03 00 00  01 6a 0d 4e 0c 01 00 01  |...,.....j.N....|
0000e630  01 00 00 01 9c e3 0b 00  00 09 78 00 6a 26 42 00  |..........x.j&B.|
0000e640  00 00 02 91 00 09 79 00  6a 36 42 00 00 00 02 91  |......y.j6B.....|
0000e650  04 09 63 00 6a 46 42 00  00 00 02 91 08 0f 70 0c  |..c.jFB.......p.|
0000e660  01 00 dd 00 00 00 06 8a  0b 00 00 6f 13 29 09 00  |...........o.)..|
0000e670  00 02 91 6c 1b 63 68 00  82 10 42 00 00 00 02 91  |...l.ch...B.....|
0000e680  68 0f 22 0d 01 00 2a 00  00 00 1b 62 75 66 00 87  |h."...*....buf..|
0000e690  09 e3 0b 00 00 02 91 58  00 00 00 10 55 00 00 00  |.......X....U...|
0000e6a0  f3 0b 00 00 0d 42 00 00  00 0f 00 2d e7 01 00 00  |.....B.....-....|
0000e6b0  01 57 0d b5 0b 01 00 99  00 00 00 01 9c ae 0c 00  |.W..............|
0000e6c0  00 06 8a 0b 00 00 58 0b  42 00 00 00 02 91 70 1b  |......X.B.....p.|
0000e6d0  79 00 59 0f 42 00 00 00  02 91 74 1c ae 0c 00 00  |y.Y.B.....t.....|
0000e6e0  f9 0b 01 00 09 00 00 00  61 46 0c 00 00 08 c8 0c  |........aF......|
0000e6f0  00 00 02 91 53 08 bc 0c  00 00 02 91 54 00 1c ae  |....S.......T...|
0000e700  0c 00 00 15 0c 01 00 14  00 00 00 62 69 0c 00 00  |...........bi...|
0000e710  08 c8 0c 00 00 02 91 5b  08 bc 0c 00 00 02 91 5c  |.......[.......\|
0000e720  00 1c ae 0c 00 00 29 0c  01 00 09 00 00 00 63 8c  |......).......c.|
0000e730  0c 00 00 08 c8 0c 00 00  02 91 63 08 bc 0c 00 00  |..........c.....|
0000e740  02 91 64 00 2e ae 0c 00  00 42 0c 01 00 09 00 00  |..d......B......|
0000e750  00 01 64 02 08 c8 0c 00  00 02 91 6b 08 bc 0c 00  |..d........k....|
0000e760  00 02 91 6c 00 00 2f 3d  03 00 00 02 66 01 01 03  |...l../=....f...|
0000e770  d5 0c 00 00 1d 80 07 00  00 66 01 0b 8f 00 00 00  |.........f......|
0000e780  1d 06 07 00 00 66 01 19  66 00 00 00 00 30 69 6e  |.....f..f....0in|
0000e790  62 00 02 42 01 01 66 00  00 00 03 01 0d 00 00 1d  |b..B..f.........|
0000e7a0  80 07 00 00 42 01 0a 8f  00 00 00 31 06 07 00 00  |....B......1....|
0000e7b0  02 44 01 0a 66 00 00 00  00 32 d4 02 00 00 02 a7  |.D..f....2......|
0000e7c0  01 96 00 00 00 03 33 76  61 6c 00 02 a9 0b 96 00  |......3val......|
0000e7d0  00 00 00 00 ff 06 00 00  05 00 01 04 ab 03 00 00  |................|
0000e7e0  19 16 04 00 00 0c 82 00  00 00 00 00 00 00 d5 1a  |................|
0000e7f0  01 00 96 03 00 00 9f 08  00 00 08 01 06 98 02 00  |................|
0000e800  00 10 26 00 00 00 05 9e  03 00 00 03 1e 20 3e 00  |..&.......... >.|
0000e810  00 00 08 01 08 8f 02 00  00 08 02 05 ca 02 00 00  |................|
0000e820  08 02 07 8f 01 00 00 05  0d 03 00 00 03 21 20 5f  |.............! _|
0000e830  00 00 00 1a 04 05 69 6e  74 00 05 0c 03 00 00 03  |......int.......|
0000e840  22 20 72 00 00 00 08 04  07 86 00 00 00 08 08 05  |" r.............|
0000e850  d6 00 00 00 08 08 07 7c  00 00 00 05 f6 05 00 00  |.......|........|
0000e860  03 28 20 72 00 00 00 08  04 07 81 00 00 00 05 0d  |.( r............|
0000e870  06 00 00 03 2f 20 53 00  00 00 05 e8 05 00 00 03  |..../ S.........|
0000e880  32 20 32 00 00 00 0f 3d  02 00 00 72 00 00 00 04  |2 2....=...r....|
0000e890  68 e0 00 00 00 02 a2 01  00 00 00 02 1f 02 00 00  |h...............|
0000e8a0  01 02 e4 00 00 00 02 02  04 03 00 00 03 02 bd 03  |................|
0000e8b0  00 00 80 00 0f de 04 00  00 72 00 00 00 05 82 2c  |.........r.....,|
0000e8c0  01 00 00 02 9d 05 00 00  00 02 5d 06 00 00 01 02  |..........].....|
0000e8d0  30 06 00 00 02 02 cc 05  00 00 03 02 7b 06 00 00  |0...........{...|
0000e8e0  04 02 56 05 00 00 05 02  36 05 00 00 06 02 44 05  |..V.....6.....D.|
0000e8f0  00 00 07 02 13 06 00 00  08 02 54 06 00 00 09 00  |..........T.....|
0000e900  0a 26 00 00 00 3c 01 00  00 0b 72 00 00 00 ff 00  |.&...<....r.....|
0000e910  07 c7 05 00 00 05 99 0d  2c 01 00 00 0a 26 00 00  |........,....&..|
0000e920  00 59 01 00 00 1b 72 00  00 00 ff 01 00 07 fd 05  |.Y....r.........|
0000e930  00 00 05 9d 0d 48 01 00  00 06 66 00 00 00 07 67  |.....H....f....g|
0000e940  06 00 00 06 28 11 66 00  00 00 05 4c 06 00 00 07  |....(.f....L....|
0000e950  22 19 82 01 00 00 06 87  01 00 00 1c 44 06 00 00  |"...........D...|
0000e960  0f 35 03 00 00 72 00 00  00 08 30 d2 01 00 00 02  |.5...r....0.....|
0000e970  00 01 00 00 00 02 4e 00  00 00 01 02 13 02 00 00  |......N.........|
0000e980  02 02 90 03 00 00 03 02  41 01 00 00 04 02 ca 03  |........A.......|
0000e990  00 00 05 02 ac 01 00 00  06 02 4f 02 00 00 07 02  |..........O.....|
0000e9a0  5c 02 00 00 08 00 05 62  05 00 00 08 44 11 32 00  |\......b....D.2.|
0000e9b0  00 00 11 0a 05 00 00 48  62 bc 02 00 00 03 73 73  |.......Hb.....ss|
0000e9c0  00 63 0b 66 00 00 00 00  03 67 73 00 64 0b 66 00  |.c.f.....gs.d.f.|
0000e9d0  00 00 04 03 66 73 00 65  0b 66 00 00 00 08 03 65  |....fs.e.f.....e|
0000e9e0  73 00 66 0b 66 00 00 00  0c 03 64 73 00 67 0b 66  |s.f.f.....ds.g.f|
0000e9f0  00 00 00 10 03 65 64 69  00 68 0b 66 00 00 00 14  |.....edi.h.f....|
0000ea00  03 65 73 69 00 69 0b 66  00 00 00 18 03 65 62 70  |.esi.i.f.....ebp|
0000ea10  00 6a 0b 66 00 00 00 1c  03 65 73 70 00 6b 0b 66  |.j.f.....esp.k.f|
0000ea20  00 00 00 20 03 65 62 78  00 6c 0b 66 00 00 00 24  |... .ebx.l.f...$|
0000ea30  03 65 64 78 00 6d 0b 66  00 00 00 28 03 65 63 78  |.edx.m.f...(.ecx|
0000ea40  00 6e 0b 66 00 00 00 2c  03 65 61 78 00 6f 0b 66  |.n.f...,.eax.o.f|
0000ea50  00 00 00 30 04 ad 00 00  00 70 0b 66 00 00 00 34  |...0.....p.f...4|
0000ea60  04 ef 03 00 00 71 0b 66  00 00 00 38 03 65 69 70  |.....q.f...8.eip|
0000ea70  00 72 0b 66 00 00 00 3c  03 63 73 00 73 0b 66 00  |.r.f...<.cs.s.f.|
0000ea80  00 00 40 04 d6 02 00 00  74 0b 66 00 00 00 44 00  |..@.....t.f...D.|
0000ea90  05 f8 04 00 00 08 75 03  de 01 00 00 11 78 05 00  |......u......x..|
0000eaa0  00 20 88 4c 03 00 00 04  a7 05 00 00 8c 0d 4c 03  |. .L..........L.|
0000eab0  00 00 00 04 ef 0c 00 00  8f 0c 65 01 00 00 04 04  |..........e.....|
0000eac0  2f 05 00 00 92 10 51 03  00 00 08 04 07 0a 00 00  |/.....Q.........|
0000ead0  93 0b 66 00 00 00 0c 04  c0 05 00 00 94 0a 53 00  |..f...........S.|
0000eae0  00 00 10 03 70 69 64 00  97 08 9a 00 00 00 14 04  |....pid.........|
0000eaf0  17 09 00 00 9a 0a d2 01  00 00 18 04 3b 06 00 00  |............;...|
0000eb00  9b 09 a6 00 00 00 19 04  1f 06 00 00 9c 0a 32 00  |..............2.|
0000eb10  00 00 1a 04 d7 04 00 00  9f 0a 56 03 00 00 1b 00  |..........V.....|
0000eb20  06 bc 02 00 00 06 c8 02  00 00 0a 32 00 00 00 66  |...........2...f|
0000eb30  03 00 00 0b 72 00 00 00  04 00 05 7e 05 00 00 08  |....r......~....|
0000eb40  a1 03 c8 02 00 00 0a 76  01 00 00 82 03 00 00 0b  |.......v........|
0000eb50  72 00 00 00 02 00 07 d0  00 00 00 08 a9 10 72 03  |r.............r.|
0000eb60  00 00 07 d8 05 00 00 08  aa 10 76 01 00 00 07 28  |..........v....(|
0000eb70  05 00 00 08 ab 10 76 01  00 00 07 cf 04 00 00 08  |......v.........|
0000eb80  ac 10 76 01 00 00 07 4e  05 00 00 08 ad 10 76 01  |..v....N......v.|
0000eb90  00 00 07 af 05 00 00 08  b0 0f ca 03 00 00 06 66  |...............f|
0000eba0  03 00 00 0c 04 06 00 00  28 0c 5f 00 00 00 05 03  |........(._.....|
0000ebb0  10 a1 01 00 0c ef 05 00  00 29 11 66 00 00 00 05  |.........).f....|
0000ebc0  03 14 a1 01 00 1d 6a 01  00 00 01 30 0a 05 03 0c  |......j....0....|
0000ebd0  a1 01 00 1e 0f 04 00 00  01 5f 00 00 00 01 5f 00  |........._...._.|
0000ebe0  00 00 00 0d c3 04 00 00  0a 4d 08 2a 04 00 00 2a  |.........M.*...*|
0000ebf0  04 00 00 01 5f 00 00 00  01 2a 04 00 00 00 06 ff  |...._....*......|
0000ec00  03 00 00 0e d3 01 00 00  09 ac 40 04 00 00 01 40  |..........@....@|
0000ec10  04 00 00 00 06 2d 00 00  00 1f 94 05 00 00 08 6e  |.....-.........n|
0000ec20  01 06 12 1f 05 00 00 08  67 01 60 04 00 00 01 ca  |........g.`.....|
0000ec30  03 00 00 00 0d 84 05 00  00 07 94 05 5f 00 00 00  |............_...|
0000ec40  7b 04 00 00 01 76 01 00  00 01 7b 04 00 00 00 06  |{....v....{.....|
0000ec50  80 04 00 00 20 04 0e e1  05 00 00 0b 4c 93 04 00  |.... .......L...|
0000ec60  00 01 40 04 00 00 00 0d  27 06 00 00 07 87 05 5f  |..@.....'......_|
0000ec70  00 00 00 ae 04 00 00 01  76 01 00 00 01 7b 04 00  |........v....{..|
0000ec80  00 00 0e c7 01 00 00 09  f6 c9 04 00 00 01 72 00  |..............r.|
0000ec90  00 00 01 72 00 00 00 01  40 04 00 00 00 0d c0 01  |...r....@.......|
0000eca0  00 00 0c 8c 0a 66 00 00  00 df 04 00 00 01 40 04  |.....f........@.|
0000ecb0  00 00 00 0e 48 02 00 00  0c f2 f6 04 00 00 01 f6  |....H...........|
0000ecc0  04 00 00 01 f6 04 00 00  13 00 06 26 00 00 00 0d  |...........&....|
0000ecd0  14 05 00 00 07 6e 05 5f  00 00 00 11 05 00 00 01  |.....n._........|
0000ece0  76 01 00 00 00 21 e6 04  00 00 08 04 01 0a 66 00  |v....!........f.|
0000ecf0  00 00 28 05 00 00 01 28  05 00 00 00 06 87 00 00  |..(....(........|
0000ed00  00 12 15 03 00 00 09 02  01 4a 05 00 00 01 72 00  |.........J....r.|
0000ed10  00 00 01 72 00 00 00 01  f6 04 00 00 13 00 0e fa  |...r............|
0000ed20  03 00 00 09 eb 65 05 00  00 01 72 00 00 00 01 72  |.....e....r....r|
0000ed30  00 00 00 01 72 00 00 00  00 22 6a 05 00 00 01 bc  |....r...."j.....|
0000ed40  06 d2 1d 01 00 99 00 00  00 01 9c ef 05 00 00 0c  |................|
0000ed50  73 06 00 00 ca 0b 66 00  00 00 02 91 6c 14 e3 06  |s.....f.....l...|
0000ed60  00 00 18 1e 01 00 09 00  00 00 cd ac 05 00 00 09  |................|
0000ed70  f7 06 00 00 02 91 57 09  ed 06 00 00 02 91 58 00  |......W.......X.|
0000ed80  14 e3 06 00 00 31 1e 01  00 09 00 00 00 d2 cf 05  |.....1..........|
0000ed90  00 00 09 f7 06 00 00 02  91 5f 09 ed 06 00 00 02  |........._......|
0000eda0  91 60 00 15 e3 06 00 00  4d 1e 01 00 09 00 00 00  |.`......M.......|
0000edb0  d3 09 f7 06 00 00 02 91  67 09 ed 06 00 00 02 91  |........g.......|
0000edc0  68 00 00 23 02 05 00 00  01 3e 0d d5 1a 01 00 fd  |h..#.....>......|
0000edd0  02 00 00 01 9c ae 06 00  00 16 ad 00 00 00 1a 5f  |..............._|
0000ede0  00 00 00 02 91 00 16 ef  03 00 00 26 5f 00 00 00  |...........&_...|
0000edf0  02 91 04 24 b7 05 00 00  be 06 00 00 05 03 60 71  |...$..........`q|
0000ee00  01 00 25 6e 1b 01 00 39  01 00 00 68 06 00 00 17  |..%n...9...h....|
0000ee10  6e 73 74 00 58 0c c3 06  00 00 03 91 ac 7e 0c 73  |nst.X........~.s|
0000ee20  05 00 00 59 0c 66 00 00  00 02 91 5c 0c 8f 05 00  |...Y.f.....\....|
0000ee30  00 5d 08 d3 06 00 00 03  91 cc 7e 00 26 23 00 00  |.]........~.&#..|
0000ee40  00 8e 06 00 00 17 70 63  62 00 81 0a ca 03 00 00  |......pcb.......|
0000ee50  02 91 4c 0c c0 05 00 00  84 07 5f 00 00 00 02 91  |..L......._.....|
0000ee60  58 00 15 e3 06 00 00 c0  1d 01 00 09 00 00 00 af  |X...............|
0000ee70  09 f7 06 00 00 02 91 53  09 ed 06 00 00 02 91 54  |.......S.......T|
0000ee80  00 00 0a 2d 00 00 00 be  06 00 00 0b 72 00 00 00  |...-........r...|
0000ee90  07 00 10 ae 06 00 00 0a  66 00 00 00 d3 06 00 00  |........f.......|
0000eea0  0b 72 00 00 00 07 00 0a  26 00 00 00 e3 06 00 00  |.r......&.......|
0000eeb0  0b 72 00 00 00 7f 00 27  3d 03 00 00 02 66 01 01  |.r.....'=....f..|
0000eec0  03 18 80 07 00 00 0b 5f  00 00 00 18 06 07 00 00  |......._........|
0000eed0  19 32 00 00 00 00 00 d6  06 00 00 05 00 01 04 fc  |.2..............|
0000eee0  05 00 00 14 16 04 00 00  0c b1 00 00 00 00 00 00  |................|
0000eef0  00 6b 1e 01 00 7c 04 00  00 4c 0a 00 00 09 01 06  |.k...|...L......|
0000ef00  98 02 00 00 11 26 00 00  00 06 9e 03 00 00 02 1e  |.....&..........|
0000ef10  20 3e 00 00 00 09 01 08  8f 02 00 00 09 02 05 ca  | >..............|
0000ef20  02 00 00 06 3f 07 00 00  02 20 20 58 00 00 00 09  |....?....  X....|
0000ef30  02 07 8f 01 00 00 06 0d  03 00 00 02 21 20 6b 00  |............! k.|
0000ef40  00 00 15 04 05 69 6e 74  00 06 0c 03 00 00 02 22  |.....int......."|
0000ef50  20 7e 00 00 00 09 04 07  86 00 00 00 09 08 05 d6  | ~..............|
0000ef60  00 00 00 09 08 07 7c 00  00 00 09 04 07 81 00 00  |......|.........|
0000ef70  00 06 51 07 00 00 02 2c  20 32 00 00 00 06 0d 06  |..Q...., 2......|
0000ef80  00 00 02 2f 20 5f 00 00  00 06 e8 05 00 00 02 32  |.../ _.........2|
0000ef90  20 32 00 00 00 0d 3d 02  00 00 7e 00 00 00 03 68  | 2....=...~....h|
0000efa0  ec 00 00 00 01 a2 01 00  00 00 01 1f 02 00 00 01  |................|
0000efb0  01 e4 00 00 00 02 01 04  03 00 00 03 01 bd 03 00  |................|
0000efc0  00 80 00 0d b3 03 00 00  7e 00 00 00 04 46 08 01  |........~....F..|
0000efd0  00 00 01 78 01 00 00 00  01 71 00 00 00 01 00 0d  |...x.....q......|
0000efe0  de 04 00 00 7e 00 00 00  05 82 54 01 00 00 01 9d  |....~.....T.....|
0000eff0  05 00 00 00 01 5d 06 00  00 01 01 30 06 00 00 02  |.....].....0....|
0000f000  01 cc 05 00 00 03 01 7b  06 00 00 04 01 56 05 00  |.......{.....V..|
0000f010  00 05 01 36 05 00 00 06  01 44 05 00 00 07 01 13  |...6.....D......|
0000f020  06 00 00 08 01 54 06 00  00 09 00 0c 26 00 00 00  |.....T......&...|
0000f030  64 01 00 00 0f 7e 00 00  00 ff 00 03 c7 05 00 00  |d....~..........|
0000f040  05 99 0d 54 01 00 00 0c  26 00 00 00 81 01 00 00  |...T....&.......|
0000f050  16 7e 00 00 00 ff 01 00  03 d1 06 00 00 05 9a 0d  |.~..............|
0000f060  70 01 00 00 03 fd 05 00  00 05 9d 0d 70 01 00 00  |p...........p...|
0000f070  03 d6 06 00 00 05 a1 12  a5 01 00 00 07 72 00 00  |.............r..|
0000f080  00 03 8e 07 00 00 05 a4  11 4c 00 00 00 03 c4 06  |.........L......|
0000f090  00 00 05 a5 11 4c 00 00  00 03 32 07 00 00 05 a6  |.....L....2.....|
0000f0a0  11 4c 00 00 00 0d 35 03  00 00 7e 00 00 00 06 30  |.L....5...~....0|
0000f0b0  14 02 00 00 01 00 01 00  00 00 01 4e 00 00 00 01  |...........N....|
0000f0c0  01 13 02 00 00 02 01 90  03 00 00 03 01 41 01 00  |.............A..|
0000f0d0  00 04 01 ca 03 00 00 05  01 ac 01 00 00 06 01 4f  |...............O|
0000f0e0  02 00 00 07 01 5c 02 00  00 08 00 06 62 05 00 00  |.....\......b...|
0000f0f0  06 44 11 32 00 00 00 12  0a 05 00 00 48 62 fe 02  |.D.2........Hb..|
0000f100  00 00 04 73 73 00 63 0b  72 00 00 00 00 04 67 73  |...ss.c.r.....gs|
0000f110  00 64 0b 72 00 00 00 04  04 66 73 00 65 0b 72 00  |.d.r.....fs.e.r.|
0000f120  00 00 08 04 65 73 00 66  0b 72 00 00 00 0c 04 64  |....es.f.r.....d|
0000f130  73 00 67 0b 72 00 00 00  10 04 65 64 69 00 68 0b  |s.g.r.....edi.h.|
0000f140  72 00 00 00 14 04 65 73  69 00 69 0b 72 00 00 00  |r.....esi.i.r...|
0000f150  18 04 65 62 70 00 6a 0b  72 00 00 00 1c 04 65 73  |..ebp.j.r.....es|
0000f160  70 00 6b 0b 72 00 00 00  20 04 65 62 78 00 6c 0b  |p.k.r... .ebx.l.|
0000f170  72 00 00 00 24 04 65 64  78 00 6d 0b 72 00 00 00  |r...$.edx.m.r...|
0000f180  28 04 65 63 78 00 6e 0b  72 00 00 00 2c 04 65 61  |(.ecx.n.r...,.ea|
0000f190  78 00 6f 0b 72 00 00 00  30 05 ad 00 00 00 70 0b  |x.o.r...0.....p.|
0000f1a0  72 00 00 00 34 05 ef 03  00 00 71 0b 72 00 00 00  |r...4.....q.r...|
0000f1b0  38 04 65 69 70 00 72 0b  72 00 00 00 3c 04 63 73  |8.eip.r.r...<.cs|
0000f1c0  00 73 0b 72 00 00 00 40  05 d6 02 00 00 74 0b 72  |.s.r...@.....t.r|
0000f1d0  00 00 00 44 00 06 f8 04  00 00 06 75 03 20 02 00  |...D.......u. ..|
0000f1e0  00 12 78 05 00 00 20 88  8e 03 00 00 05 a7 05 00  |..x... .........|
0000f1f0  00 8c 0d 8e 03 00 00 00  05 ef 0c 00 00 8f 0c a5  |................|
0000f200  01 00 00 04 05 2f 05 00  00 92 10 93 03 00 00 08  |...../..........|
0000f210  05 07 0a 00 00 93 0b 72  00 00 00 0c 05 c0 05 00  |.......r........|
0000f220  00 94 0a 5f 00 00 00 10  04 70 69 64 00 97 08 a6  |..._.....pid....|
0000f230  00 00 00 14 05 17 09 00  00 9a 0a 14 02 00 00 18  |................|
0000f240  05 3b 06 00 00 9b 09 b2  00 00 00 19 05 1f 06 00  |.;..............|
0000f250  00 9c 0a 32 00 00 00 1a  05 d7 04 00 00 9f 0a 98  |...2............|
0000f260  03 00 00 1b 00 07 fe 02  00 00 07 0a 03 00 00 0c  |................|
0000f270  32 00 00 00 a8 03 00 00  0f 7e 00 00 00 04 00 06  |2........~......|
0000f280  7e 05 00 00 06 a1 03 0a  03 00 00 07 a8 03 00 00  |~...............|
0000f290  03 fc 06 00 00 06 b9 0f  b4 03 00 00 0b 64 01 00  |.............d..|
0000f2a0  00 2e 06 05 03 20 a1 01  00 0b 81 01 00 00 2f 06  |..... ......../.|
0000f2b0  05 03 20 a2 01 00 0b 8d  01 00 00 30 06 05 03 20  |.. ........0... |
0000f2c0  a4 01 00 0b 99 01 00 00  34 0b 05 03 20 a6 01 00  |........4... ...|
0000f2d0  0b aa 01 00 00 37 0a 05  03 24 a6 01 00 0b b6 01  |.....7...$......|
0000f2e0  00 00 38 0a 05 03 26 a6  01 00 0b c2 01 00 00 39  |..8...&........9|
0000f2f0  0a 05 03 28 a6 01 00 0c  32 00 00 00 2b 04 00 00  |...(....2...+...|
0000f300  17 00 03 19 07 00 00 01  3c 10 20 04 00 00 03 9a  |........<. .....|
0000f310  07 00 00 01 3d 10 20 04  00 00 03 6c 07 00 00 01  |....=. ....l....|
0000f320  3e 10 20 04 00 00 03 85  07 00 00 01 3f 10 20 04  |>. .........?. .|
0000f330  00 00 03 05 07 00 00 01  40 10 20 04 00 00 03 b8  |........@. .....|
0000f340  06 00 00 01 41 10 20 04  00 00 03 14 07 00 00 01  |....A. .........|
0000f350  42 10 20 04 00 00 03 f7  06 00 00 01 43 10 20 04  |B. .........C. .|
0000f360  00 00 0e 27 07 00 00 07  43 09 32 00 00 00 a1 04  |...'....C.2.....|
0000f370  00 00 02 32 00 00 00 00  08 62 07 00 00 07 59 b2  |...2.....b....Y.|
0000f380  04 00 00 02 32 00 00 00  00 08 c7 01 00 00 04 f6  |....2...........|
0000f390  cd 04 00 00 02 7e 00 00  00 02 7e 00 00 00 02 cd  |.....~....~.....|
0000f3a0  04 00 00 00 07 2d 00 00  00 0a 58 00 00 00 04 d4  |.....-....X.....|
0000f3b0  08 e9 02 00 00 04 8d f9  04 00 00 02 7e 00 00 00  |............~...|
0000f3c0  02 7e 00 00 00 02 7e 00  00 00 02 7e 00 00 00 00  |.~....~....~....|
0000f3d0  10 18 01 00 00 04 09 01  10 94 05 00 00 06 6e 01  |..............n.|
0000f3e0  18 1f 05 00 00 06 67 01  06 1c 05 00 00 02 b4 03  |......g.........|
0000f3f0  00 00 00 0e 83 06 00 00  08 61 0c 8e 03 00 00 3c  |.........a.....<|
0000f400  05 00 00 02 a5 01 00 00  02 72 00 00 00 02 cd 04  |.........r......|
0000f410  00 00 00 0e 95 06 00 00  08 4b 05 6b 00 00 00 52  |.........K.k...R|
0000f420  05 00 00 02 52 05 00 00  00 07 a5 01 00 00 08 e1  |....R...........|
0000f430  05 00 00 09 4c 68 05 00  00 02 cd 04 00 00 00 08  |....Lh..........|
0000f440  48 02 00 00 0a f2 7f 05  00 00 02 7f 05 00 00 02  |H...............|
0000f450  7f 05 00 00 13 00 07 26  00 00 00 19 58 07 00 00  |.......&....X...|
0000f460  06 1e 01 05 6b 00 00 00  9b 05 00 00 02 9b 05 00  |....k...........|
0000f470  00 00 07 b4 03 00 00 0e  07 02 00 00 04 74 05 6b  |.............t.k|
0000f480  00 00 00 b6 05 00 00 02  6b 00 00 00 00 0a ee 06  |........k.......|
0000f490  00 00 0b 47 0a 6a 05 00  00 0c 33 0a 0b 07 00 00  |...G.j....3.....|
0000f4a0  08 3c 10 74 07 00 00 06  11 01 0a e5 06 00 00 07  |.<.t............|
0000f4b0  36 0a 9f 06 00 00 0d 4b  0a 8d 06 00 00 0e 47 08  |6......K......G.|
0000f4c0  68 00 00 00 04 5e f9 05  00 00 02 f9 05 00 00 00  |h....^..........|
0000f4d0  07 fe 05 00 00 1a 09 06  00 00 02 6b 00 00 00 00  |...........k....|
0000f4e0  0a a8 06 00 00 0f 40 08  dd 02 00 00 04 a2 21 06  |......@.......!.|
0000f4f0  00 00 02 7e 00 00 00 00  08 50 01 00 00 04 c1 33  |...~.....P.....3|
0000f500  06 00 00 02 7f 05 00 00  13 00 08 d3 01 00 00 04  |................|
0000f510  ac 44 06 00 00 02 cd 04  00 00 00 1b bf 06 00 00  |.D..............|
0000f520  01 b4 05 6b 00 00 00 32  1f 01 00 b5 03 00 00 01  |...k...2........|
0000f530  9c 9d 06 00 00 1c 48 07  00 00 01 be 0c 9d 06 00  |......H.........|
0000f540  00 02 75 74 1d b7 05 00  00 b2 06 00 00 05 03 8c  |..ut............|
0000f550  74 01 00 1e e0 06 00 00  01 33 01 0e cd 04 00 00  |t........3......|
0000f560  02 75 70 1f 73 74 6b 00  01 36 01 0c a5 01 00 00  |.up.stk..6......|
0000f570  02 75 6c 00 07 4c 00 00  00 0c 2d 00 00 00 b2 06  |.ul..L....-.....|
0000f580  00 00 0f 7e 00 00 00 04  00 11 a2 06 00 00 20 7d  |...~.......... }|
0000f590  07 00 00 01 50 0d 6b 1e  01 00 c7 00 00 00 01 9c  |....P.k.........|
0000f5a0  21 20 07 00 00 01 50 1d  9a 00 00 00 02 91 6c 00  |! ....P.......l.|
0000f5b0  00 50 06 00 00 05 00 01  04 fc 07 00 00 17 16 04  |.P..............|
0000f5c0  00 00 0c dc 00 00 00 00  00 00 00 e7 22 01 00 cd  |............"...|
0000f5d0  07 00 00 cd 0b 00 00 03  01 06 98 02 00 00 09 26  |...............&|
0000f5e0  00 00 00 05 9e 03 00 00  02 1e 20 3e 00 00 00 03  |.......... >....|
0000f5f0  01 08 8f 02 00 00 03 02  05 ca 02 00 00 03 02 07  |................|
0000f600  8f 01 00 00 05 0d 03 00  00 02 21 20 5f 00 00 00  |..........! _...|
0000f610  18 04 05 69 6e 74 00 05  0c 03 00 00 02 22 20 72  |...int......." r|
0000f620  00 00 00 03 04 07 86 00  00 00 03 08 05 d6 00 00  |................|
0000f630  00 05 ce 07 00 00 02 24  20 8c 00 00 00 03 08 07  |.......$ .......|
0000f640  7c 00 00 00 03 04 07 81  00 00 00 12 3d 02 00 00  ||...........=...|
0000f650  72 00 00 00 03 68 c8 00  00 00 02 a2 01 00 00 00  |r....h..........|
0000f660  02 1f 02 00 00 01 02 e4  00 00 00 02 02 04 03 00  |................|
0000f670  00 03 02 bd 03 00 00 80  00 06 26 00 00 00 d9 00  |..........&.....|
0000f680  00 00 19 72 00 00 00 ff  01 00 1a fd 05 00 00 08  |...r............|
0000f690  9d 0d c8 00 00 00 12 35  03 00 00 72 00 00 00 04  |.......5...r....|
0000f6a0  30 2b 01 00 00 02 00 01  00 00 00 02 4e 00 00 00  |0+..........N...|
0000f6b0  01 02 13 02 00 00 02 02  90 03 00 00 03 02 41 01  |..............A.|
0000f6c0  00 00 04 02 ca 03 00 00  05 02 ac 01 00 00 06 02  |................|
0000f6d0  4f 02 00 00 07 02 5c 02  00 00 08 00 13 ba 07 00  |O.....\.........|
0000f6e0  00 08 67 4f 01 00 00 0a  42 08 00 00 68 0b 66 00  |..gO....B...h.f.|
0000f6f0  00 00 00 0a 62 0b 00 00  69 16 4f 01 00 00 04 00  |....b...i.O.....|
0000f700  07 2b 01 00 00 05 c4 07  00 00 01 6a 03 2b 01 00  |.+.........j.+..|
0000f710  00 1b 02 08 00 00 08 01  74 0f 86 01 00 00 1c 1f  |........t.......|
0000f720  08 00 00 01 75 0b 86 01  00 00 1d 61 6c 6c 00 01  |....u......all..|
0000f730  76 0b 80 00 00 00 00 06  66 00 00 00 96 01 00 00  |v.......f.......|
0000f740  0b 72 00 00 00 01 00 05  fc 07 00 00 01 77 03 60  |.r...........w.`|
0000f750  01 00 00 13 a1 07 00 00  18 7e de 01 00 00 0a c7  |.........~......|
0000f760  08 00 00 7f 0b 96 01 00  00 00 0a 18 05 00 00 80  |................|
0000f770  0b 96 01 00 00 08 0a 6e  08 00 00 81 0b 66 00 00  |.......n.....f..|
0000f780  00 10 0a 73 08 00 00 82  0b 66 00 00 00 14 00 05  |...s.....f......|
0000f790  de 07 00 00 01 83 0f a2  01 00 00 04 3d 08 00 00  |............=...|
0000f7a0  a6 13 fb 01 00 00 05 03  2c a6 01 00 07 54 01 00  |........,....T..|
0000f7b0  00 04 7d 08 00 00 a7 13  fb 01 00 00 05 03 30 a6  |..}...........0.|
0000f7c0  01 00 04 cc 08 00 00 aa  11 66 00 00 00 05 03 34  |.........f.....4|
0000f7d0  a6 01 00 04 08 08 00 00  ab 11 66 00 00 00 05 03  |..........f.....|
0000f7e0  38 a6 01 00 04 e7 07 00  00 ae 0c 5f 00 00 00 05  |8.........._....|
0000f7f0  03 3c a6 01 00 0d d4 08  00 00 05 5a 5a 02 00 00  |.<.........ZZ...|
0000f800  08 5a 02 00 00 08 66 00  00 00 00 1e 04 0d 50 01  |.Z....f.......P.|
0000f810  00 00 06 c1 6e 02 00 00  08 6e 02 00 00 14 00 07  |....n....n......|
0000f820  26 00 00 00 0d d3 01 00  00 06 ac 84 02 00 00 08  |&...............|
0000f830  84 02 00 00 00 07 2d 00  00 00 0d e1 05 00 00 07  |......-.........|
0000f840  4c 9a 02 00 00 08 84 02  00 00 00 0d 48 02 00 00  |L...........H...|
0000f850  05 f2 b1 02 00 00 08 6e  02 00 00 08 6e 02 00 00  |.......n....n...|
0000f860  14 00 0e 11 08 00 00 1f  03 39 2a 01 00 7b 00 00  |.........9*..{..|
0000f870  00 01 9c f4 02 00 00 0f  37 08 00 00 1f 03 1b 5a  |........7......Z|
0000f880  02 00 00 02 91 00 01 24  08 00 00 20 03 0d fb 01  |.......$... ....|
0000f890  00 00 02 91 6c 0c b7 05  00 00 04 03 00 00 05 03  |....l...........|
0000f8a0  0c 76 01 00 00 06 2d 00  00 00 04 03 00 00 0b 72  |.v....-........r|
0000f8b0  00 00 00 0d 00 09 f4 02  00 00 15 5f 08 00 00 f4  |..........._....|
0000f8c0  02 5a 02 00 00 6c 29 01  00 cd 00 00 00 01 9c 41  |.Z...l)........A|
0000f8d0  03 00 00 01 24 08 00 00  f5 02 0d fb 01 00 00 02  |....$...........|
0000f8e0  91 6c 0c b7 05 00 00 51  03 00 00 05 03 fc 75 01  |.l.....Q......u.|
0000f8f0  00 00 06 2d 00 00 00 51  03 00 00 0b 72 00 00 00  |...-...Q....r...|
0000f900  0e 00 09 41 03 00 00 1f  b0 08 00 00 01 d6 02 0d  |...A............|
0000f910  d8 28 01 00 94 00 00 00  01 9c b2 03 00 00 01 21  |.(.............!|
0000f920  0a 00 00 d7 02 08 5a 02  00 00 02 91 64 0c b7 05  |......Z.....d...|
0000f930  00 00 c2 03 00 00 05 03  ec 75 01 00 10 70 74 72  |.........u...ptr|
0000f940  00 e4 02 0b c7 03 00 00  02 91 6c 11 33 29 01 00  |..........l.3)..|
0000f950  35 00 00 00 10 69 00 e5  02 0b 5f 00 00 00 02 91  |5....i...._.....|
0000f960  68 00 00 06 2d 00 00 00  c2 03 00 00 0b 72 00 00  |h...-........r..|
0000f970  00 0c 00 09 b2 03 00 00  07 32 00 00 00 0e 9d 08  |.........2......|
0000f980  00 00 5c 02 a0 27 01 00  38 01 00 00 01 9c 3c 04  |..\..'..8.....<.|
0000f990  00 00 0f 37 08 00 00 5c  02 20 5a 02 00 00 02 91  |...7...\. Z.....|
0000f9a0  00 0f f1 0a 00 00 5c 02  30 66 00 00 00 02 91 04  |......\.0f......|
0000f9b0  01 bd 08 00 00 5d 02 0d  fb 01 00 00 02 91 6c 01  |.....]........l.|
0000f9c0  c2 08 00 00 5e 02 0d fb  01 00 00 02 91 68 01 78  |....^........h.x|
0000f9d0  08 00 00 5f 02 0d fb 01  00 00 02 91 64 0c b7 05  |..._........d...|
0000f9e0  00 00 4c 04 00 00 05 03  d8 75 01 00 00 06 2d 00  |..L......u....-.|
0000f9f0  00 00 4c 04 00 00 0b 72  00 00 00 12 00 09 3c 04  |..L....r......<.|
0000fa00  00 00 0e ad 07 00 00 46  02 7f 27 01 00 21 00 00  |.......F..'..!..|
0000fa10  00 01 9c 76 04 00 00 0f  37 08 00 00 46 02 1a 5a  |...v....7...F..Z|
0000fa20  02 00 00 02 91 00 00 15  8f 08 00 00 eb 01 5a 02  |..............Z.|
0000fa30  00 00 7c 26 01 00 03 01  00 00 01 9c 03 05 00 00  |..|&............|
0000fa40  0f f1 0a 00 00 eb 01 23  72 00 00 00 02 91 00 0c  |.......#r.......|
0000fa50  b7 05 00 00 04 03 00 00  05 03 c8 75 01 00 01 37  |...........u...7|
0000fa60  08 00 00 00 02 0d fb 01  00 00 02 91 6c 01 28 02  |............l.(.|
0000fa70  00 00 03 02 0e 03 05 00  00 02 91 68 11 2a 27 01  |...........h.*'.|
0000fa80  00 43 00 00 00 01 f6 07  00 00 1e 02 0e fb 01 00  |.C..............|
0000fa90  00 02 91 64 01 d7 07 00  00 21 02 07 5f 00 00 00  |...d.....!.._...|
0000faa0  02 91 60 01 2a 08 00 00  24 02 0e fb 01 00 00 02  |..`.*...$.......|
0000fab0  91 5c 00 00 07 fb 01 00  00 0e 57 08 00 00 c6 01  |.\........W.....|
0000fac0  b3 25 01 00 c9 00 00 00  01 9c 2d 05 00 00 01 37  |.%........-....7|
0000fad0  08 00 00 c7 01 0d fb 01  00 00 02 91 6c 00 0e 8d  |............l...|
0000fae0  06 00 00 22 01 ef 23 01  00 c4 01 00 00 01 9c cd  |..."..#.........|
0000faf0  05 00 00 01 4f 08 00 00  23 01 0a 53 00 00 00 02  |....O...#..S....|
0000fb00  91 54 01 48 08 00 00 24  01 0c cd 05 00 00 02 91  |.T.H...$........|
0000fb10  6c 11 53 24 01 00 4e 01  00 00 10 69 00 41 01 0b  |l.S$..N....i.A..|
0000fb20  5f 00 00 00 02 91 68 11  5f 24 01 00 2e 01 00 00  |_.....h._$......|
0000fb30  01 c7 08 00 00 87 01 0c  80 00 00 00 02 91 60 01  |..............`.|
0000fb40  18 05 00 00 88 01 0c 80  00 00 00 02 91 48 01 89  |.............H..|
0000fb50  08 00 00 89 01 0c 80 00  00 00 02 91 58 10 62 33  |............X.b3|
0000fb60  32 00 b4 01 0c 66 00 00  00 02 91 44 10 6c 33 32  |2....f.....D.l32|
0000fb70  00 b5 01 0c 66 00 00 00  02 91 40 00 00 00 07 de  |....f.....@.....|
0000fb80  01 00 00 20 33 08 00 00  01 c6 0d e7 22 01 00 08  |... 3......."...|
0000fb90  01 00 00 01 9c 3e 06 00  00 16 c7 08 00 00 c6 21  |.....>.........!|
0000fba0  66 00 00 00 02 91 00 16  18 05 00 00 c6 30 66 00  |f............0f.|
0000fbb0  00 00 02 91 04 04 37 08  00 00 dd 0d fb 01 00 00  |......7.........|
0000fbc0  02 91 64 04 c2 08 00 00  f8 0d fb 01 00 00 02 91  |..d.............|
0000fbd0  6c 04 78 08 00 00 f8 14  fb 01 00 00 02 91 68 0c  |l.x...........h.|
0000fbe0  b7 05 00 00 4e 06 00 00  05 03 bc 75 01 00 00 06  |....N......u....|
0000fbf0  2d 00 00 00 4e 06 00 00  0b 72 00 00 00 09 00 09  |-...N....r......|
0000fc00  3e 06 00 00 00 ab 01 00  00 05 00 01 04 f0 09 00  |>...............|
0000fc10  00 0a 16 04 00 00 0c ea  00 00 00 00 00 00 00 b4  |................|
0000fc20  2a 01 00 01 01 00 00 71  0f 00 00 01 01 06 98 02  |*......q........|
0000fc30  00 00 03 26 00 00 00 01  01 08 8f 02 00 00 01 02  |...&............|
0000fc40  05 ca 02 00 00 01 02 07  8f 01 00 00 0b 04 05 69  |...............i|
0000fc50  6e 74 00 01 04 07 86 00  00 00 01 08 05 d6 00 00  |nt..............|
0000fc60  00 01 08 07 7c 00 00 00  01 04 07 81 00 00 00 04  |....|...........|
0000fc70  26 00 00 00 7b 00 00 00  0c 4e 00 00 00 ff 01 00  |&...{....N......|
0000fc80  0d fd 05 00 00 04 9d 0d  6a 00 00 00 0e e9 08 00  |........j.......|
0000fc90  00 04 05 26 10 a2 00 00  00 0f 62 0b 00 00 05 27  |...&......b....'|
0000fca0  11 a2 00 00 00 00 00 02  87 00 00 00 10 f0 08 00  |................|
0000fcb0  00 05 28 03 87 00 00 00  07 e1 05 00 00 02 4c c4  |..(...........L.|
0000fcc0  00 00 00 05 c4 00 00 00  00 02 2d 00 00 00 07 48  |..........-....H|
0000fcd0  02 00 00 03 f2 e0 00 00  00 05 e0 00 00 00 05 e0  |................|
0000fce0  00 00 00 11 00 02 26 00  00 00 12 f7 08 00 00 01  |......&.........|
0000fcf0  34 07 2c 01 00 00 4d 2b  01 00 68 00 00 00 01 9c  |4.,...M+..h.....|
0000fd00  2c 01 00 00 06 db 08 00  00 34 1c 2e 01 00 00 02  |,........4......|
0000fd10  91 00 08 b7 05 00 00 43  01 00 00 05 03 74 76 01  |.......C.....tv.|
0000fd20  00 13 06 07 00 00 01 38  0a 2e 01 00 00 02 91 6c  |.......8.......l|
0000fd30  00 14 04 02 a7 00 00 00  04 2d 00 00 00 43 01 00  |.........-...C..|
0000fd40  00 09 4e 00 00 00 0b 00  03 33 01 00 00 15 e0 08  |..N......3......|
0000fd50  00 00 01 20 06 b4 2a 01  00 99 00 00 00 01 9c 99  |... ..*.........|
0000fd60  01 00 00 06 db 08 00 00  20 18 2e 01 00 00 02 91  |........ .......|
0000fd70  00 06 06 07 00 00 20 24  2c 01 00 00 02 91 04 08  |...... $,.......|
0000fd80  b7 05 00 00 a9 01 00 00  05 03 68 76 01 00 16 74  |..........hv...t|
0000fd90  6d 70 00 01 26 0a 2e 01  00 00 02 91 6c 00 04 2d  |mp..&.......l..-|
0000fda0  00 00 00 a9 01 00 00 09  4e 00 00 00 08 00 03 99  |........N.......|
0000fdb0  01 00 00 00 e0 0a 00 00  05 00 01 04 2c 0b 00 00  |............,...|
0000fdc0  1c 16 04 00 00 0c ff 00  00 00 00 00 00 00 b5 2b  |...............+|
0000fdd0  01 00 00 0d 00 00 1d 10  00 00 0e 01 06 98 02 00  |................|
0000fde0  00 0f 26 00 00 00 05 9e  03 00 00 02 1e 20 3e 00  |..&.......... >.|
0000fdf0  00 00 0e 01 08 8f 02 00  00 0e 02 05 ca 02 00 00  |................|
0000fe00  0e 02 07 8f 01 00 00 05  0d 03 00 00 02 21 20 5f  |.............! _|
0000fe10  00 00 00 1d 04 05 69 6e  74 00 05 0c 03 00 00 02  |......int.......|
0000fe20  22 20 72 00 00 00 0e 04  07 86 00 00 00 0e 08 05  |" r.............|
0000fe30  d6 00 00 00 0e 08 07 7c  00 00 00 0e 04 07 81 00  |.......|........|
0000fe40  00 00 05 51 07 00 00 02  2c 20 32 00 00 00 05 0d  |...Q...., 2.....|
0000fe50  06 00 00 02 2f 20 53 00  00 00 05 e8 05 00 00 02  |..../ S.........|
0000fe60  32 20 32 00 00 00 05 69  09 00 00 02 35 20 66 00  |2 2....i....5 f.|
0000fe70  00 00 17 3d 02 00 00 72  00 00 00 03 68 ec 00 00  |...=...r....h...|
0000fe80  00 01 a2 01 00 00 00 01  1f 02 00 00 01 01 e4 00  |................|
0000fe90  00 00 02 01 04 03 00 00  03 01 bd 03 00 00 80 00  |................|
0000fea0  17 de 04 00 00 72 00 00  00 04 82 38 01 00 00 01  |.....r.....8....|
0000feb0  9d 05 00 00 00 01 5d 06  00 00 01 01 30 06 00 00  |......].....0...|
0000fec0  02 01 cc 05 00 00 03 01  7b 06 00 00 04 01 56 05  |........{.....V.|
0000fed0  00 00 05 01 36 05 00 00  06 01 44 05 00 00 07 01  |....6.....D.....|
0000fee0  13 06 00 00 08 01 54 06  00 00 09 00 06 26 00 00  |......T......&..|
0000fef0  00 49 01 00 00 1e 72 00  00 00 ff 01 00 07 fd 05  |.I....r.........|
0000ff00  00 00 04 9d 0d 38 01 00  00 0a 66 00 00 00 05 4c  |.....8....f....L|
0000ff10  06 00 00 05 22 19 66 01  00 00 0a 6b 01 00 00 1f  |....".f....k....|
0000ff20  44 06 00 00 05 9b 09 00  00 05 2a 0f 7c 01 00 00  |D.........*.|...|
0000ff30  0a 81 01 00 00 20 5f 00  00 00 95 01 00 00 02 95  |..... _.........|
0000ff40  01 00 00 02 95 01 00 00  00 0a 9a 01 00 00 21 17  |..............!.|
0000ff50  35 03 00 00 72 00 00 00  06 30 e1 01 00 00 01 00  |5...r....0......|
0000ff60  01 00 00 00 01 4e 00 00  00 01 01 13 02 00 00 02  |.....N..........|
0000ff70  01 90 03 00 00 03 01 41  01 00 00 04 01 ca 03 00  |.......A........|
0000ff80  00 05 01 ac 01 00 00 06  01 4f 02 00 00 07 01 5c  |.........O.....\|
0000ff90  02 00 00 08 00 05 62 05  00 00 06 44 11 32 00 00  |......b....D.2..|
0000ffa0  00 1a 0a 05 00 00 48 62  cb 02 00 00 03 73 73 00  |......Hb.....ss.|
0000ffb0  63 0b 66 00 00 00 00 03  67 73 00 64 0b 66 00 00  |c.f.....gs.d.f..|
0000ffc0  00 04 03 66 73 00 65 0b  66 00 00 00 08 03 65 73  |...fs.e.f.....es|
0000ffd0  00 66 0b 66 00 00 00 0c  03 64 73 00 67 0b 66 00  |.f.f.....ds.g.f.|
0000ffe0  00 00 10 03 65 64 69 00  68 0b 66 00 00 00 14 03  |....edi.h.f.....|
0000fff0  65 73 69 00 69 0b 66 00  00 00 18 03 65 62 70 00  |esi.i.f.....ebp.|
00010000  6a 0b 66 00 00 00 1c 03  65 73 70 00 6b 0b 66 00  |j.f.....esp.k.f.|
00010010  00 00 20 03 65 62 78 00  6c 0b 66 00 00 00 24 03  |.. .ebx.l.f...$.|
00010020  65 64 78 00 6d 0b 66 00  00 00 28 03 65 63 78 00  |edx.m.f...(.ecx.|
00010030  6e 0b 66 00 00 00 2c 03  65 61 78 00 6f 0b 66 00  |n.f...,.eax.o.f.|
00010040  00 00 30 08 ad 00 00 00  70 0b 66 00 00 00 34 08  |..0.....p.f...4.|
00010050  ef 03 00 00 71 0b 66 00  00 00 38 03 65 69 70 00  |....q.f...8.eip.|
00010060  72 0b 66 00 00 00 3c 03  63 73 00 73 0b 66 00 00  |r.f...<.cs.s.f..|
00010070  00 40 08 d6 02 00 00 74  0b 66 00 00 00 44 00 05  |.@.....t.f...D..|
00010080  f8 04 00 00 06 75 03 ed  01 00 00 1a 78 05 00 00  |.....u......x...|
00010090  20 88 5b 03 00 00 08 a7  05 00 00 8c 0d 5b 03 00  | .[..........[..|
000100a0  00 00 08 ef 0c 00 00 8f  0c 55 01 00 00 04 08 2f  |.........U...../|
000100b0  05 00 00 92 10 60 03 00  00 08 08 07 0a 00 00 93  |.....`..........|
000100c0  0b 66 00 00 00 0c 08 c0  05 00 00 94 0a 53 00 00  |.f...........S..|
000100d0  00 10 03 70 69 64 00 97  08 9a 00 00 00 14 08 17  |...pid..........|
000100e0  09 00 00 9a 0a e1 01 00  00 18 08 3b 06 00 00 9b  |...........;....|
000100f0  09 a6 00 00 00 19 08 1f  06 00 00 9c 0a 32 00 00  |.............2..|
00010100  00 1a 08 d7 04 00 00 9f  0a 65 03 00 00 1b 00 0a  |.........e......|
00010110  cb 02 00 00 0a d7 02 00  00 06 32 00 00 00 75 03  |..........2...u.|
00010120  00 00 04 72 00 00 00 04  00 05 7e 05 00 00 06 a1  |...r......~.....|
00010130  03 d7 02 00 00 06 5a 01  00 00 91 03 00 00 04 72  |......Z........r|
00010140  00 00 00 02 00 07 d0 00  00 00 06 a9 10 81 03 00  |................|
00010150  00 07 d8 05 00 00 06 aa  10 5a 01 00 00 07 28 05  |.........Z....(.|
00010160  00 00 06 ab 10 5a 01 00  00 07 cf 04 00 00 06 ac  |.....Z..........|
00010170  10 5a 01 00 00 07 4e 05  00 00 06 ad 10 5a 01 00  |.Z....N......Z..|
00010180  00 07 af 05 00 00 06 b0  0f d9 03 00 00 0a 75 03  |..............u.|
00010190  00 00 06 75 03 00 00 ee  03 00 00 04 72 00 00 00  |...u........r...|
000101a0  18 00 07 7b 09 00 00 06  b3 0e de 03 00 00 07 db  |...{............|
000101b0  09 00 00 06 b6 0e 9a 00  00 00 07 fc 06 00 00 06  |................|
000101c0  b9 0f d9 03 00 00 06 2d  00 00 00 28 04 00 00 04  |.......-...(....|
000101d0  72 00 00 00 07 04 72 00  00 00 03 00 0f 12 04 00  |r.....r.........|
000101e0  00 07 b7 09 00 00 06 bc  13 28 04 00 00 06 2d 00  |.........(....-.|
000101f0  00 00 4f 04 00 00 04 72  00 00 00 02 04 72 00 00  |..O....r.....r..|
00010200  00 04 00 0f 39 04 00 00  07 0e 0a 00 00 06 bf 13  |....9...........|
00010210  4f 04 00 00 0b 91 03 00  00 33 09 05 03 40 a6 01  |O........3...@..|
00010220  00 0b 9d 03 00 00 34 09  05 03 4c a6 01 00 0b a9  |......4...L.....|
00010230  03 00 00 35 09 05 03 50  a6 01 00 0b b5 03 00 00  |...5...P........|
00010240  36 09 05 03 54 a6 01 00  0b c1 03 00 00 37 09 05  |6...T........7..|
00010250  03 58 a6 01 00 0b cd 03  00 00 3a 08 05 03 5c a6  |.X........:...\.|
00010260  01 00 0b ee 03 00 00 3d  07 05 03 60 a6 01 00 0b  |.......=...`....|
00010270  fa 03 00 00 40 07 05 03  80 a9 01 00 0b 06 04 00  |....@...........|
00010280  00 43 08 05 03 84 a9 01  00 0b 2d 04 00 00 46 0c  |.C........-...F.|
00010290  05 03 80 76 01 00 0b 54  04 00 00 51 0c 05 03 a0  |...v...T...Q....|
000102a0  76 01 00 18 84 05 00 00  94 05 5f 00 00 00 09 05  |v........._.....|
000102b0  00 00 02 5a 01 00 00 02  09 05 00 00 00 0a 0e 05  |...Z............|
000102c0  00 00 22 04 0c f0 09 00  00 07 54 21 05 00 00 02  |..".......T!....|
000102d0  55 01 00 00 00 18 70 09  00 00 7a 05 5f 00 00 00  |U.....p...z._...|
000102e0  3b 05 00 00 02 5a 01 00  00 02 0e 05 00 00 00 0c  |;....Z..........|
000102f0  e1 05 00 00 08 4c 4c 05  00 00 02 4c 05 00 00 00  |.....LL....L....|
00010300  0a 2d 00 00 00 0c 48 02  00 00 09 f2 68 05 00 00  |.-....H.....h...|
00010310  02 68 05 00 00 02 68 05  00 00 1b 00 0a 26 00 00  |.h....h......&..|
00010320  00 18 0c 09 00 00 56 09  5a 01 00 00 82 05 00 00  |......V.Z.......|
00010330  02 70 01 00 00 00 0c d4  08 00 00 09 5a 98 05 00  |.p..........Z...|
00010340  00 02 0e 05 00 00 02 66  00 00 00 00 0c 3e 09 00  |.......f.....>..|
00010350  00 09 67 b3 05 00 00 02  0e 05 00 00 02 95 01 00  |..g.............|
00010360  00 02 66 00 00 00 00 0c  c1 09 00 00 08 20 c4 05  |..f.......... ..|
00010370  00 00 02 5f 00 00 00 00  0c d3 01 00 00 0a ac d5  |..._............|
00010380  05 00 00 02 4c 05 00 00  00 0c 45 09 00 00 08 3d  |....L.....E....=|
00010390  e6 05 00 00 02 5f 00 00  00 00 0c dd 02 00 00 0a  |....._..........|
000103a0  a2 f7 05 00 00 02 72 00  00 00 00 0c 50 01 00 00  |......r.....P...|
000103b0  0a c1 09 06 00 00 02 68  05 00 00 1b 00 10 94 05  |.......h........|
000103c0  00 00 90 02 17 38 01 00  9e 00 00 00 01 9c 52 06  |.....8........R.|
000103d0  00 00 0d 70 00 91 02 09  d9 03 00 00 02 91 68 11  |...p..........h.|
000103e0  b7 05 00 00 62 06 00 00  05 03 64 7b 01 00 14 24  |....b.....d{...$|
000103f0  38 01 00 34 00 00 00 0d  69 00 98 02 0b 5f 00 00  |8..4....i...._..|
00010400  00 02 91 6c 00 00 06 2d  00 00 00 62 06 00 00 04  |...l...-...b....|
00010410  72 00 00 00 08 00 0f 52  06 00 00 10 1f 05 00 00  |r......R........|
00010420  76 02 1c 37 01 00 fb 00  00 00 01 9c 99 06 00 00  |v..7............|
00010430  09 70 00 76 02 17 d9 03  00 00 02 91 00 11 b7 05  |.p.v............|
00010440  00 00 62 06 00 00 05 03  58 7b 01 00 00 10 e4 09  |..b.....X{......|
00010450  00 00 54 02 d7 36 01 00  45 00 00 00 01 9c be 06  |..T..6..E.......|
00010460  00 00 09 70 63 62 00 54  02 1a d9 03 00 00 02 91  |...pcb.T........|
00010470  00 00 10 82 09 00 00 35  02 71 36 01 00 66 00 00  |.......5.q6..f..|
00010480  00 01 9c f1 06 00 00 09  70 63 62 00 35 02 23 d9  |........pcb.5.#.|
00010490  03 00 00 01 50 11 b7 05  00 00 01 07 00 00 05 03  |....P...........|
000104a0  4c 7b 01 00 00 06 2d 00  00 00 01 07 00 00 04 72  |L{....-........r|
000104b0  00 00 00 0b 00 0f f1 06  00 00 15 a5 09 00 00 15  |................|
000104c0  02 08 d9 03 00 00 eb 35  01 00 86 00 00 00 01 9c  |.......5........|
000104d0  4b 07 00 00 23 2f 05 00  00 01 15 02 2b d9 03 00  |K...#/......+...|
000104e0  00 01 56 11 b7 05 00 00  5b 07 00 00 05 03 38 7b  |..V.....[.....8{|
000104f0  01 00 0d 70 00 1b 02 12  d9 03 00 00 01 53 00 06  |...p.........S..|
00010500  2d 00 00 00 5b 07 00 00  04 72 00 00 00 11 00 0f  |-...[....r......|
00010510  4b 07 00 00 15 8e 09 00  00 f5 01 08 d9 03 00 00  |K...............|
00010520  75 35 01 00 76 00 00 00  01 9c a5 07 00 00 09 70  |u5..v..........p|
00010530  69 64 00 f5 01 1c 9a 00  00 00 02 91 00 11 b7 05  |id..............|
00010540  00 00 b5 07 00 00 05 03  28 7b 01 00 0d 70 00 fb  |........({...p..|
00010550  01 12 d9 03 00 00 01 53  00 06 2d 00 00 00 b5 07  |.......S..-.....|
00010560  00 00 04 72 00 00 00 0c  00 0f a5 07 00 00 10 d2  |...r............|
00010570  09 00 00 e1 01 26 35 01  00 4f 00 00 00 01 9c ee  |.....&5..O......|
00010580  07 00 00 09 70 63 62 00  e1 01 17 d9 03 00 00 02  |....pcb.........|
00010590  91 00 11 b7 05 00 00 62  06 00 00 05 03 1c 7b 01  |.......b......{.|
000105a0  00 00 15 58 07 00 00 c4  01 05 5f 00 00 00 b0 34  |...X......_....4|
000105b0  01 00 76 00 00 00 01 9c  33 08 00 00 09 70 63 62  |..v.....3....pcb|
000105c0  00 c4 01 18 33 08 00 00  02 91 00 11 b7 05 00 00  |....3...........|
000105d0  48 08 00 00 05 03 10 7b  01 00 0d 70 00 ca 01 12  |H......{...p....|
000105e0  d9 03 00 00 01 53 00 0a  d9 03 00 00 06 2d 00 00  |.....S.......-..|
000105f0  00 48 08 00 00 04 72 00  00 00 09 00 0f 38 08 00  |.H....r......8..|
00010600  00 10 74 07 00 00 a0 01  15 32 01 00 9b 02 00 00  |..t......2......|
00010610  01 9c 72 08 00 00 11 b7  05 00 00 62 06 00 00 05  |..r........b....|
00010620  03 04 7b 01 00 00 15 e6  04 00 00 73 01 0a 66 00  |..{........s..f.|
00010630  00 00 1e 31 01 00 f7 00  00 00 01 9c d6 08 00 00  |...1............|
00010640  09 74 62 6c 00 73 01 27  55 01 00 00 02 91 00 16  |.tbl.s.'U.......|
00010650  16 09 00 00 74 01 0b d6  08 00 00 02 91 44 16 1d  |....t........D..|
00010660  09 00 00 75 01 0b 66 00  00 00 02 91 6c 0d 6e 00  |...u..f.....l.n.|
00010670  77 01 06 5f 00 00 00 02  91 68 0d 70 74 72 00 78  |w.._.....h.ptr.x|
00010680  01 09 d9 03 00 00 02 91  64 00 06 66 00 00 00 e6  |........d..f....|
00010690  08 00 00 04 72 00 00 00  07 00 10 32 09 00 00 3a  |....r......2...:|
000106a0  01 2f 30 01 00 ef 00 00  00 01 9c 5d 09 00 00 09  |./0........]....|
000106b0  6d 73 67 00 3a 01 1f 4c  05 00 00 02 91 00 09 61  |msg.:..L.......a|
000106c0  6c 6c 00 3a 01 2b 8e 00  00 00 02 91 5c 16 bd 08  |ll.:.+......\...|
000106d0  00 00 41 01 06 5f 00 00  00 02 91 6c 16 63 09 00  |..A.._.....l.c..|
000106e0  00 42 01 06 5f 00 00 00  02 91 68 0d 70 63 62 00  |.B.._.....h.pcb.|
000106f0  44 01 12 d9 03 00 00 01  53 14 70 30 01 00 67 00  |D.......S.p0..g.|
00010700  00 00 0d 69 00 45 01 0b  5f 00 00 00 02 91 64 00  |...i.E.._.....d.|
00010710  00 10 f9 09 00 00 02 01  aa 2e 01 00 85 01 00 00  |................|
00010720  01 9c b6 09 00 00 09 6d  73 67 00 02 01 1c 4c 05  |.......msg....L.|
00010730  00 00 02 91 00 09 70 63  62 00 02 01 31 d9 03 00  |......pcb...1...|
00010740  00 01 53 09 61 6c 6c 00  02 01 3d 8e 00 00 00 02  |..S.all...=.....|
00010750  91 5c 14 de 2f 01 00 3c  00 00 00 0d 69 00 2a 01  |.\../..<....i.*.|
00010760  0b 5f 00 00 00 02 91 6c  00 00 19 25 09 00 00 e8  |._.....l...%....|
00010770  33 2e 01 00 77 00 00 00  01 9c 08 0a 00 00 12 6d  |3...w..........m|
00010780  73 67 00 e8 20 4c 05 00  00 02 91 00 13 6e 00 ee  |sg.. L.......n..|
00010790  06 5f 00 00 00 02 91 6c  13 70 63 62 00 ef 12 d9  |._.....l.pcb....|
000107a0  03 00 00 01 53 14 5a 2e  01 00 49 00 00 00 13 69  |....S.Z...I....i|
000107b0  00 f0 0b 5f 00 00 00 02  91 68 00 00 19 03 09 00  |..._.....h......|
000107c0  00 c5 41 2d 01 00 f2 00  00 00 01 9c 36 0a 00 00  |..A-........6...|
000107d0  12 6d 73 67 00 c5 1c 4c  05 00 00 02 91 00 12 63  |.msg...L.......c|
000107e0  00 c5 35 5b 03 00 00 01  53 00 19 52 09 00 00 9a  |..5[....S..R....|
000107f0  1e 2c 01 00 23 01 00 00  01 9c 64 0a 00 00 12 63  |.,..#.....d....c|
00010800  00 9a 2c 5b 03 00 00 01  53 13 61 6e 79 00 9b 09  |..,[....S.any...|
00010810  8e 00 00 00 02 91 5f 00  24 02 0a 00 00 01 7f 0c  |......_.$.......|
00010820  5f 00 00 00 e1 2b 01 00  3d 00 00 00 01 9c b3 0a  |_....+..=.......|
00010830  00 00 12 70 31 00 7f 25  95 01 00 00 02 91 00 12  |...p1..%........|
00010840  70 32 00 7f 35 95 01 00  00 02 91 04 13 77 31 00  |p2..5........w1.|
00010850  80 09 b2 00 00 00 02 91  74 13 77 32 00 81 09 b2  |........t.w2....|
00010860  00 00 00 02 91 70 00 25  4b 09 00 00 01 66 0c 5f  |.....p.%K....f._|
00010870  00 00 00 b5 2b 01 00 2c  00 00 00 01 9c 12 70 00  |....+..,......p.|
00010880  66 1b d9 03 00 00 02 91  00 13 69 78 00 68 09 5f  |f.........ix.h._|
00010890  00 00 00 02 91 74 00 00  5f 06 00 00 05 00 01 04  |.....t.._.......|
000108a0  73 0d 00 00 18 16 04 00  00 0c 0e 01 00 00 00 00  |s...............|
000108b0  00 00 b5 38 01 00 d8 08  00 00 a0 15 00 00 03 01  |...8............|
000108c0  06 98 02 00 00 0c 26 00  00 00 0d 9e 03 00 00 02  |......&.........|
000108d0  1e 20 3e 00 00 00 03 01  08 8f 02 00 00 03 02 05  |. >.............|
000108e0  ca 02 00 00 03 02 07 8f  01 00 00 19 04 05 69 6e  |..............in|
000108f0  74 00 0d 0c 03 00 00 02  22 20 66 00 00 00 03 04  |t......." f.....|
00010900  07 86 00 00 00 03 08 05  d6 00 00 00 03 08 07 7c  |...............||
00010910  00 00 00 03 04 07 81 00  00 00 1a de 04 00 00 07  |................|
00010920  04 66 00 00 00 07 82 06  d1 00 00 00 02 9d 05 00  |.f..............|
00010930  00 00 02 5d 06 00 00 01  02 30 06 00 00 02 02 cc  |...].....0......|
00010940  05 00 00 03 02 7b 06 00  00 04 02 56 05 00 00 05  |.....{.....V....|
00010950  02 36 05 00 00 06 02 44  05 00 00 07 02 13 06 00  |.6.....D........|
00010960  00 08 02 54 06 00 00 09  00 05 26 00 00 00 e2 00  |...T......&.....|
00010970  00 00 1b 66 00 00 00 ff  01 00 1c fd 05 00 00 07  |...f............|
00010980  9d 0d d1 00 00 00 0d 4c  06 00 00 03 22 19 fa 00  |.......L...."...|
00010990  00 00 04 ff 00 00 00 15  44 06 00 00 10 2a 08 3c  |........D....*.<|
000109a0  01 00 00 08 3a 0a 00 00  2b 0b 9f 01 00 00 00 08  |....:...+.......|
000109b0  67 0a 00 00 2c 0b 9f 01  00 00 04 08 f1 0a 00 00  |g...,...........|
000109c0  2d 0b 5a 00 00 00 08 08  97 0a 00 00 2e 08 48 01  |-.Z...........H.|
000109d0  00 00 0c 00 0d 9b 09 00  00 03 2a 0f 48 01 00 00  |..........*.H...|
000109e0  04 4d 01 00 00 1d 53 00  00 00 61 01 00 00 01 61  |.M....S...a....a|
000109f0  01 00 00 01 61 01 00 00  00 04 66 01 00 00 1e 15  |....a.....f.....|
00010a00  6c 0a 00 00 08 24 10 8c  01 00 00 08 06 07 00 00  |l....$..........|
00010a10  25 08 8c 01 00 00 00 08  62 0b 00 00 26 12 8e 01  |%.......b...&...|
00010a20  00 00 04 00 1f 04 04 67  01 00 00 0d 74 0a 00 00  |.......g....t...|
00010a30  01 27 03 67 01 00 00 04  93 01 00 00 10 54 0a 00  |.'.g.........T..|
00010a40  00 44 11 9f 01 00 00 05  03 a0 a9 01 00 05 ff 00  |.D..............|
00010a50  00 00 c5 01 00 00 09 66  00 00 00 07 00 10 7c 0a  |.......f......|.|
00010a60  00 00 47 17 b5 01 00 00  05 03 c0 a9 01 00 05 32  |..G............2|
00010a70  00 00 00 e6 01 00 00 09  66 00 00 00 07 00 10 8c  |........f.......|
00010a80  0a 00 00 48 10 d6 01 00  00 05 03 40 aa 01 00 06  |...H.......@....|
00010a90  4d 0a 00 00 04 50 12 02  00 00 01 8c 01 00 00 01  |M....P..........|
00010aa0  5a 00 00 00 01 5a 00 00  00 00 06 dd 02 00 00 05  |Z....Z..........|
00010ab0  a2 23 02 00 00 01 66 00  00 00 00 06 d3 01 00 00  |.#....f.........|
00010ac0  05 ac 34 02 00 00 01 34  02 00 00 00 04 2d 00 00  |..4....4.....-..|
00010ad0  00 06 50 01 00 00 05 c1  4b 02 00 00 01 4b 02 00  |..P.....K....K..|
00010ae0  00 16 00 04 26 00 00 00  06 d4 08 00 00 04 5a 66  |....&.........Zf|
00010af0  02 00 00 01 8c 01 00 00  01 5a 00 00 00 00 20 8f  |.........Z.... .|
00010b00  08 00 00 08 61 07 8c 01  00 00 7c 02 00 00 01 66  |....a.....|....f|
00010b10  00 00 00 00 06 e1 05 00  00 06 4c 8d 02 00 00 01  |..........L.....|
00010b20  34 02 00 00 00 06 48 02  00 00 04 f2 a4 02 00 00  |4.....H.........|
00010b30  01 4b 02 00 00 01 4b 02  00 00 16 00 0e 3f 0a 00  |.K....K......?..|
00010b40  00 56 02 53 00 00 00 6a  40 01 00 23 01 00 00 01  |.V.S...j@..#....|
00010b50  9c 05 03 00 00 0a 71 00  56 02 1c ee 00 00 00 02  |......q.V.......|
00010b60  91 00 11 06 07 00 00 56  02 25 8c 01 00 00 02 91  |.......V.%......|
00010b70  04 0b b7 05 00 00 15 03  00 00 05 03 54 7d 01 00  |............T}..|
00010b80  12 c2 08 00 00 69 02 14  9f 01 00 00 01 56 12 78  |.....i.......V.x|
00010b90  08 00 00 69 02 1b 9f 01  00 00 01 53 00 05 2d 00  |...i.......S..-.|
00010ba0  00 00 15 03 00 00 09 66  00 00 00 0d 00 0c 05 03  |.......f........|
00010bb0  00 00 0e 84 05 00 00 1e  02 53 00 00 00 61 3f 01  |.........S...a?.|
00010bc0  00 09 01 00 00 01 9c 6d  03 00 00 0a 71 00 1e 02  |.......m....q...|
00010bd0  19 ee 00 00 00 02 91 00  11 06 07 00 00 1e 02 23  |...............#|
00010be0  6d 03 00 00 02 91 04 0b  b7 05 00 00 82 03 00 00  |m...............|
00010bf0  05 03 48 7d 01 00 07 71  6e 00 31 02 0b 9f 01 00  |..H}...qn.1.....|
00010c00  00 02 91 6c 00 04 8c 01  00 00 05 2d 00 00 00 82  |...l.......-....|
00010c10  03 00 00 09 66 00 00 00  0a 00 0c 72 03 00 00 0e  |....f......r....|
00010c20  27 06 00 00 fb 01 53 00  00 00 9f 3e 01 00 c2 00  |'.....S....>....|
00010c30  00 00 01 9c cc 03 00 00  0a 71 00 fb 01 17 ee 00  |.........q......|
00010c40  00 00 02 91 00 11 06 07  00 00 fb 01 21 6d 03 00  |............!m..|
00010c50  00 02 91 04 0b b7 05 00  00 dc 03 00 00 05 03 3c  |...............<|
00010c60  7d 01 00 00 05 2d 00 00  00 dc 03 00 00 09 66 00  |}....-........f.|
00010c70  00 00 08 00 0c cc 03 00  00 0e 70 09 00 00 79 01  |..........p...y.|
00010c80  53 00 00 00 bf 3c 01 00  e0 01 00 00 01 9c 5e 04  |S....<........^.|
00010c90  00 00 0a 71 00 79 01 19  ee 00 00 00 02 91 00 11  |...q.y..........|
00010ca0  06 07 00 00 79 01 22 8c  01 00 00 02 91 04 0b b7  |....y.".........|
00010cb0  05 00 00 82 03 00 00 05  03 30 7d 01 00 07 71 6e  |.........0}...qn|
00010cc0  00 7f 01 0b 9f 01 00 00  02 91 5c 07 66 63 6e 00  |..........\.fcn.|
00010cd0  b5 01 15 3c 01 00 00 01  57 12 c2 08 00 00 b6 01  |...<....W.......|
00010ce0  14 9f 01 00 00 01 56 12  78 08 00 00 b6 01 1b 9f  |......V.x.......|
00010cf0  01 00 00 01 53 00 0e 14  05 00 00 5c 01 53 00 00  |....S......\.S..|
00010d00  00 6e 3c 01 00 51 00 00  00 01 9c 93 04 00 00 0a  |.n<..Q..........|
00010d10  71 00 5c 01 19 ee 00 00  00 02 91 00 07 69 78 00  |q.\..........ix.|
00010d20  5f 01 06 53 00 00 00 02  91 6c 00 21 83 0a 00 00  |_..S.....l.!....|
00010d30  01 35 01 06 ee 3b 01 00  80 00 00 00 01 9c c6 04  |.5...;..........|
00010d40  00 00 0a 71 00 35 01 18  ee 00 00 00 02 91 00 07  |...q.5..........|
00010d50  69 78 00 3c 01 06 53 00  00 00 02 91 6c 00 22 0c  |ix.<..S.....l.".|
00010d60  09 00 00 01 ff 09 ee 00  00 00 70 3b 01 00 7e 00  |..........p;..~.|
00010d70  00 00 01 9c 0a 05 00 00  23 97 0a 00 00 01 ff 1e  |........#.......|
00010d80  3c 01 00 00 02 91 00 07  69 00 06 01 06 53 00 00  |<.......i....S..|
00010d90  00 02 91 74 07 71 00 1c  01 0a ee 00 00 00 02 91  |...t.q..........|
00010da0  70 00 24 9f 06 00 00 01  e3 06 1f 3b 01 00 51 00  |p.$........;..Q.|
00010db0  00 00 01 9c 25 26 0a 00  00 01 b6 06 08 3a 01 00  |....%&.......:..|
00010dc0  17 01 00 00 01 9c 7b 05  00 00 13 6d 73 67 00 b6  |......{....msg..|
00010dd0  1c 34 02 00 00 02 91 00  13 71 00 b6 29 ee 00 00  |.4.......q..)...|
00010de0  00 02 91 04 14 aa 3a 01  00 73 00 00 00 0f 74 6d  |......:..s....tm|
00010df0  70 00 cd 12 9f 01 00 00  02 91 6c 14 c2 3a 01 00  |p.........l..:..|
00010e00  38 00 00 00 0f 69 00 ce  12 53 00 00 00 02 91 68  |8....i...S.....h|
00010e10  00 00 00 26 9f 0a 00 00  01 90 11 9f 01 00 00 bc  |...&............|
00010e20  39 01 00 4c 00 00 00 01  9c a4 05 00 00 0f 74 6d  |9..L..........tm|
00010e30  70 00 91 0b 9f 01 00 00  02 91 6c 00 17 17 0a 00  |p.........l.....|
00010e40  00 7b 3a 39 01 00 82 00  00 00 01 9c ec 05 00 00  |.{:9............|
00010e50  10 37 08 00 00 7c 0b 9f  01 00 00 02 91 6c 0b b7  |.7...|.......l..|
00010e60  05 00 00 fc 05 00 00 05  03 20 7d 01 00 14 8f 39  |......... }....9|
00010e70  01 00 29 00 00 00 0f 69  00 84 0b 53 00 00 00 02  |..)....i...S....|
00010e80  91 68 00 00 05 2d 00 00  00 fc 05 00 00 09 66 00  |.h...-........f.|
00010e90  00 00 0e 00 0c ec 05 00  00 17 2f 0a 00 00 6d e1  |........../...m.|
00010ea0  38 01 00 59 00 00 00 01  9c 32 06 00 00 13 71 6e  |8..Y.....2....qn|
00010eb0  00 6d 22 9f 01 00 00 02  91 00 0b b7 05 00 00 82  |.m".............|
00010ec0  03 00 00 05 03 14 7d 01  00 00 27 60 0a 00 00 01  |......}...'`....|
00010ed0  5b 0c 53 00 00 00 b5 38  01 00 2c 00 00 00 01 9c  |[.S....8..,.....|
00010ee0  13 71 00 5b 1c ee 00 00  00 02 91 00 0f 69 78 00  |.q.[.........ix.|
00010ef0  5d 06 53 00 00 00 02 91  74 00 00 7f 0c 00 00 05  |].S.....t.......|
00010f00  00 01 04 fc 0f 00 00 24  16 04 00 00 0c 1e 01 00  |.......$........|
00010f10  00 00 00 00 00 8d 41 01  00 6c 0a 00 00 81 19 00  |......A..l......|
00010f20  00 0b 01 06 98 02 00 00  1d 26 00 00 00 07 9e 03  |.........&......|
00010f30  00 00 03 1e 20 3e 00 00  00 0b 01 08 8f 02 00 00  |.... >..........|
00010f40  0b 02 05 ca 02 00 00 0b  02 07 8f 01 00 00 07 0d  |................|
00010f50  03 00 00 03 21 20 5f 00  00 00 25 04 05 69 6e 74  |....! _...%..int|
00010f60  00 07 0c 03 00 00 03 22  20 72 00 00 00 0b 04 07  |......." r......|
00010f70  86 00 00 00 0b 08 05 d6  00 00 00 0b 08 07 7c 00  |..............|.|
00010f80  00 00 0b 04 07 81 00 00  00 07 51 07 00 00 03 2c  |..........Q....,|
00010f90  20 32 00 00 00 07 0d 06  00 00 03 2f 20 53 00 00  | 2........./ S..|
00010fa0  00 07 e8 05 00 00 03 32  20 32 00 00 00 18 3d 02  |.......2 2....=.|
00010fb0  00 00 72 00 00 00 04 68  e0 00 00 00 02 a2 01 00  |..r....h........|
00010fc0  00 00 02 1f 02 00 00 01  02 e4 00 00 00 02 02 04  |................|
00010fd0  03 00 00 03 02 bd 03 00  00 80 00 18 de 04 00 00  |................|
00010fe0  72 00 00 00 05 82 2c 01  00 00 02 9d 05 00 00 00  |r.....,.........|
00010ff0  02 5d 06 00 00 01 02 30  06 00 00 02 02 cc 05 00  |.].....0........|
00011000  00 03 02 7b 06 00 00 04  02 56 05 00 00 05 02 36  |...{.....V.....6|
00011010  05 00 00 06 02 44 05 00  00 07 02 13 06 00 00 08  |.....D..........|
00011020  02 54 06 00 00 09 00 0e  26 00 00 00 3c 01 00 00  |.T......&...<...|
00011030  13 72 00 00 00 ff 00 14  c7 05 00 00 05 99 0d 2c  |.r.............,|
00011040  01 00 00 0e 26 00 00 00  59 01 00 00 1e 72 00 00  |....&...Y....r..|
00011050  00 ff 01 00 14 fd 05 00  00 05 9d 0d 48 01 00 00  |............H...|
00011060  09 66 00 00 00 07 4c 06  00 00 06 22 19 76 01 00  |.f....L....".v..|
00011070  00 09 7b 01 00 00 26 44  06 00 00 18 35 03 00 00  |..{...&D....5...|
00011080  72 00 00 00 07 30 c6 01  00 00 02 00 01 00 00 00  |r....0..........|
00011090  02 4e 00 00 00 01 02 13  02 00 00 02 02 90 03 00  |.N..............|
000110a0  00 03 02 41 01 00 00 04  02 ca 03 00 00 05 02 ac  |...A............|
000110b0  01 00 00 06 02 4f 02 00  00 07 02 5c 02 00 00 08  |.....O.....\....|
000110c0  00 07 62 05 00 00 07 44  11 32 00 00 00 1f 0a 05  |..b....D.2......|
000110d0  00 00 48 62 b0 02 00 00  04 73 73 00 63 0b 66 00  |..Hb.....ss.c.f.|
000110e0  00 00 00 04 67 73 00 64  0b 66 00 00 00 04 04 66  |....gs.d.f.....f|
000110f0  73 00 65 0b 66 00 00 00  08 04 65 73 00 66 0b 66  |s.e.f.....es.f.f|
00011100  00 00 00 0c 04 64 73 00  67 0b 66 00 00 00 10 04  |.....ds.g.f.....|
00011110  65 64 69 00 68 0b 66 00  00 00 14 04 65 73 69 00  |edi.h.f.....esi.|
00011120  69 0b 66 00 00 00 18 04  65 62 70 00 6a 0b 66 00  |i.f.....ebp.j.f.|
00011130  00 00 1c 04 65 73 70 00  6b 0b 66 00 00 00 20 04  |....esp.k.f... .|
00011140  65 62 78 00 6c 0b 66 00  00 00 24 04 65 64 78 00  |ebx.l.f...$.edx.|
00011150  6d 0b 66 00 00 00 28 04  65 63 78 00 6e 0b 66 00  |m.f...(.ecx.n.f.|
00011160  00 00 2c 04 65 61 78 00  6f 0b 66 00 00 00 30 05  |..,.eax.o.f...0.|
00011170  ad 00 00 00 70 0b 66 00  00 00 34 05 ef 03 00 00  |....p.f...4.....|
00011180  71 0b 66 00 00 00 38 04  65 69 70 00 72 0b 66 00  |q.f...8.eip.r.f.|
00011190  00 00 3c 04 63 73 00 73  0b 66 00 00 00 40 05 d6  |..<.cs.s.f...@..|
000111a0  02 00 00 74 0b 66 00 00  00 44 00 07 f8 04 00 00  |...t.f...D......|
000111b0  07 75 03 d2 01 00 00 1f  78 05 00 00 20 88 40 03  |.u......x... .@.|
000111c0  00 00 05 a7 05 00 00 8c  0d 40 03 00 00 00 05 ef  |.........@......|
000111d0  0c 00 00 8f 0c 65 01 00  00 04 05 2f 05 00 00 92  |.....e...../....|
000111e0  10 45 03 00 00 08 05 07  0a 00 00 93 0b 66 00 00  |.E...........f..|
000111f0  00 0c 05 c0 05 00 00 94  0a 53 00 00 00 10 04 70  |.........S.....p|
00011200  69 64 00 97 08 9a 00 00  00 14 05 17 09 00 00 9a  |id..............|
00011210  0a c6 01 00 00 18 05 3b  06 00 00 9b 09 a6 00 00  |.......;........|
00011220  00 19 05 1f 06 00 00 9c  0a 32 00 00 00 1a 05 d7  |.........2......|
00011230  04 00 00 9f 0a 4a 03 00  00 1b 00 09 b0 02 00 00  |.....J..........|
00011240  09 bc 02 00 00 0e 32 00  00 00 5a 03 00 00 13 72  |......2...Z....r|
00011250  00 00 00 04 00 07 7e 05  00 00 07 a1 03 bc 02 00  |......~.........|
00011260  00 14 4e 05 00 00 07 ad  10 6a 01 00 00 09 5a 03  |..N......j....Z.|
00011270  00 00 14 67 0b 00 00 08  28 15 72 00 00 00 0e 26  |...g....(.r....&|
00011280  00 00 00 94 03 00 00 1e  72 00 00 00 ff 03 00 0a  |........r.......|
00011290  21 0b 00 00 57 0d 83 03  00 00 05 03 80 aa 01 00  |!...W...........|
000112a0  0a 00 0b 00 00 58 0e b6  03 00 00 05 03 80 ae 01  |.....X..........|
000112b0  00 09 26 00 00 00 0a 60  0b 00 00 59 0e b6 03 00  |..&....`...Y....|
000112c0  00 05 03 84 ae 01 00 0a  ef 0a 00 00 5a 11 66 00  |............Z.f.|
000112d0  00 00 05 03 88 ae 01 00  0a 07 0b 00 00 5d 0d 83  |.............]..|
000112e0  03 00 00 05 03 a0 ae 01  00 0a 11 0b 00 00 5e 0e  |..............^.|
000112f0  b6 03 00 00 05 03 a0 b2  01 00 0a 35 0b 00 00 5f  |...........5..._|
00011300  0e b6 03 00 00 05 03 a4  b2 01 00 0a cf 0a 00 00  |................|
00011310  60 11 66 00 00 00 05 03  a8 b2 01 00 0a 19 0b 00  |`.f.............|
00011320  00 63 0c 5f 00 00 00 05  03 ac b2 01 00 0f 69 65  |.c._..........ie|
00011330  72 00 66 10 32 00 00 00  05 03 b0 b2 01 00 27 77  |r.f.2.........'w|
00011340  03 00 00 01 6d 0e 05 03  60 aa 01 00 10 c1 09 00  |....m...`.......|
00011350  00 09 20 62 04 00 00 03  5f 00 00 00 00 20 15 03  |.. b...._.... ..|
00011360  00 00 0a 02 01 7f 04 00  00 03 72 00 00 00 03 72  |..........r....r|
00011370  00 00 00 03 b6 03 00 00  19 00 15 c0 01 00 00 0b  |................|
00011380  8c 0a 66 00 00 00 95 04  00 00 03 95 04 00 00 00  |..f.............|
00011390  09 2d 00 00 00 28 aa 04  00 00 03 5f 00 00 00 03  |.-...(....._....|
000113a0  5f 00 00 00 00 15 c3 04  00 00 0c 4d 08 c5 04 00  |_..........M....|
000113b0  00 c5 04 00 00 03 5f 00  00 00 03 c5 04 00 00 00  |......_.........|
000113c0  09 9a 04 00 00 10 d4 08  00 00 0b 5a e0 04 00 00  |...........Z....|
000113d0  03 e0 04 00 00 03 66 00  00 00 00 29 04 10 d3 01  |......f....)....|
000113e0  00 00 0a ac f3 04 00 00  03 95 04 00 00 00 20 1f  |.............. .|
000113f0  05 00 00 07 67 01 05 05  00 00 03 72 03 00 00 00  |....g......r....|
00011400  10 e1 05 00 00 09 4c 16  05 00 00 03 95 04 00 00  |......L.........|
00011410  00 10 48 02 00 00 0b f2  2d 05 00 00 03 b6 03 00  |..H.....-.......|
00011420  00 03 b6 03 00 00 19 00  15 84 05 00 00 06 94 05  |................|
00011430  5f 00 00 00 48 05 00 00  03 6a 01 00 00 03 48 05  |_...H....j....H.|
00011440  00 00 00 09 e0 04 00 00  15 14 05 00 00 06 6e 05  |..............n.|
00011450  5f 00 00 00 63 05 00 00  03 6a 01 00 00 00 10 50  |_...c....j.....P|
00011460  01 00 00 0a c1 75 05 00  00 03 b6 03 00 00 19 00  |.....u..........|
00011470  16 ab 0a 00 00 ce 02 7c  4a 01 00 7d 01 00 00 01  |.......|J..}....|
00011480  9c b6 05 00 00 0c 2a 0b  00 00 ce 02 17 8e 00 00  |......*.........|
00011490  00 02 91 4c 08 6e 00 cf  02 06 5f 00 00 00 02 91  |...L.n...._.....|
000114a0  5c 08 70 74 72 00 d0 02  08 b6 03 00 00 02 91 58  |\.ptr..........X|
000114b0  00 16 43 0b 00 00 bc 02  56 4a 01 00 26 00 00 00  |..C.....VJ..&...|
000114c0  01 9c e9 05 00 00 1a 63  68 00 bc 02 20 72 00 00  |.......ch... r..|
000114d0  00 02 91 00 08 62 75 66  00 bd 02 07 e9 05 00 00  |.....buf........|
000114e0  02 91 6e 00 0e 26 00 00  00 f9 05 00 00 13 72 00  |..n..&........r.|
000114f0  00 00 01 00 21 f7 0a 00  00 a8 02 5f 00 00 00 29  |....!......_...)|
00011500  4a 01 00 2d 00 00 00 01  9c 2f 06 00 00 0c 0f 04  |J..-...../......|
00011510  00 00 a8 02 1b 95 04 00  00 02 91 00 08 6e 00 a9  |.............n..|
00011520  02 06 5f 00 00 00 02 91  6c 00 21 81 03 00 00 71  |.._.....l.!....q|
00011530  02 5f 00 00 00 82 49 01  00 a7 00 00 00 01 9c 92  |._....I.........|
00011540  06 00 00 0c 0f 04 00 00  71 02 1c 95 04 00 00 02  |........q.......|
00011550  91 00 0c 18 05 00 00 71  02 28 5f 00 00 00 02 91  |.......q.(_.....|
00011560  04 1b 3d 0b 00 00 72 02  5f 00 00 00 02 91 64 08  |..=...r._.....d.|
00011570  70 74 72 00 73 02 0e 95  04 00 00 02 91 6c 1b d8  |ptr.s........l..|
00011580  0a 00 00 74 02 5f 00 00  00 02 91 68 00 16 f5 00  |...t._.....h....|
00011590  00 00 43 02 0c 49 01 00  76 00 00 00 01 9c d7 06  |..C..I..v.......|
000115a0  00 00 1a 63 68 00 43 02  16 5f 00 00 00 02 91 00  |...ch.C.._......|
000115b0  11 33 0c 00 00 6a 49 01  00 09 00 00 00 5d 02 02  |.3...jI......]..|
000115c0  01 4d 0c 00 00 02 91 6b  01 41 0c 00 00 02 91 6c  |.M.....k.A.....l|
000115d0  00 00 17 57 0b 00 00 16  02 05 5f 00 00 00 71 48  |...W......_...qH|
000115e0  01 00 9b 00 00 00 01 9c  2d 07 00 00 1a 62 75 66  |........-....buf|
000115f0  00 16 02 15 b6 03 00 00  02 91 00 0c 18 05 00 00  |................|
00011600  16 02 1e 5f 00 00 00 02  91 04 08 70 74 72 00 17  |..._.......ptr..|
00011610  02 08 b6 03 00 00 02 91  74 1b d8 0a 00 00 18 02  |........t.......|
00011620  5f 00 00 00 02 91 70 00  17 e5 0a 00 00 ee 01 05  |_.....p.........|
00011630  5f 00 00 00 10 48 01 00  61 00 00 00 01 9c 56 07  |_....H..a.....V.|
00011640  00 00 08 63 68 00 ef 01  06 5f 00 00 00 02 91 74  |...ch...._.....t|
00011650  00 2a b4 0a 00 00 01 e1  01 05 5f 00 00 00 06 48  |.*........_....H|
00011660  01 00 0a 00 00 00 01 9c  2b 62 07 00 00 01 bf 01  |........+b......|
00011670  06 50 47 01 00 b6 00 00  00 01 9c 18 08 00 00 0c  |.PG.............|
00011680  2f 0b 00 00 bf 01 19 32  00 00 00 02 91 54 22 67  |/......2.....T"g|
00011690  47 01 00 69 00 00 00 08  6c 73 72 00 c7 01 0b 32  |G..i....lsr....2|
000116a0  00 00 00 02 91 77 06 5a  0c 00 00 8c 47 01 00 0d  |.....w.Z....G...|
000116b0  00 00 00 c7 01 11 d0 07  00 00 01 68 0c 00 00 02  |...........h....|
000116c0  91 70 0d 74 0c 00 00 02  91 6f 00 06 5a 0c 00 00  |.p.t.....o..Z...|
000116d0  a5 47 01 00 10 00 00 00  c9 01 0b f5 07 00 00 01  |.G..............|
000116e0  68 0c 00 00 02 91 60 0d  74 0c 00 00 02 91 5f 00  |h.....`.t....._.|
000116f0  11 5a 0c 00 00 b5 47 01  00 0d 00 00 00 ca 01 0a  |.Z....G.........|
00011700  01 68 0c 00 00 02 91 68  0d 74 0c 00 00 02 91 67  |.h.....h.t.....g|
00011710  00 00 00 17 c3 0a 00 00  9c 01 09 32 00 00 00 d7  |...........2....|
00011720  46 01 00 79 00 00 00 01  9c 72 08 00 00 0c 2f 0b  |F..y.....r..../.|
00011730  00 00 9c 01 1e 32 00 00  00 02 91 64 08 6f 6c 64  |.....2.....d.old|
00011740  00 9d 01 0a 32 00 00 00  02 91 77 11 33 0c 00 00  |....2.....w.3...|
00011750  41 47 01 00 09 00 00 00  b0 01 03 01 4d 0c 00 00  |AG..........M...|
00011760  02 91 6f 01 41 0c 00 00  02 91 70 00 00 17 27 07  |..o.A.....p...'.|
00011770  00 00 75 01 09 32 00 00  00 5e 46 01 00 79 00 00  |..u..2...^F..y..|
00011780  00 01 9c cc 08 00 00 0c  2f 0b 00 00 75 01 1d 32  |......../...u..2|
00011790  00 00 00 02 91 64 08 6f  6c 64 00 76 01 0a 32 00  |.....d.old.v..2.|
000117a0  00 00 02 91 77 11 33 0c  00 00 c8 46 01 00 09 00  |....w.3....F....|
000117b0  00 00 89 01 03 01 4d 0c  00 00 02 91 6f 01 41 0c  |......M.....o.A.|
000117c0  00 00 02 91 70 00 00 16  e5 06 00 00 1c 01 d6 44  |....p..........D|
000117d0  01 00 88 01 00 00 01 9c  7f 0a 00 00 06 33 0c 00  |.............3..|
000117e0  00 67 45 01 00 14 00 00  00 37 01 02 08 09 00 00  |.gE......7......|
000117f0  01 4d 0c 00 00 03 91 9b  7f 01 41 0c 00 00 03 91  |.M........A.....|
00011800  9c 7f 00 06 33 0c 00 00  7b 45 01 00 14 00 00 00  |....3...{E......|
00011810  38 01 02 2f 09 00 00 01  4d 0c 00 00 03 91 a3 7f  |8../....M.......|
00011820  01 41 0c 00 00 03 91 a4  7f 00 06 33 0c 00 00 8f  |.A.........3....|
00011830  45 01 00 14 00 00 00 39  01 02 56 09 00 00 01 4d  |E......9..V....M|
00011840  0c 00 00 03 91 ab 7f 01  41 0c 00 00 03 91 ac 7f  |........A.......|
00011850  00 06 33 0c 00 00 a3 45  01 00 14 00 00 00 3a 01  |..3....E......:.|
00011860  02 7d 09 00 00 01 4d 0c  00 00 03 91 b3 7f 01 41  |.}....M........A|
00011870  0c 00 00 03 91 b4 7f 00  06 33 0c 00 00 b7 45 01  |.........3....E.|
00011880  00 14 00 00 00 3b 01 02  a4 09 00 00 01 4d 0c 00  |.....;.......M..|
00011890  00 03 91 bb 7f 01 41 0c  00 00 03 91 bc 7f 00 06  |......A.........|
000118a0  33 0c 00 00 cb 45 01 00  09 00 00 00 44 01 02 c9  |3....E......D...|
000118b0  09 00 00 01 4d 0c 00 00  02 91 43 01 41 0c 00 00  |....M.....C.A...|
000118c0  02 91 44 00 06 33 0c 00  00 e6 45 01 00 14 00 00  |..D..3....E.....|
000118d0  00 4b 01 02 ee 09 00 00  01 4d 0c 00 00 02 91 4b  |.K.......M.....K|
000118e0  01 41 0c 00 00 02 91 4c  00 06 33 0c 00 00 fa 45  |.A.....L..3....E|
000118f0  01 00 14 00 00 00 4c 01  02 13 0a 00 00 01 4d 0c  |......L.......M.|
00011900  00 00 02 91 53 01 41 0c  00 00 02 91 54 00 06 33  |....S.A.....T..3|
00011910  0c 00 00 0e 46 01 00 14  00 00 00 4d 01 02 38 0a  |....F......M..8.|
00011920  00 00 01 4d 0c 00 00 02  91 5b 01 41 0c 00 00 02  |...M.....[.A....|
00011930  91 5c 00 06 33 0c 00 00  22 46 01 00 14 00 00 00  |.\..3..."F......|
00011940  54 01 02 5d 0a 00 00 01  4d 0c 00 00 02 91 63 01  |T..]....M.....c.|
00011950  41 0c 00 00 02 91 64 00  11 33 0c 00 00 36 46 01  |A.....d..3...6F.|
00011960  00 09 00 00 00 5b 01 02  01 4d 0c 00 00 02 91 6b  |.....[...M.....k|
00011970  01 41 0c 00 00 02 91 6c  00 00 2c 4f 0b 00 00 01  |.A.....l..,O....|
00011980  81 0d 8d 41 01 00 49 03  00 00 01 9c 1e 0c 00 00  |...A..I.........|
00011990  23 ad 00 00 00 81 1a 5f  00 00 00 02 91 00 23 df  |#......_......#.|
000119a0  0a 00 00 81 26 5f 00 00  00 02 91 04 0f 63 68 00  |....&_.......ch.|
000119b0  82 06 5f 00 00 00 02 91  6c 2d b7 05 00 00 2e 0c  |.._.....l-......|
000119c0  00 00 05 03 e4 7e 01 00  22 9a 41 01 00 35 03 00  |.....~..".A..5..|
000119d0  00 0f 69 69 72 00 8f 07  5f 00 00 00 02 91 68 2e  |..iir..._.....h.|
000119e0  36 42 01 00 ec 00 00 00  1d 0b 00 00 0f 70 63 62  |6B...........pcb|
000119f0  00 ae 0e 72 03 00 00 03  91 a4 7f 0f 62 75 66 00  |...r........buf.|
00011a00  b5 0b b6 03 00 00 02 91  64 0f 6c 65 6e 00 b6 0e  |........d.len...|
00011a10  66 00 00 00 02 91 60 00  12 5a 0c 00 00 9a 41 01  |f.....`..Z....A.|
00011a20  00 0d 00 00 00 8f 0d 41  0b 00 00 01 68 0c 00 00  |.......A....h...|
00011a30  02 91 5c 0d 74 0c 00 00  02 91 5b 00 12 5a 0c 00  |..\.t.....[..Z..|
00011a40  00 d0 41 01 00 0d 00 00  00 96 2c 65 0b 00 00 01  |..A.......,e....|
00011a50  68 0c 00 00 02 91 54 0d  74 0c 00 00 02 91 53 00  |h.....T.t.....S.|
00011a60  12 5a 0c 00 00 fd 41 01  00 0d 00 00 00 9e 09 89  |.Z....A.........|
00011a70  0b 00 00 01 68 0c 00 00  02 91 4c 0d 74 0c 00 00  |....h.....L.t...|
00011a80  02 91 4b 00 12 5a 0c 00  00 63 43 01 00 0d 00 00  |..K..Z...cC.....|
00011a90  00 d6 09 ad 0b 00 00 01  68 0c 00 00 02 91 44 0d  |........h.....D.|
00011aa0  74 0c 00 00 02 91 43 00  12 33 0c 00 00 b5 43 01  |t.....C..3....C.|
00011ab0  00 09 00 00 00 e3 05 d3  0b 00 00 01 4d 0c 00 00  |............M...|
00011ac0  03 91 bb 7f 01 41 0c 00  00 03 91 bc 7f 00 12 33  |.....A.........3|
00011ad0  0c 00 00 3a 44 01 00 09  00 00 00 ff 04 f9 0b 00  |...:D...........|
00011ae0  00 01 4d 0c 00 00 03 91  b3 7f 01 41 0c 00 00 03  |..M........A....|
00011af0  91 b4 7f 00 11 5a 0c 00  00 4f 44 01 00 0d 00 00  |.....Z...OD.....|
00011b00  00 04 01 2c 01 68 0c 00  00 03 91 ac 7f 0d 74 0c  |...,.h........t.|
00011b10  00 00 03 91 ab 7f 00 00  00 0e 2d 00 00 00 2e 0c  |..........-.....|
00011b20  00 00 13 72 00 00 00 07  00 1d 1e 0c 00 00 2f 3d  |...r........../=|
00011b30  03 00 00 02 66 01 01 03  5a 0c 00 00 1c 80 07 00  |....f...Z.......|
00011b40  00 66 01 0b 5f 00 00 00  1c 06 07 00 00 66 01 19  |.f.._........f..|
00011b50  32 00 00 00 00 30 69 6e  62 00 02 42 01 01 32 00  |2....0inb..B..2.|
00011b60  00 00 03 1c 80 07 00 00  42 01 0a 5f 00 00 00 31  |........B.._...1|
00011b70  06 07 00 00 02 44 01 0a  32 00 00 00 00 00 cd 06  |.....D..2.......|
00011b80  00 00 05 00 01 04 1d 13  00 00 1b 16 04 00 00 0c  |................|
00011b90  2b 01 00 00 00 00 00 00  f9 4b 01 00 82 04 00 00  |+........K......|
00011ba0  d2 1e 00 00 05 01 06 98  02 00 00 12 26 00 00 00  |............&...|
00011bb0  0b 9e 03 00 00 02 1e 20  3e 00 00 00 05 01 08 8f  |....... >.......|
00011bc0  02 00 00 05 02 05 ca 02  00 00 05 02 07 8f 01 00  |................|
00011bd0  00 1c 04 05 69 6e 74 00  0b 0c 03 00 00 02 22 20  |....int......." |
00011be0  66 00 00 00 05 04 07 86  00 00 00 05 08 05 d6 00  |f...............|
00011bf0  00 00 05 08 07 7c 00 00  00 05 04 07 81 00 00 00  |.....|..........|
00011c00  0e 3d 02 00 00 66 00 00  00 03 68 b0 00 00 00 01  |.=...f....h.....|
00011c10  a2 01 00 00 00 01 1f 02  00 00 01 01 e4 00 00 00  |................|
00011c20  02 01 04 03 00 00 03 01  bd 03 00 00 80 00 0e de  |................|
00011c30  04 00 00 66 00 00 00 04  82 fc 00 00 00 01 9d 05  |...f............|
00011c40  00 00 00 01 5d 06 00 00  01 01 30 06 00 00 02 01  |....].....0.....|
00011c50  cc 05 00 00 03 01 7b 06  00 00 04 01 56 05 00 00  |......{.....V...|
00011c60  05 01 36 05 00 00 06 01  44 05 00 00 07 01 13 06  |..6.....D.......|
00011c70  00 00 08 01 54 06 00 00  09 00 0a 26 00 00 00 0d  |....T......&....|
00011c80  01 00 00 1d 66 00 00 00  ff 01 00 13 fd 05 00 00  |....f...........|
00011c90  9d 0d fc 00 00 00 13 d6  06 00 00 a1 12 23 01 00  |.............#..|
00011ca0  00 06 5a 00 00 00 06 2d  01 00 00 1e 0e 35 03 00  |..Z....-.....5..|
00011cb0  00 66 00 00 00 05 30 74  01 00 00 01 00 01 00 00  |.f....0t........|
00011cc0  00 01 4e 00 00 00 01 01  13 02 00 00 02 01 90 03  |..N.............|
00011cd0  00 00 03 01 41 01 00 00  04 01 ca 03 00 00 05 01  |....A...........|
00011ce0  ac 01 00 00 06 01 4f 02  00 00 07 01 5c 02 00 00  |......O.....\...|
00011cf0  08 00 14 0a 05 00 00 48  05 62 47 02 00 00 03 73  |.......H.bG....s|
00011d00  73 00 63 5a 00 00 00 00  03 67 73 00 64 5a 00 00  |s.cZ.....gs.dZ..|
00011d10  00 04 03 66 73 00 65 5a  00 00 00 08 03 65 73 00  |...fs.eZ.....es.|
00011d20  66 5a 00 00 00 0c 03 64  73 00 67 5a 00 00 00 10  |fZ.....ds.gZ....|
00011d30  03 65 64 69 00 68 5a 00  00 00 14 03 65 73 69 00  |.edi.hZ.....esi.|
00011d40  69 5a 00 00 00 18 03 65  62 70 00 6a 5a 00 00 00  |iZ.....ebp.jZ...|
00011d50  1c 03 65 73 70 00 6b 5a  00 00 00 20 03 65 62 78  |..esp.kZ... .ebx|
00011d60  00 6c 5a 00 00 00 24 03  65 64 78 00 6d 5a 00 00  |.lZ...$.edx.mZ..|
00011d70  00 28 03 65 63 78 00 6e  5a 00 00 00 2c 03 65 61  |.(.ecx.nZ...,.ea|
00011d80  78 00 6f 5a 00 00 00 30  0c ad 00 00 00 05 70 0b  |x.oZ...0......p.|
00011d90  5a 00 00 00 34 0c ef 03  00 00 05 71 0b 5a 00 00  |Z...4......q.Z..|
00011da0  00 38 03 65 69 70 00 72  5a 00 00 00 3c 03 63 73  |.8.eip.rZ...<.cs|
00011db0  00 73 5a 00 00 00 40 0c  d6 02 00 00 05 74 0b 5a  |.sZ...@......t.Z|
00011dc0  00 00 00 44 00 0b f8 04  00 00 05 75 03 74 01 00  |...D.......u.t..|
00011dd0  00 06 47 02 00 00 14 e9  08 00 00 04 06 26 72 02  |..G..........&r.|
00011de0  00 00 0c 62 0b 00 00 06  27 11 72 02 00 00 00 00  |...b....'.r.....|
00011df0  06 58 02 00 00 0b f0 08  00 00 06 28 03 58 02 00  |.X.........(.X..|
00011e00  00 1f 71 0b 00 00 01 31  10 95 02 00 00 05 03 bc  |..q....1........|
00011e10  b2 01 00 06 77 02 00 00  15 c0 0b 00 00 44 23 01  |....w........D#.|
00011e20  00 00 05 03 b4 b2 01 00  15 dd 0b 00 00 47 23 01  |.............G#.|
00011e30  00 00 05 03 b8 b2 01 00  08 3e 09 00 00 07 67 d5  |.........>....g.|
00011e40  02 00 00 02 d5 02 00 00  02 28 01 00 00 02 5a 00  |.........(....Z.|
00011e50  00 00 00 20 04 0f d6 0b  00 00 07 96 05 53 00 00  |... .........S..|
00011e60  00 f2 02 00 00 02 f2 02  00 00 02 f2 02 00 00 00  |................|
00011e70  06 2d 00 00 00 08 50 01  00 00 08 c1 09 03 00 00  |.-....P.........|
00011e80  02 09 03 00 00 16 00 06  26 00 00 00 08 b3 0b 00  |........&.......|
00011e90  00 07 73 29 03 00 00 02  d5 02 00 00 02 28 01 00  |..s).........(..|
00011ea0  00 02 5a 00 00 00 00 0f  c0 01 00 00 07 8c 0a 5a  |..Z............Z|
00011eb0  00 00 00 3f 03 00 00 02  f2 02 00 00 00 08 d4 08  |...?............|
00011ec0  00 00 07 5a 55 03 00 00  02 d5 02 00 00 02 5a 00  |...ZU.........Z.|
00011ed0  00 00 00 0f 8f 08 00 00  09 61 07 d5 02 00 00 6b  |.........a.....k|
00011ee0  03 00 00 02 66 00 00 00  00 08 e1 05 00 00 0a 4c  |....f..........L|
00011ef0  7c 03 00 00 02 f2 02 00  00 00 08 48 02 00 00 07  ||..........H....|
00011f00  f2 93 03 00 00 02 09 03  00 00 02 09 03 00 00 16  |................|
00011f10  00 08 d3 01 00 00 08 ac  a4 03 00 00 02 f2 02 00  |................|
00011f20  00 00 21 8f 0b 00 00 01  81 01 06 3a 4e 01 00 41  |..!........:N..A|
00011f30  02 00 00 01 9c 36 05 00  00 17 6d 73 67 00 1c f2  |.....6....msg...|
00011f40  02 00 00 02 91 00 17 73  74 6b 00 2b 23 01 00 00  |.......stk.+#...|
00011f50  02 91 04 22 b4 00 00 00  01 81 01 39 5a 00 00 00  |...".......9Z...|
00011f60  02 91 08 04 ca 0b 00 00  83 01 0b 5a 00 00 00 02  |...........Z....|
00011f70  91 5c 04 ab 0b 00 00 84  01 06 53 00 00 00 02 91  |.\........S.....|
00011f80  58 04 7d 0b 00 00 85 01  07 36 05 00 00 03 91 88  |X.}......6......|
00011f90  7f 07 62 75 66 00 85 01  17 36 05 00 00 03 91 d8  |..buf....6......|
00011fa0  7e 04 bb 0b 00 00 85 01  24 46 05 00 00 03 91 c0  |~.......$F......|
00011fb0  7e 04 8a 0b 00 00 86 01  0b 5a 00 00 00 02 91 54  |~........Z.....T|
00011fc0  07 73 70 00 87 01 0c 23  01 00 00 02 91 50 04 98  |.sp....#.....P..|
00011fd0  0b 00 00 88 01 07 56 05  00 00 03 91 af 7e 09 09  |......V......~..|
00011fe0  4f 01 00 5e 01 00 00 07  62 70 00 ac 01 12 09 03  |O..^....bp......|
00011ff0  00 00 01 53 07 63 70 00  ad 01 12 09 03 00 00 01  |...S.cp.........|
00012000  57 04 84 0b 00 00 ae 01  0c 5a 00 00 00 02 91 40  |W........Z.....@|
00012010  09 1b 4f 01 00 bb 00 00  00 07 69 00 b2 01 0c 53  |..O.......i....S|
00012020  00 00 00 02 91 4c 09 27  4f 01 00 a1 00 00 00 23  |.....L.'O......#|
00012030  78 08 00 00 01 b3 01 16  5a 00 00 00 04 06 07 00  |x.......Z.......|
00012040  00 b4 01 16 5a 00 00 00  01 56 24 4a 4f 01 00 33  |....Z....V$JO..3|
00012050  00 00 00 01 05 00 00 07  6a 00 bf 01 0d 53 00 00  |........j....S..|
00012060  00 02 91 48 09 53 4f 01  00 20 00 00 00 04 eb 0b  |...H.SO.. ......|
00012070  00 00 c1 01 0e 5a 00 00  00 03 91 b8 7f 00 00 09  |.....Z..........|
00012080  8b 4f 01 00 3d 00 00 00  07 6a 00 ce 01 0d 53 00  |.O..=....j....S.|
00012090  00 00 02 91 44 09 94 4f  01 00 2a 00 00 00 04 eb  |....D..O..*.....|
000120a0  0b 00 00 cf 01 0e 5a 00  00 00 03 91 bc 7f 00 00  |......Z.........|
000120b0  00 00 00 00 0a 26 00 00  00 46 05 00 00 0d 66 00  |.....&...F....f.|
000120c0  00 00 2f 00 0a 26 00 00  00 56 05 00 00 0d 66 00  |../..&...V....f.|
000120d0  00 00 17 00 0a 26 00 00  00 66 05 00 00 0d 66 00  |.....&...f....f.|
000120e0  00 00 10 00 18 83 06 00  00 d0 0c 53 02 00 00 3c  |...........S...<|
000120f0  4d 01 00 fe 00 00 00 01  9c 04 06 00 00 10 73 74  |M.............st|
00012100  6b 00 d0 21 23 01 00 00  02 91 00 19 9a 0c 00 00  |k..!#...........|
00012110  d0 2f 5a 00 00 00 02 91  04 19 e0 06 00 00 d0 42  |./Z............B|
00012120  f2 02 00 00 02 91 08 04  e2 0b 00 00 02 01 0b 5a  |...............Z|
00012130  00 00 00 02 91 6c 04 a2  0b 00 00 05 01 0b 5a 00  |.....l........Z.|
00012140  00 00 02 91 68 04 c7 0b  00 00 09 01 0b 5a 00 00  |....h........Z..|
00012150  00 02 91 64 04 f1 0b 00  00 19 01 0c 23 01 00 00  |...d........#...|
00012160  02 91 60 04 d0 0b 00 00  1c 01 0c 23 01 00 00 02  |..`........#....|
00012170  91 5c 07 63 74 78 00 4e  01 0d 53 02 00 00 02 91  |.\.ctx.N..S.....|
00012180  58 00 25 f0 09 00 00 01  b5 06 db 4c 01 00 61 00  |X.%........L..a.|
00012190  00 00 01 9c 46 06 00 00  10 73 74 6b 00 b5 1a 23  |....F....stk...#|
000121a0  01 00 00 02 91 00 1a b7  05 00 00 56 06 00 00 05  |...........V....|
000121b0  03 a4 7f 01 00 11 74 6d  70 00 c0 0a 95 02 00 00  |......tmp.......|
000121c0  02 91 6c 00 0a 2d 00 00  00 56 06 00 00 0d 66 00  |..l..-...V....f.|
000121d0  00 00 08 00 12 46 06 00  00 18 95 06 00 00 88 05  |.....F..........|
000121e0  53 00 00 00 75 4c 01 00  66 00 00 00 01 9c a9 06  |S...uL..f.......|
000121f0  00 00 10 73 74 6b 00 88  1b a9 06 00 00 02 91 00  |...stk..........|
00012200  11 6e 65 77 00 89 0c 23  01 00 00 02 91 6c 09 96  |.new...#.....l..|
00012210  4c 01 00 18 00 00 00 11  74 6d 70 00 9d 0b 95 02  |L.......tmp.....|
00012220  00 00 02 91 68 00 00 06  23 01 00 00 26 0b 07 00  |....h...#...&...|
00012230  00 01 5f 06 f9 4b 01 00  7c 00 00 00 01 9c 1a b7  |.._..K..|.......|
00012240  05 00 00 56 06 00 00 05  03 98 7f 01 00 00 00 13  |...V............|
00012250  08 00 00 05 00 01 04 74  15 00 00 15 16 04 00 00  |.......t........|
00012260  0c 50 01 00 00 3b 01 00  00 7b 50 01 00 4c 04 00  |.P...;...{P..L..|
00012270  00 6e 21 00 00 0a 01 06  98 02 00 00 16 26 00 00  |.n!..........&..|
00012280  00 07 9e 03 00 00 03 1e  20 3e 00 00 00 0a 01 08  |........ >......|
00012290  8f 02 00 00 0a 02 05 ca  02 00 00 0a 02 07 8f 01  |................|
000122a0  00 00 07 0d 03 00 00 03  21 20 5f 00 00 00 17 04  |........! _.....|
000122b0  05 69 6e 74 00 07 0c 03  00 00 03 22 20 72 00 00  |.int......." r..|
000122c0  00 0a 04 07 86 00 00 00  0a 08 05 d6 00 00 00 0a  |................|
000122d0  08 07 7c 00 00 00 0a 04  07 81 00 00 00 07 51 07  |..|...........Q.|
000122e0  00 00 03 2c 20 32 00 00  00 07 0d 06 00 00 03 2f  |..., 2........./|
000122f0  20 53 00 00 00 07 e8 05  00 00 03 32 20 32 00 00  | S.........2 2..|
00012300  00 11 3d 02 00 00 72 00  00 00 04 68 e0 00 00 00  |..=...r....h....|
00012310  04 a2 01 00 00 00 04 1f  02 00 00 01 04 e4 00 00  |................|
00012320  00 02 04 04 03 00 00 03  04 bd 03 00 00 80 00 08  |................|
00012330  26 00 00 00 11 35 03 00  00 72 00 00 00 05 30 2b  |&....5...r....0+|
00012340  01 00 00 04 00 01 00 00  00 04 4e 00 00 00 01 04  |..........N.....|
00012350  13 02 00 00 02 04 90 03  00 00 03 04 41 01 00 00  |............A...|
00012360  04 04 ca 03 00 00 05 04  ac 01 00 00 06 04 4f 02  |..............O.|
00012370  00 00 07 04 5c 02 00 00  08 00 07 62 05 00 00 05  |....\......b....|
00012380  44 11 32 00 00 00 12 0a  05 00 00 48 62 18 02 00  |D.2........Hb...|
00012390  00 02 73 73 00 63 0b 66  00 00 00 00 02 67 73 00  |..ss.c.f.....gs.|
000123a0  64 0b 66 00 00 00 04 02  66 73 00 65 0b 66 00 00  |d.f.....fs.e.f..|
000123b0  00 08 02 65 73 00 66 0b  66 00 00 00 0c 02 64 73  |...es.f.f.....ds|
000123c0  00 67 0b 66 00 00 00 10  02 65 64 69 00 68 0b 66  |.g.f.....edi.h.f|
000123d0  00 00 00 14 02 65 73 69  00 69 0b 66 00 00 00 18  |.....esi.i.f....|
000123e0  02 65 62 70 00 6a 0b 66  00 00 00 1c 02 65 73 70  |.ebp.j.f.....esp|
000123f0  00 6b 0b 66 00 00 00 20  02 65 62 78 00 6c 0b 66  |.k.f... .ebx.l.f|
00012400  00 00 00 24 02 65 64 78  00 6d 0b 66 00 00 00 28  |...$.edx.m.f...(|
00012410  02 65 63 78 00 6e 0b 66  00 00 00 2c 02 65 61 78  |.ecx.n.f...,.eax|
00012420  00 6f 0b 66 00 00 00 30  03 ad 00 00 00 05 70 0b  |.o.f...0......p.|
00012430  66 00 00 00 34 03 ef 03  00 00 05 71 0b 66 00 00  |f...4......q.f..|
00012440  00 38 02 65 69 70 00 72  0b 66 00 00 00 3c 02 63  |.8.eip.r.f...<.c|
00012450  73 00 73 0b 66 00 00 00  40 03 d6 02 00 00 05 74  |s.s.f...@......t|
00012460  0b 66 00 00 00 44 00 07  f8 04 00 00 05 75 03 37  |.f...D.......u.7|
00012470  01 00 00 12 78 05 00 00  20 88 b1 02 00 00 03 a7  |....x... .......|
00012480  05 00 00 05 8c 0d b1 02  00 00 00 03 ef 0c 00 00  |................|
00012490  05 8f 0c b6 02 00 00 04  03 2f 05 00 00 05 92 10  |........./......|
000124a0  bb 02 00 00 08 03 07 0a  00 00 05 93 0b 66 00 00  |.............f..|
000124b0  00 0c 03 c0 05 00 00 05  94 0a 53 00 00 00 10 02  |..........S.....|
000124c0  70 69 64 00 97 08 9a 00  00 00 14 03 17 09 00 00  |pid.............|
000124d0  05 9a 0a 2b 01 00 00 18  03 3b 06 00 00 05 9b 09  |...+.....;......|
000124e0  a6 00 00 00 19 03 1f 06  00 00 05 9c 0a 32 00 00  |.............2..|
000124f0  00 1a 03 d7 04 00 00 05  9f 0a c0 02 00 00 1b 00  |................|
00012500  08 18 02 00 00 08 66 00  00 00 08 24 02 00 00 0d  |......f....$....|
00012510  32 00 00 00 d0 02 00 00  0e 72 00 00 00 04 00 07  |2........r......|
00012520  7e 05 00 00 05 a1 03 24  02 00 00 18 af 05 00 00  |~......$........|
00012530  05 b0 0f e8 02 00 00 08  d0 02 00 00 0d fd 02 00  |................|
00012540  00 fd 02 00 00 0e 72 00  00 00 ff 00 08 02 03 00  |......r.........|
00012550  00 19 12 03 00 00 09 5f  00 00 00 09 5f 00 00 00  |......._...._...|
00012560  00 1a 22 0c 00 00 01 32  09 ed 02 00 00 05 03 c0  |.."....2........|
00012570  b2 01 00 1b 08 01 37 09  62 03 00 00 03 fa 0b 00  |......7.b.......|
00012580  00 01 38 0a 45 00 00 00  00 03 3f 0c 00 00 01 39  |..8.E.....?....9|
00012590  0a 45 00 00 00 02 03 d7  02 00 00 01 3a 0a 45 00  |.E..........:.E.|
000125a0  00 00 04 03 73 0c 00 00  01 3b 0a 45 00 00 00 06  |....s....;.E....|
000125b0  00 07 80 0c 00 00 01 3c  03 24 03 00 00 0c dd 02  |.......<.$......|
000125c0  00 00 06 a2 7f 03 00 00  09 72 00 00 00 00 0c 03  |.........r......|
000125d0  09 00 00 05 da 95 03 00  00 09 95 03 00 00 09 b1  |................|
000125e0  02 00 00 00 08 2d 00 00  00 0c f9 09 00 00 05 ee  |.....-..........|
000125f0  b5 03 00 00 09 95 03 00  00 09 e8 02 00 00 09 8e  |................|
00012600  00 00 00 00 0c 50 01 00  00 06 c1 c7 03 00 00 09  |.....P..........|
00012610  e0 00 00 00 1c 00 1d c3  04 00 00 01 46 01 08 fd  |............F...|
00012620  02 00 00 a2 54 01 00 25  00 00 00 01 9c 11 04 00  |....T..%........|
00012630  00 0f ad 00 00 00 46 01  19 5f 00 00 00 02 91 00  |......F.._......|
00012640  0f 6b 0c 00 00 47 01 0a  fd 02 00 00 02 91 04 1e  |.k...G..........|
00012650  06 0c 00 00 01 49 01 0a  fd 02 00 00 02 91 74 00  |.....I........t.|
00012660  1f a8 06 00 00 01 37 01  06 8f 54 01 00 13 00 00  |......7...T.....|
00012670  00 01 9c 20 fe 05 00 00  01 2b 01 06 73 54 01 00  |... .....+..sT..|
00012680  1c 00 00 00 01 9c 4b 04  00 00 0f 38 0c 00 00 2b  |......K....8...+|
00012690  01 13 e0 00 00 00 02 91  00 00 21 a0 0c 00 00 01  |..........!.....|
000126a0  03 01 0d d1 53 01 00 a2  00 00 00 01 9c 7e 04 00  |....S........~..|
000126b0  00 22 69 00 01 04 01 06  5f 00 00 00 02 91 6c 23  |."i....._.....l#|
000126c0  b2 0c 00 00 01 05 01 15  7e 04 00 00 00 0d 8e 04  |........~.......|
000126d0  00 00 8e 04 00 00 0e 72  00 00 00 ff 00 08 93 04  |.......r........|
000126e0  00 00 24 13 92 0c 00 00  f1 8e 53 01 00 43 00 00  |..$.......S..C..|
000126f0  00 01 9c d2 04 00 00 05  9a 0c 00 00 f1 20 5f 00  |............. _.|
00012700  00 00 02 91 00 05 6b 0c  00 00 f1 2f 8e 04 00 00  |......k..../....|
00012710  02 91 04 25 67 00 01 f2  0c d2 04 00 00 02 91 74  |...%g..........t|
00012720  00 08 62 03 00 00 13 a9  0c 00 00 c5 bd 52 01 00  |..b..........R..|
00012730  d1 00 00 00 01 9c 56 06  00 00 06 f7 07 00 00 ce  |......V.........|
00012740  52 01 00 14 00 00 00 c9  02 11 05 00 00 01 0b 08  |R...............|
00012750  00 00 03 91 ab 7f 01 01  08 00 00 03 91 ac 7f 00  |................|
00012760  06 f7 07 00 00 e2 52 01  00 14 00 00 00 ca 02 37  |......R........7|
00012770  05 00 00 01 0b 08 00 00  03 91 b3 7f 01 01 08 00  |................|
00012780  00 03 91 b4 7f 00 06 f7  07 00 00 f6 52 01 00 14  |............R...|
00012790  00 00 00 cf 02 5d 05 00  00 01 0b 08 00 00 03 91  |.....]..........|
000127a0  bb 7f 01 01 08 00 00 03  91 bc 7f 00 06 f7 07 00  |................|
000127b0  00 0a 53 01 00 14 00 00  00 d0 02 81 05 00 00 01  |..S.............|
000127c0  0b 08 00 00 02 91 43 01  01 08 00 00 02 91 44 00  |......C.......D.|
000127d0  06 f7 07 00 00 1e 53 01  00 14 00 00 00 d6 02 a5  |......S.........|
000127e0  05 00 00 01 0b 08 00 00  02 91 4b 01 01 08 00 00  |..........K.....|
000127f0  02 91 4c 00 06 f7 07 00  00 32 53 01 00 14 00 00  |..L......2S.....|
00012800  00 d7 02 c9 05 00 00 01  0b 08 00 00 02 91 53 01  |..............S.|
00012810  01 08 00 00 02 91 54 00  06 f7 07 00 00 46 53 01  |......T......FS.|
00012820  00 14 00 00 00 dc 02 ed  05 00 00 01 0b 08 00 00  |................|
00012830  02 91 5b 01 01 08 00 00  02 91 5c 00 06 f7 07 00  |..[.......\.....|
00012840  00 5a 53 01 00 14 00 00  00 dd 02 11 06 00 00 01  |.ZS.............|
00012850  0b 08 00 00 02 91 63 01  01 08 00 00 02 91 64 00  |......c.......d.|
00012860  06 f7 07 00 00 6e 53 01  00 14 00 00 00 e2 02 35  |.....nS........5|
00012870  06 00 00 01 0b 08 00 00  02 91 6b 01 01 08 00 00  |..........k.....|
00012880  02 91 6c 00 10 f7 07 00  00 82 53 01 00 09 00 00  |..l.......S.....|
00012890  00 e3 02 01 0b 08 00 00  02 91 73 01 01 08 00 00  |..........s.....|
000128a0  02 91 74 00 00 0b 12 0c  00 00 ac 4d 52 01 00 70  |..t........MR..p|
000128b0  00 00 00 01 9c ef 06 00  00 05 ad 00 00 00 ac 22  |..............."|
000128c0  5f 00 00 00 02 91 00 05  ef 03 00 00 ac 2e 5f 00  |_............._.|
000128d0  00 00 02 91 04 06 f7 07  00 00 87 52 01 00 14 00  |...........R....|
000128e0  00 00 b6 04 aa 06 00 00  01 0b 08 00 00 02 91 6b  |...............k|
000128f0  01 01 08 00 00 02 91 6c  00 06 f7 07 00 00 9b 52  |.......l.......R|
00012900  01 00 09 00 00 00 b9 03  ce 06 00 00 01 0b 08 00  |................|
00012910  00 02 91 63 01 01 08 00  00 02 91 64 00 10 f7 07  |...c.......d....|
00012920  00 00 b1 52 01 00 09 00  00 00 bc 03 01 0b 08 00  |...R............|
00012930  00 02 91 5b 01 01 08 00  00 02 91 5c 00 00 0b 50  |...[.......\...P|
00012940  0c 00 00 89 e0 51 01 00  6d 00 00 00 01 9c 64 07  |.....Q..m.....d.|
00012950  00 00 05 ad 00 00 00 89  22 5f 00 00 00 02 91 00  |........"_......|
00012960  05 ef 03 00 00 89 2e 5f  00 00 00 02 91 04 06 f7  |......._........|
00012970  07 00 00 1a 52 01 00 14  00 00 00 91 04 43 07 00  |....R........C..|
00012980  00 01 0b 08 00 00 02 91  6b 01 01 08 00 00 02 91  |........k.......|
00012990  6c 00 10 f7 07 00 00 2e  52 01 00 09 00 00 00 93  |l.......R.......|
000129a0  03 01 0b 08 00 00 02 91  63 01 01 08 00 00 02 91  |........c.......|
000129b0  64 00 00 0b 89 0c 00 00  67 31 51 01 00 af 00 00  |d.......g1Q.....|
000129c0  00 01 9c 95 07 00 00 05  ad 00 00 00 67 1b 5f 00  |............g._.|
000129d0  00 00 02 91 00 05 ef 03  00 00 67 27 5f 00 00 00  |..........g'_...|
000129e0  02 91 04 00 0b 2c 0c 00  00 56 ab 50 01 00 86 00  |.....,...V.P....|
000129f0  00 00 01 9c c6 07 00 00  05 ad 00 00 00 56 1e 5f  |.............V._|
00012a00  00 00 00 02 91 00 05 ef  03 00 00 56 2a 5f 00 00  |...........V*_..|
00012a10  00 02 91 04 00 0b 60 0c  00 00 4d 7b 50 01 00 30  |......`...M{P..0|
00012a20  00 00 00 01 9c f7 07 00  00 05 ad 00 00 00 4d 25  |..............M%|
00012a30  5f 00 00 00 02 91 00 05  ef 03 00 00 4d 31 5f 00  |_...........M1_.|
00012a40  00 00 02 91 04 00 26 3d  03 00 00 02 66 01 01 03  |......&=....f...|
00012a50  14 80 07 00 00 0b 5f 00  00 00 14 06 07 00 00 19  |......_.........|
00012a60  32 00 00 00 00 00 7f 0b  00 00 05 00 01 04 ea 17  |2...............|
00012a70  00 00 1f 16 04 00 00 0c  61 01 00 00 00 00 00 00  |........a.......|
00012a80  c7 54 01 00 c6 0c 00 00  6c 23 00 00 11 01 06 98  |.T......l#......|
00012a90  02 00 00 0b 26 00 00 00  09 9e 03 00 00 03 1e 20  |....&.......... |
00012aa0  3e 00 00 00 11 01 08 8f  02 00 00 11 02 05 ca 02  |>...............|
00012ab0  00 00 11 02 07 8f 01 00  00 09 0d 03 00 00 03 21  |...............!|
00012ac0  20 5f 00 00 00 20 04 05  69 6e 74 00 09 0c 03 00  | _... ..int.....|
00012ad0  00 03 22 20 72 00 00 00  11 04 07 86 00 00 00 11  |.." r...........|
00012ae0  08 05 d6 00 00 00 11 08  07 7c 00 00 00 09 f6 05  |.........|......|
00012af0  00 00 03 28 20 72 00 00  00 11 04 07 81 00 00 00  |...( r..........|
00012b00  09 0d 06 00 00 03 2f 20  53 00 00 00 09 e8 05 00  |....../ S.......|
00012b10  00 03 32 20 32 00 00 00  15 3d 02 00 00 72 00 00  |..2 2....=...r..|
00012b20  00 04 68 e0 00 00 00 02  a2 01 00 00 00 02 1f 02  |..h.............|
00012b30  00 00 01 02 e4 00 00 00  02 02 04 03 00 00 03 02  |................|
00012b40  bd 03 00 00 80 00 15 de  04 00 00 72 00 00 00 05  |...........r....|
00012b50  82 2c 01 00 00 02 9d 05  00 00 00 02 5d 06 00 00  |.,..........]...|
00012b60  01 02 30 06 00 00 02 02  cc 05 00 00 03 02 7b 06  |..0...........{.|
00012b70  00 00 04 02 56 05 00 00  05 02 36 05 00 00 06 02  |....V.....6.....|
00012b80  44 05 00 00 07 02 13 06  00 00 08 02 54 06 00 00  |D...........T...|
00012b90  09 00 0a 26 00 00 00 3d  01 00 00 21 72 00 00 00  |...&...=...!r...|
00012ba0  ff 01 00 0c fd 05 00 00  05 9d 0d 2c 01 00 00 05  |...........,....|
00012bb0  66 00 00 00 0c 67 06 00  00 06 28 11 66 00 00 00  |f....g....(.f...|
00012bc0  09 4c 06 00 00 07 22 19  66 01 00 00 05 6b 01 00  |.L....".f....k..|
00012bd0  00 22 44 06 00 00 05 75  01 00 00 23 15 35 03 00  |."D....u...#.5..|
00012be0  00 72 00 00 00 08 30 bc  01 00 00 02 00 01 00 00  |.r....0.........|
00012bf0  00 02 4e 00 00 00 01 02  13 02 00 00 02 02 90 03  |..N.............|
00012c00  00 00 03 02 41 01 00 00  04 02 ca 03 00 00 05 02  |....A...........|
00012c10  ac 01 00 00 06 02 4f 02  00 00 07 02 5c 02 00 00  |......O.....\...|
00012c20  08 00 09 62 05 00 00 08  44 11 32 00 00 00 17 0a  |...b....D.2.....|
00012c30  05 00 00 48 62 a6 02 00  00 03 73 73 00 63 0b 66  |...Hb.....ss.c.f|
00012c40  00 00 00 00 03 67 73 00  64 0b 66 00 00 00 04 03  |.....gs.d.f.....|
00012c50  66 73 00 65 0b 66 00 00  00 08 03 65 73 00 66 0b  |fs.e.f.....es.f.|
00012c60  66 00 00 00 0c 03 64 73  00 67 0b 66 00 00 00 10  |f.....ds.g.f....|
00012c70  03 65 64 69 00 68 0b 66  00 00 00 14 03 65 73 69  |.edi.h.f.....esi|
00012c80  00 69 0b 66 00 00 00 18  03 65 62 70 00 6a 0b 66  |.i.f.....ebp.j.f|
00012c90  00 00 00 1c 03 65 73 70  00 6b 0b 66 00 00 00 20  |.....esp.k.f... |
00012ca0  03 65 62 78 00 6c 0b 66  00 00 00 24 03 65 64 78  |.ebx.l.f...$.edx|
00012cb0  00 6d 0b 66 00 00 00 28  03 65 63 78 00 6e 0b 66  |.m.f...(.ecx.n.f|
00012cc0  00 00 00 2c 03 65 61 78  00 6f 0b 66 00 00 00 30  |...,.eax.o.f...0|
00012cd0  07 ad 00 00 00 70 0b 66  00 00 00 34 07 ef 03 00  |.....p.f...4....|
00012ce0  00 71 0b 66 00 00 00 38  03 65 69 70 00 72 0b 66  |.q.f...8.eip.r.f|
00012cf0  00 00 00 3c 03 63 73 00  73 0b 66 00 00 00 40 07  |...<.cs.s.f...@.|
00012d00  d6 02 00 00 74 0b 66 00  00 00 44 00 09 f8 04 00  |....t.f...D.....|
00012d10  00 08 75 03 c8 01 00 00  17 78 05 00 00 20 88 36  |..u......x... .6|
00012d20  03 00 00 07 a7 05 00 00  8c 0d 36 03 00 00 00 07  |..........6.....|
00012d30  ef 0c 00 00 8f 0c 49 01  00 00 04 07 2f 05 00 00  |......I...../...|
00012d40  92 10 3b 03 00 00 08 07  07 0a 00 00 93 0b 66 00  |..;...........f.|
00012d50  00 00 0c 07 c0 05 00 00  94 0a 53 00 00 00 10 03  |..........S.....|
00012d60  70 69 64 00 97 08 9a 00  00 00 14 07 17 09 00 00  |pid.............|
00012d70  9a 0a bc 01 00 00 18 07  3b 06 00 00 9b 09 a6 00  |........;.......|
00012d80  00 00 19 07 1f 06 00 00  9c 0a 32 00 00 00 1a 07  |..........2.....|
00012d90  d7 04 00 00 9f 0a 40 03  00 00 1b 00 05 a6 02 00  |......@.........|
00012da0  00 05 b2 02 00 00 0a 32  00 00 00 50 03 00 00 0d  |.......2...P....|
00012db0  72 00 00 00 04 00 09 7e  05 00 00 08 a1 03 b2 02  |r......~........|
00012dc0  00 00 0c d8 05 00 00 08  aa 10 5a 01 00 00 0c 28  |..........Z....(|
00012dd0  05 00 00 08 ab 10 5a 01  00 00 0c 4e 05 00 00 08  |......Z....N....|
00012de0  ad 10 5a 01 00 00 0c af  05 00 00 08 b0 0f 8c 03  |..Z.............|
00012df0  00 00 05 50 03 00 00 0a  50 03 00 00 a1 03 00 00  |...P....P.......|
00012e00  0d 72 00 00 00 18 00 0c  7b 09 00 00 08 b3 0e 91  |.r......{.......|
00012e10  03 00 00 0c db 09 00 00  08 b6 0e 9a 00 00 00 0c  |................|
00012e20  fc 06 00 00 08 b9 0f 8c  03 00 00 0a df 03 00 00  |................|
00012e30  d5 03 00 00 0d 72 00 00  00 09 00 0b c5 03 00 00  |.....r..........|
00012e40  05 e4 03 00 00 0b da 03  00 00 18 ef 03 00 00 01  |................|
00012e50  8c 03 00 00 00 04 46 0d  00 00 1d 03 16 d5 03 00  |......F.........|
00012e60  00 05 03 80 82 01 00 18  11 04 00 00 01 5f 00 00  |............._..|
00012e70  00 01 5f 00 00 00 00 12  c3 04 00 00 09 4d 08 2c  |.._..........M.,|
00012e80  04 00 00 2c 04 00 00 01  5f 00 00 00 01 2c 04 00  |...,...._....,..|
00012e90  00 00 05 01 04 00 00 13  8e 09 00 00 08 36 01 08  |.............6..|
00012ea0  8c 03 00 00 48 04 00 00  01 9a 00 00 00 00 0e dd  |....H...........|
00012eb0  02 00 00 0a a2 59 04 00  00 01 72 00 00 00 00 0e  |.....Y....r.....|
00012ec0  d3 01 00 00 0a ac 6a 04  00 00 01 6a 04 00 00 00  |......j....j....|
00012ed0  05 2d 00 00 00 0e 50 01  00 00 0a c1 81 04 00 00  |.-....P.........|
00012ee0  01 81 04 00 00 19 00 05  26 00 00 00 12 81 03 00  |........&.......|
00012ef0  00 0b 96 05 5f 00 00 00  a1 04 00 00 01 6a 04 00  |...._........j..|
00012f00  00 01 5f 00 00 00 00 0e  f6 01 00 00 0a b6 b7 04  |.._.............|
00012f10  00 00 01 6a 04 00 00 01  5f 00 00 00 00 12 70 09  |...j...._.....p.|
00012f20  00 00 07 7a 05 5f 00 00  00 d2 04 00 00 01 5a 01  |...z._........Z.|
00012f30  00 00 01 d2 04 00 00 00  24 04 12 57 0b 00 00 0b  |........$..W....|
00012f40  7d 05 5f 00 00 00 ef 04  00 00 01 81 04 00 00 01  |}._.............|
00012f50  5f 00 00 00 00 13 5b 01  00 00 0a 35 01 05 5f 00  |_.....[....5.._.|
00012f60  00 00 0b 05 00 00 01 81  04 00 00 01 72 00 00 00  |............r...|
00012f70  00 25 9d 00 00 00 0a 40  01 05 5f 00 00 00 0e f0  |.%.....@.._.....|
00012f80  09 00 00 0c 54 29 05 00  00 01 49 01 00 00 00 12  |....T)....I.....|
00012f90  83 06 00 00 0c 61 0c 36  03 00 00 49 05 00 00 01  |.....a.6...I....|
00012fa0  49 01 00 00 01 66 00 00  00 01 6a 04 00 00 00 0e  |I....f....j.....|
00012fb0  54 0d 00 00 0d 45 64 05  00 00 01 d2 04 00 00 01  |T....Ed.........|
00012fc0  70 01 00 00 01 66 00 00  00 00 0e d4 08 00 00 0d  |p....f..........|
00012fd0  5a 7a 05 00 00 01 d2 04  00 00 01 66 00 00 00 00  |Zz.........f....|
00012fe0  14 d2 09 00 00 29 01 8b  05 00 00 01 8c 03 00 00  |.....)..........|
00012ff0  00 12 95 06 00 00 0c 4b  05 5f 00 00 00 a1 05 00  |.......K._......|
00013000  00 01 a1 05 00 00 00 05  49 01 00 00 13 58 07 00  |........I....X..|
00013010  00 08 1e 01 05 5f 00 00  00 bd 05 00 00 01 bd 05  |....._..........|
00013020  00 00 00 05 8c 03 00 00  26 94 05 00 00 08 6e 01  |........&.....n.|
00013030  06 14 82 09 00 00 51 01  dc 05 00 00 01 8c 03 00  |......Q.........|
00013040  00 00 14 e4 09 00 00 5a  01 ed 05 00 00 01 8c 03  |.......Z........|
00013050  00 00 00 14 1f 05 00 00  67 01 fe 05 00 00 01 8c  |........g.......|
00013060  03 00 00 00 12 3f 0a 00  00 07 a8 05 5f 00 00 00  |.....?......_...|
00013070  19 06 00 00 01 5a 01 00  00 01 d2 04 00 00 00 13  |.....Z..........|
00013080  a5 09 00 00 08 43 01 08  8c 03 00 00 30 06 00 00  |.....C......0...|
00013090  01 8c 03 00 00 00 0e e1  05 00 00 0e 4c 41 06 00  |............LA..|
000130a0  00 01 6a 04 00 00 00 0e  48 02 00 00 0d f2 58 06  |..j.....H.....X.|
000130b0  00 00 01 81 04 00 00 01  81 04 00 00 19 00 27 ee  |..............'.|
000130c0  06 00 00 01 63 03 06 5f  61 01 00 2e 00 00 00 01  |....c.._a.......|
000130d0  9c 28 1d 0d 00 00 01 32  03 0d 57 60 01 00 08 01  |.(.....2..W`....|
000130e0  00 00 01 9c ce 06 00 00  1a ad 00 00 00 1a 5f 00  |.............._.|
000130f0  00 00 02 91 00 1a ef 03  00 00 26 5f 00 00 00 02  |..........&_....|
00013100  91 04 08 b7 05 00 00 de  06 00 00 05 03 84 83 01  |................|
00013110  00 29 63 0b 00 00 53 61  01 00 09 00 00 00 01 54  |.)c...Sa.......T|
00013120  03 02 1b 77 0b 00 00 02  91 6b 1b 6d 0b 00 00 02  |...w.....k.m....|
00013130  91 6c 00 00 0a 2d 00 00  00 de 06 00 00 0d 72 00  |.l...-........r.|
00013140  00 00 07 00 0b ce 06 00  00 0f 25 0d 00 00 f1 02  |..........%.....|
00013150  9c 5f 01 00 bb 00 00 00  01 9c 32 07 00 00 10 70  |._........2....p|
00013160  63 62 00 f1 02 8c 03 00  00 02 91 00 08 b7 05 00  |cb..............|
00013170  00 42 07 00 00 05 03 78  83 01 00 06 70 69 64 00  |.B.....x....pid.|
00013180  f9 02 08 9a 00 00 00 02  91 6c 06 70 00 03 03 09  |.........l.p....|
00013190  8c 03 00 00 02 91 68 00  0a 2d 00 00 00 42 07 00  |......h..-...B..|
000131a0  00 0d 72 00 00 00 0b 00  0b 32 07 00 00 0f 31 0d  |..r......2....1.|
000131b0  00 00 db 02 46 5f 01 00  56 00 00 00 01 9c 7a 07  |....F_..V.....z.|
000131c0  00 00 10 70 63 62 00 db  02 8c 03 00 00 02 91 00  |...pcb..........|
000131d0  08 b7 05 00 00 42 07 00  00 05 03 6c 83 01 00 00  |.....B.....l....|
000131e0  0f c7 0c 00 00 c8 02 f0  5e 01 00 56 00 00 00 01  |........^..V....|
000131f0  9c ad 07 00 00 10 70 63  62 00 c8 02 8c 03 00 00  |......pcb.......|
00013200  02 91 00 08 b7 05 00 00  bd 07 00 00 05 03 60 83  |..............`.|
00013210  01 00 00 0a 2d 00 00 00  bd 07 00 00 0d 72 00 00  |....-........r..|
00013220  00 0a 00 0b ad 07 00 00  0f d9 0c 00 00 9e 02 12  |................|
00013230  5e 01 00 de 00 00 00 01  9c 02 08 00 00 10 70 63  |^.............pc|
00013240  62 00 9e 02 8c 03 00 00  02 91 00 08 b7 05 00 00  |b...............|
00013250  12 08 00 00 05 03 54 83  01 00 06 6e 00 a6 02 0b  |......T....n....|
00013260  66 00 00 00 02 91 6c 00  0a 2d 00 00 00 12 08 00  |f.....l..-......|
00013270  00 0d 72 00 00 00 09 00  0b 02 08 00 00 0f 0a 0d  |..r.............|
00013280  00 00 61 02 5b 5d 01 00  b7 00 00 00 01 9c 86 08  |..a.[]..........|
00013290  00 00 10 70 63 62 00 61  02 8c 03 00 00 02 91 00  |...pcb.a........|
000132a0  08 b7 05 00 00 12 08 00  00 05 03 48 83 01 00 04  |...........H....|
000132b0  4f 0d 00 00 69 02 09 87  00 00 00 02 91 68 04 18  |O...i........h..|
000132c0  05 00 00 6a 02 09 87 00  00 00 02 91 64 06 62 75  |...j........d.bu|
000132d0  66 00 74 02 08 81 04 00  00 02 91 60 04 8b 03 00  |f.t........`....|
000132e0  00 7a 02 06 5f 00 00 00  02 91 6c 00 0f 14 0d 00  |.z.._.....l.....|
000132f0  00 0e 02 f1 5b 01 00 6a  01 00 00 01 9c f3 08 00  |....[..j........|
00013300  00 10 70 63 62 00 0e 02  8c 03 00 00 02 91 00 08  |..pcb...........|
00013310  b7 05 00 00 03 09 00 00  05 03 3c 83 01 00 04 4f  |..........<....O|
00013320  0d 00 00 16 02 0b 66 00  00 00 02 91 6c 06 6c 65  |......f.....l.le|
00013330  6e 00 17 02 0b 66 00 00  00 02 91 68 06 62 75 66  |n....f.....h.buf|
00013340  00 21 02 08 81 04 00 00  02 91 64 06 6e 00 2b 02  |.!........d.n.+.|
00013350  06 5f 00 00 00 02 91 60  00 0a 2d 00 00 00 03 09  |._.....`..-.....|
00013360  00 00 0d 72 00 00 00 08  00 0b f3 08 00 00 0f 72  |...r...........r|
00013370  0d 00 00 d6 01 f9 5a 01  00 f8 00 00 00 01 9c 86  |......Z.........|
00013380  09 00 00 10 70 63 62 00  d6 01 8c 03 00 00 02 91  |....pcb.........|
00013390  00 08 b7 05 00 00 03 09  00 00 05 03 30 83 01 00  |............0...|
000133a0  04 04 0d 00 00 df 01 0b  66 00 00 00 02 91 6c 04  |........f.....l.|
000133b0  e0 06 00 00 e0 01 0e 6a  04 00 00 02 91 68 04 ec  |.......j.....h..|
000133c0  0c 00 00 e6 01 0c 49 01  00 00 02 91 64 06 73 74  |......I.....d.st|
000133d0  6b 00 e7 01 0c 49 01 00  00 02 91 5c 04 c0 05 00  |k....I.....\....|
000133e0  00 e8 01 06 5f 00 00 00  02 91 60 00 0f 69 0d 00  |...._.....`..i..|
000133f0  00 64 01 fb 58 01 00 fe  01 00 00 01 9c 12 0a 00  |.d..X...........|
00013400  00 10 70 63 62 00 64 01  8c 03 00 00 02 91 00 08  |..pcb.d.........|
00013410  b7 05 00 00 03 09 00 00  05 03 24 83 01 00 06 6e  |..........$....n|
00013420  65 77 00 6c 01 09 8c 03  00 00 02 91 5c 04 c0 05  |ew.l........\...|
00013430  00 00 6d 01 06 5f 00 00  00 02 91 64 06 73 74 6b  |..m.._.....d.stk|
00013440  00 75 01 0c 49 01 00 00  02 91 58 04 93 07 00 00  |.u..I.....X.....|
00013450  a0 01 0d 53 00 00 00 02  91 60 06 62 70 00 af 01  |...S.....`.bp...|
00013460  0f 49 01 00 00 02 91 6c  04 d2 0c 00 00 b0 01 0c  |.I.....l........|
00013470  49 01 00 00 02 91 68 00  0f 3d 0d 00 00 00 01 09  |I.....h..=......|
00013480  58 01 00 f2 00 00 00 01  9c 93 0a 00 00 10 70 63  |X.............pc|
00013490  62 00 00 01 8c 03 00 00  02 91 00 08 b7 05 00 00  |b...............|
000134a0  03 09 00 00 05 03 18 83  01 00 04 f5 0c 00 00 0a  |................|
000134b0  01 06 5f 00 00 00 02 91  6c 04 c1 0c 00 00 0b 01  |.._.....l.......|
000134c0  09 8c 03 00 00 02 91 68  1c 5c 58 01 00 56 00 00  |.......h.\X..V..|
000134d0  00 06 69 00 24 01 0b 5f  00 00 00 02 91 64 1c 65  |..i.$.._.....d.e|
000134e0  58 01 00 43 00 00 00 06  74 6d 70 00 27 01 0a 8c  |X..C....tmp.'...|
000134f0  03 00 00 02 91 60 00 00  00 2a e3 0c 00 00 01 87  |.....`...*......|
00013500  01 74 55 01 00 95 02 00  00 01 9c f8 0a 00 00 2b  |.tU............+|
00013510  70 63 62 00 01 87 01 8c  03 00 00 02 91 00 08 b7  |pcb.............|
00013520  05 00 00 03 09 00 00 05  03 0c 83 01 00 16 2f 05  |............../.|
00013530  00 00 8f 09 8c 03 00 00  02 91 68 16 fb 0c 00 00  |..........h.....|
00013540  9b 09 8c 03 00 00 02 91  6c 2c 3a 00 00 00 16 62  |........l,:....b|
00013550  0b 00 00 9d 0a 8c 03 00  00 02 91 64 00 00 2d 5b  |...........d..-[|
00013560  0d 00 00 01 56 0d c7 54  01 00 ad 00 00 00 01 9c  |....V..T........|
00013570  49 0b 00 00 1d 2f 05 00  00 56 23 8c 03 00 00 02  |I..../...V#.....|
00013580  91 00 1d c1 0c 00 00 56  32 8c 03 00 00 02 91 04  |.......V2.......|
00013590  08 b7 05 00 00 59 0b 00  00 05 03 fc 82 01 00 2e  |.....Y..........|
000135a0  70 74 72 00 01 60 0b 5e  0b 00 00 02 91 6c 00 0a  |ptr..`.^.....l..|
000135b0  2d 00 00 00 59 0b 00 00  0d 72 00 00 00 0d 00 0b  |-...Y....r......|
000135c0  49 0b 00 00 05 53 00 00  00 2f 3d 03 00 00 02 66  |I....S.../=....f|
000135d0  01 01 03 1e 80 07 00 00  0b 5f 00 00 00 1e 06 07  |........._......|
000135e0  00 00 19 32 00 00 00 00  00 b8 04 00 00 05 00 01  |...2............|
000135f0  04 d5 1a 00 00 12 16 04  00 00 0c 73 01 00 00 00  |...........s....|
00013600  00 00 00 8d 61 01 00 8a  02 00 00 79 28 00 00 05  |....a......y(...|
00013610  01 06 98 02 00 00 13 26  00 00 00 04 9e 03 00 00  |.......&........|
00013620  03 1e 20 3e 00 00 00 05  01 08 8f 02 00 00 05 02  |.. >............|
00013630  05 ca 02 00 00 05 02 07  8f 01 00 00 04 0d 03 00  |................|
00013640  00 03 21 20 5f 00 00 00  14 04 05 69 6e 74 00 04  |..! _......int..|
00013650  0c 03 00 00 03 22 20 72  00 00 00 05 04 07 86 00  |....." r........|
00013660  00 00 05 08 05 d6 00 00  00 05 08 07 7c 00 00 00  |............|...|
00013670  04 f6 05 00 00 03 28 20  72 00 00 00 05 04 07 81  |......( r.......|
00013680  00 00 00 04 51 07 00 00  03 2c 20 32 00 00 00 04  |....Q...., 2....|
00013690  0d 06 00 00 03 2f 20 53  00 00 00 04 e8 05 00 00  |...../ S........|
000136a0  03 32 20 32 00 00 00 15  3d 02 00 00 07 04 72 00  |.2 2....=.....r.|
000136b0  00 00 07 68 06 ef 00 00  00 09 a2 01 00 00 00 09  |...h............|
000136c0  1f 02 00 00 01 09 e4 00  00 00 02 09 04 03 00 00  |................|
000136d0  03 09 bd 03 00 00 80 00  06 66 00 00 00 04 4c 06  |.........f....L.|
000136e0  00 00 04 22 19 00 01 00  00 06 05 01 00 00 16 44  |..."...........D|
000136f0  06 00 00 04 62 05 00 00  05 44 11 32 00 00 00 0e  |....b....D.2....|
00013700  0a 05 00 00 48 62 f4 01  00 00 01 73 73 00 63 0b  |....Hb.....ss.c.|
00013710  66 00 00 00 00 01 67 73  00 64 0b 66 00 00 00 04  |f.....gs.d.f....|
00013720  01 66 73 00 65 0b 66 00  00 00 08 01 65 73 00 66  |.fs.e.f.....es.f|
00013730  0b 66 00 00 00 0c 01 64  73 00 67 0b 66 00 00 00  |.f.....ds.g.f...|
00013740  10 01 65 64 69 00 68 0b  66 00 00 00 14 01 65 73  |..edi.h.f.....es|
00013750  69 00 69 0b 66 00 00 00  18 01 65 62 70 00 6a 0b  |i.i.f.....ebp.j.|
00013760  66 00 00 00 1c 01 65 73  70 00 6b 0b 66 00 00 00  |f.....esp.k.f...|
00013770  20 01 65 62 78 00 6c 0b  66 00 00 00 24 01 65 64  | .ebx.l.f...$.ed|
00013780  78 00 6d 0b 66 00 00 00  28 01 65 63 78 00 6e 0b  |x.m.f...(.ecx.n.|
00013790  66 00 00 00 2c 01 65 61  78 00 6f 0b 66 00 00 00  |f...,.eax.o.f...|
000137a0  30 02 ad 00 00 00 70 0b  66 00 00 00 34 02 ef 03  |0.....p.f...4...|
000137b0  00 00 71 0b 66 00 00 00  38 01 65 69 70 00 72 0b  |..q.f...8.eip.r.|
000137c0  66 00 00 00 3c 01 63 73  00 73 0b 66 00 00 00 40  |f...<.cs.s.f...@|
000137d0  02 d6 02 00 00 74 0b 66  00 00 00 44 00 04 f8 04  |.....t.f...D....|
000137e0  00 00 05 75 03 16 01 00  00 0e 78 05 00 00 20 88  |...u......x... .|
000137f0  84 02 00 00 02 a7 05 00  00 8c 0d 84 02 00 00 00  |................|
00013800  02 ef 0c 00 00 8f 0c ef  00 00 00 04 02 2f 05 00  |............./..|
00013810  00 92 10 89 02 00 00 08  02 07 0a 00 00 93 0b 66  |...............f|
00013820  00 00 00 0c 02 c0 05 00  00 94 0a 53 00 00 00 10  |...........S....|
00013830  01 70 69 64 00 97 08 a6  00 00 00 14 02 17 09 00  |.pid............|
00013840  00 9a 0a 0a 01 00 00 18  02 3b 06 00 00 9b 09 b2  |.........;......|
00013850  00 00 00 19 02 1f 06 00  00 9c 0a 32 00 00 00 1a  |...........2....|
00013860  02 d7 04 00 00 9f 0a 8e  02 00 00 1b 00 06 f4 01  |................|
00013870  00 00 06 00 02 00 00 0f  32 00 00 00 9e 02 00 00  |........2.......|
00013880  10 72 00 00 00 04 00 04  7e 05 00 00 05 a1 03 00  |.r......~.......|
00013890  02 00 00 0f f4 00 00 00  ba 02 00 00 10 72 00 00  |.............r..|
000138a0  00 02 00 08 d0 00 00 00  a9 10 aa 02 00 00 08 d8  |................|
000138b0  05 00 00 aa 10 f4 00 00  00 08 28 05 00 00 ab 10  |..........(.....|
000138c0  f4 00 00 00 08 cf 04 00  00 ac 10 f4 00 00 00 08  |................|
000138d0  4e 05 00 00 ad 10 f4 00  00 00 08 af 05 00 00 b0  |N...............|
000138e0  0f fc 02 00 00 06 9e 02  00 00 07 25 09 00 00 05  |...........%....|
000138f0  e3 12 03 00 00 03 12 03  00 00 00 06 2d 00 00 00  |............-...|
00013900  07 32 09 00 00 05 f8 2d  03 00 00 03 12 03 00 00  |.2.....-........|
00013910  03 9a 00 00 00 00 07 26  0a 00 00 04 40 43 03 00  |.......&....@C..|
00013920  00 03 12 03 00 00 03 f4  00 00 00 00 17 e6 04 00  |................|
00013930  00 05 04 01 0a 66 00 00  00 5a 03 00 00 03 5a 03  |.....f...Z....Z.|
00013940  00 00 00 06 87 00 00 00  07 f9 09 00 00 05 ee 7a  |...............z|
00013950  03 00 00 03 12 03 00 00  03 fc 02 00 00 03 9a 00  |................|
00013960  00 00 00 07 d3 01 00 00  06 ac 8b 03 00 00 03 12  |................|
00013970  03 00 00 00 07 50 01 00  00 06 c1 9d 03 00 00 03  |.....P..........|
00013980  9d 03 00 00 18 00 06 26  00 00 00 07 dd 02 00 00  |.......&........|
00013990  06 a2 b3 03 00 00 03 72  00 00 00 00 0b e1 05 00  |.......r........|
000139a0  00 6a c1 62 01 00 56 01  00 00 01 9c d6 03 00 00  |.j.b..V.........|
000139b0  0c 6d 73 67 00 6a 1a 12  03 00 00 02 91 00 00 19  |.msg.j..........|
000139c0  45 09 00 00 02 58 06 95  62 01 00 2c 00 00 00 01  |E....X..b..,....|
000139d0  9c 12 04 00 00 11 18 05  00 00 58 11 5f 00 00 00  |..........X._...|
000139e0  02 91 00 0d 9d 62 01 00  16 00 00 00 0a 69 00 02  |.....b.......i..|
000139f0  5b 0c 5f 00 00 00 02 91  74 00 00 0b 7b 0d 00 00  |[._.....t...{...|
00013a00  2b d7 61 01 00 be 00 00  00 01 9c 73 04 00 00 0c  |+.a........s....|
00013a10  65 62 70 00 2b 1b ef 00  00 00 02 91 00 11 e0 06  |ebp.+...........|
00013a20  00 00 2b 27 87 00 00 00  02 91 04 0d 17 62 01 00  |..+'.........b..|
00013a30  76 00 00 00 0a 72 65 74  00 02 38 0c 66 00 00 00  |v....ret..8.f...|
00013a40  02 91 68 0d 37 62 01 00  41 00 00 00 0a 69 00 02  |..h.7b..A....i..|
00013a50  3c 0f 87 00 00 00 02 91  6c 00 00 00 0b c1 09 00  |<.......l.......|
00013a60  00 1a 9d 61 01 00 3a 00  00 00 01 9c 95 04 00 00  |...a..:.........|
00013a70  0c 63 68 00 1a 1c 5f 00  00 00 02 91 00 00 1a 85  |.ch..._.........|
00013a80  0d 00 00 01 af 01 66 00  00 00 8d 61 01 00 10 00  |......f....a....|
00013a90  00 00 01 9c 0a 76 61 6c  00 01 b1 0b 66 00 00 00  |.....val....f...|
00013aa0  02 91 74 00 00 f8 00 00  00 05 00 01 04 6b 1c 00  |..t..........k..|
00013ab0  00 06 16 04 00 00 0c 85  01 00 00 3b 01 00 00 17  |...........;....|
00013ac0  64 01 00 9a 00 00 00 bc  29 00 00 01 01 06 98 02  |d.......).......|
00013ad0  00 00 01 01 08 8f 02 00  00 01 02 05 ca 02 00 00  |................|
00013ae0  01 02 07 8f 01 00 00 07  04 05 69 6e 74 00 08 0c  |..........int...|
00013af0  03 00 00 02 22 20 5a 00  00 00 09 49 00 00 00 01  |...." Z....I....|
00013b00  04 07 86 00 00 00 01 08  05 d6 00 00 00 01 08 07  |................|
00013b10  7c 00 00 00 01 04 07 81  00 00 00 0a b3 0b 00 00  ||...............|
00013b20  03 73 06 92 00 00 00 02  92 00 00 00 02 94 00 00  |.s..............|
00013b30  00 02 49 00 00 00 00 0b  04 03 99 00 00 00 0c 0d  |..I.............|
00013b40  54 0d 00 00 01 1a 06 17  64 01 00 9a 00 00 00 01  |T.......d.......|
00013b50  9c f1 00 00 00 04 64 73  74 00 14 92 00 00 00 02  |......dst.......|
00013b60  91 00 04 73 72 63 00 25  94 00 00 00 02 91 04 04  |...src.%........|
00013b70  6c 65 6e 00 3c 49 00 00  00 01 50 05 8b 0d 00 00  |len.<I....P.....|
00013b80  27 15 f1 00 00 00 01 53  05 90 0d 00 00 28 1b f6  |'......S.....(..|
00013b90  00 00 00 01 56 00 03 49  00 00 00 03 55 00 00 00  |....V..I....U...|
00013ba0  00 ae 00 00 00 05 00 01  04 1d 1d 00 00 03 16 04  |................|
00013bb0  00 00 0c 92 01 00 00 3b  01 00 00 b1 64 01 00 24  |.......;....d..$|
00013bc0  00 00 00 86 2a 00 00 01  01 06 98 02 00 00 01 01  |....*...........|
00013bd0  08 8f 02 00 00 01 02 05  ca 02 00 00 01 02 07 8f  |................|
00013be0  01 00 00 04 04 05 69 6e  74 00 05 0c 03 00 00 02  |......int.......|
00013bf0  22 20 55 00 00 00 01 04  07 86 00 00 00 01 08 05  |" U.............|
00013c00  d6 00 00 00 01 08 07 7c  00 00 00 01 04 07 81 00  |.......|........|
00013c10  00 00 06 72 01 00 00 01  1b 0a 49 00 00 00 b1 64  |...r......I....d|
00013c20  01 00 24 00 00 00 01 9c  02 6d 69 6e 00 1a 49 00  |..$......min..I.|
00013c30  00 00 02 91 00 07 eb 0b  00 00 01 1b 28 49 00 00  |............(I..|
00013c40  00 02 91 04 02 6d 61 78  00 38 49 00 00 00 02 91  |.....max.8I.....|
00013c50  08 00 00 d3 00 00 00 05  00 01 04 95 1d 00 00 03  |................|
00013c60  16 04 00 00 0c 9e 01 00  00 3b 01 00 00 d5 64 01  |.........;....d.|
00013c70  00 43 00 00 00 ea 2a 00  00 01 01 06 98 02 00 00  |.C....*.........|
00013c80  01 01 08 8f 02 00 00 01  02 05 ca 02 00 00 01 02  |................|
00013c90  07 8f 01 00 00 04 0d 03  00 00 02 21 20 4e 00 00  |...........! N..|
00013ca0  00 05 04 05 69 6e 74 00  01 04 07 86 00 00 00 01  |....int.........|
00013cb0  08 05 d6 00 00 00 01 08  07 7c 00 00 00 01 04 07  |.........|......|
00013cc0  81 00 00 00 06 04 26 00  00 00 07 97 0d 00 00 03  |......&.........|
00013cd0  23 01 07 71 00 00 00 93  00 00 00 02 71 00 00 00  |#..q........q...|
00013ce0  02 4e 00 00 00 00 08 64  01 00 00 01 1d 05 4e 00  |.N.....d......N.|
00013cf0  00 00 d5 64 01 00 43 00  00 00 01 9c 09 62 75 66  |...d..C......buf|
00013d00  00 01 1d 13 71 00 00 00  02 91 00 0a eb 0b 00 00  |....q...........|
00013d10  01 1d 20 42 00 00 00 02  91 04 0b 62 70 00 01 1e  |.. B.......bp...|
00013d20  08 71 00 00 00 02 91 6c  00 00 ac 00 00 00 05 00  |.q.....l........|
00013d30  01 04 43 1e 00 00 02 16  04 00 00 0c ab 01 00 00  |..C.............|
00013d40  3b 01 00 00 18 65 01 00  91 00 00 00 5b 2b 00 00  |;....e......[+..|
00013d50  01 01 06 98 02 00 00 01  01 08 8f 02 00 00 01 02  |................|
00013d60  05 ca 02 00 00 01 02 07  8f 01 00 00 03 04 05 69  |...............i|
00013d70  6e 74 00 01 04 07 86 00  00 00 01 08 05 d6 00 00  |nt..............|
00013d80  00 01 08 07 7c 00 00 00  01 04 07 81 00 00 00 04  |....|...........|
00013d90  04 26 00 00 00 05 97 0d  00 00 01 1d 07 65 00 00  |.&...........e..|
00013da0  00 18 65 01 00 91 00 00  00 01 9c 06 62 75 66 00  |..e.........buf.|
00013db0  01 1d 16 65 00 00 00 02  91 00 07 eb 0b 00 00 01  |...e............|
00013dc0  1d 1f 42 00 00 00 02 91  04 08 9f 0d 00 00 01 1e  |..B.............|
00013dd0  06 42 00 00 00 02 91 6c  00 00 2e 01 00 00 05 00  |.B.....l........|
00013de0  01 04 c4 1e 00 00 06 16  04 00 00 0c b9 01 00 00  |................|
00013df0  3b 01 00 00 a9 65 01 00  6b 00 00 00 cf 2b 00 00  |;....e..k....+..|
00013e00  01 01 06 98 02 00 00 02  26 00 00 00 01 01 08 8f  |........&.......|
00013e10  02 00 00 01 02 05 ca 02  00 00 01 02 07 8f 01 00  |................|
00013e20  00 07 04 05 69 6e 74 00  08 0c 03 00 00 02 22 20  |....int......." |
00013e30  5a 00 00 00 01 04 07 86  00 00 00 01 08 05 d6 00  |Z...............|
00013e40  00 00 01 08 07 7c 00 00  00 01 04 07 81 00 00 00  |.....|..........|
00013e50  09 04 26 00 00 00 03 2d  00 00 00 87 00 00 00 0a  |..&....-........|
00013e60  00 02 7c 00 00 00 0b 98  0b 00 00 03 30 13 87 00  |..|.........0...|
00013e70  00 00 03 2d 00 00 00 a8  00 00 00 0c 5a 00 00 00  |...-........Z...|
00013e80  10 00 02 98 00 00 00 0d  8c 00 00 00 01 11 0c a8  |................|
00013e90  00 00 00 05 03 5c 84 01  00 0e bb 02 00 00 01 21  |.....\.........!|
00013ea0  05 47 00 00 00 a9 65 01  00 6b 00 00 00 01 9c 0f  |.G....e..k......|
00013eb0  62 75 66 00 01 21 13 76  00 00 00 02 91 00 10 eb  |buf..!.v........|
00013ec0  0b 00 00 01 21 21 4e 00  00 00 02 91 04 11 a8 0d  |....!!N.........|
00013ed0  00 00 01 22 06 47 00 00  00 02 91 74 04 b6 65 01  |...".G.....t..e.|
00013ee0  00 53 00 00 00 05 69 00  24 0b 47 00 00 00 02 91  |.S....i.$.G.....|
00013ef0  70 04 bf 65 01 00 40 00  00 00 05 76 61 6c 00 25  |p..e..@....val.%|
00013f00  0c 4e 00 00 00 02 91 6c  00 00 00 00 df 00 00 00  |.N.....l........|
00013f10  05 00 01 04 b1 1f 00 00  03 16 04 00 00 0c c6 01  |................|
00013f20  00 00 3b 01 00 00 14 66  01 00 86 00 00 00 74 2c  |..;....f......t,|
00013f30  00 00 01 01 06 98 02 00  00 01 01 08 8f 02 00 00  |................|
00013f40  01 02 05 ca 02 00 00 01  02 07 8f 01 00 00 04 04  |................|
00013f50  05 69 6e 74 00 05 0c 03  00 00 02 22 20 55 00 00  |.int......." U..|
00013f60  00 01 04 07 86 00 00 00  01 08 05 d6 00 00 00 01  |................|
00013f70  08 07 7c 00 00 00 01 04  07 81 00 00 00 06 04 26  |..|............&|
00013f80  00 00 00 07 c5 00 00 00  01 1e 05 42 00 00 00 14  |...........B....|
00013f90  66 01 00 86 00 00 00 01  9c 08 62 75 66 00 01 1e  |f.........buf...|
00013fa0  13 71 00 00 00 02 91 00  09 eb 0b 00 00 01 1e 21  |.q.............!|
00013fb0  49 00 00 00 02 91 04 02  69 00 1f 06 42 00 00 00  |I.......i...B...|
00013fc0  02 91 74 0a a8 0d 00 00  01 20 06 42 00 00 00 02  |..t...... .B....|
00013fd0  91 70 02 62 70 00 21 08  71 00 00 00 02 91 6c 02  |.p.bp.!.q.....l.|
00013fe0  76 61 6c 00 22 0b 49 00  00 00 02 91 68 00 00 d3  |val.".I.....h...|
00013ff0  00 00 00 05 00 01 04 53  20 00 00 03 16 04 00 00  |.......S .......|
00014000  0c d3 01 00 00 3b 01 00  00 9a 66 01 00 2e 00 00  |.....;....f.....|
00014010  00 29 2d 00 00 01 01 06  98 02 00 00 01 01 08 8f  |.)-.............|
00014020  02 00 00 01 02 05 ca 02  00 00 01 02 07 8f 01 00  |................|
00014030  00 04 04 05 69 6e 74 00  05 0c 03 00 00 02 22 20  |....int......." |
00014040  55 00 00 00 01 04 07 86  00 00 00 01 08 05 d6 00  |U...............|
00014050  00 00 01 08 07 7c 00 00  00 01 04 07 81 00 00 00  |.....|..........|
00014060  06 04 26 00 00 00 07 b5  0d 00 00 03 06 01 07 71  |..&............q|
00014070  00 00 00 93 00 00 00 02  71 00 00 00 02 49 00 00  |........q....I..|
00014080  00 00 08 00 02 00 00 01  1c 05 42 00 00 00 9a 66  |..........B....f|
00014090  01 00 2e 00 00 00 01 9c  09 62 75 66 00 01 1c 13  |.........buf....|
000140a0  71 00 00 00 02 91 00 0a  eb 0b 00 00 01 1c 21 49  |q.............!I|
000140b0  00 00 00 02 91 04 0b 62  70 00 01 1d 0b 71 00 00  |.......bp....q..|
000140c0  00 02 91 6c 00 00 d4 00  00 00 05 00 01 04 01 21  |...l...........!|
000140d0  00 00 03 16 04 00 00 0c  e0 01 00 00 3b 01 00 00  |............;...|
000140e0  c8 66 01 00 66 00 00 00  92 2d 00 00 01 01 06 98  |.f..f....-......|
000140f0  02 00 00 01 01 08 8f 02  00 00 01 02 05 ca 02 00  |................|
00014100  00 01 02 07 8f 01 00 00  04 04 05 69 6e 74 00 05  |...........int..|
00014110  0c 03 00 00 02 22 20 55  00 00 00 01 04 07 86 00  |....." U........|
00014120  00 00 01 08 05 d6 00 00  00 01 08 07 7c 00 00 00  |............|...|
00014130  01 04 07 81 00 00 00 06  04 26 00 00 00 07 97 0d  |.........&......|
00014140  00 00 03 23 01 07 71 00  00 00 93 00 00 00 02 71  |...#..q........q|
00014150  00 00 00 02 42 00 00 00  00 08 b5 0d 00 00 01 1c  |....B...........|
00014160  07 71 00 00 00 c8 66 01  00 66 00 00 00 01 9c 09  |.q....f..f......|
00014170  62 75 66 00 01 1c 16 71  00 00 00 02 91 00 0a eb  |buf....q........|
00014180  0b 00 00 01 1c 24 49 00  00 00 02 91 04 0b 9f 0d  |.....$I.........|
00014190  00 00 01 1d 0b 49 00 00  00 02 91 6c 00 00 bc 00  |.....I.....l....|
000141a0  00 00 05 00 01 04 af 21  00 00 04 16 04 00 00 0c  |.......!........|
000141b0  ee 01 00 00 3b 01 00 00  2e 67 01 00 24 00 00 00  |....;....g..$...|
000141c0  0a 2e 00 00 01 01 06 98  02 00 00 02 9e 03 00 00  |................|
000141d0  1e 37 00 00 00 01 01 08  8f 02 00 00 01 02 05 ca  |.7..............|
000141e0  02 00 00 01 02 07 8f 01  00 00 05 04 05 69 6e 74  |.............int|
000141f0  00 02 0c 03 00 00 22 5d  00 00 00 01 04 07 86 00  |......"]........|
00014200  00 00 01 08 05 d6 00 00  00 01 08 07 7c 00 00 00  |............|...|
00014210  01 04 07 81 00 00 00 06  d4 08 00 00 01 18 06 2e  |................|
00014220  67 01 00 24 00 00 00 01  9c b7 00 00 00 03 62 75  |g..$..........bu|
00014230  66 00 14 b7 00 00 00 02  91 00 03 6c 65 6e 00 2b  |f..........len.+|
00014240  53 00 00 00 01 52 07 8b  0d 00 00 01 19 14 b9 00  |S....R..........|
00014250  00 00 01 53 00 08 04 09  04 2d 00 00 00 00 e4 00  |...S.....-......|
00014260  00 00 05 00 01 04 39 22  00 00 06 16 04 00 00 0c  |......9"........|
00014270  fb 01 00 00 3b 01 00 00  52 67 01 00 2e 00 00 00  |....;...Rg......|
00014280  71 2e 00 00 01 01 06 98  02 00 00 04 9e 03 00 00  |q...............|
00014290  1e 3c 00 00 00 07 2d 00  00 00 01 01 08 8f 02 00  |.<....-.........|
000142a0  00 01 02 05 ca 02 00 00  01 02 07 8f 01 00 00 08  |................|
000142b0  04 05 69 6e 74 00 04 0c  03 00 00 22 62 00 00 00  |..int......"b...|
000142c0  01 04 07 86 00 00 00 01  08 05 d6 00 00 00 01 08  |................|
000142d0  07 7c 00 00 00 01 04 07  81 00 00 00 09 3e 09 00  |.|...........>..|
000142e0  00 01 1b 06 52 67 01 00  2e 00 00 00 01 9c d5 00  |....Rg..........|
000142f0  00 00 02 64 73 74 00 14  d5 00 00 00 02 91 00 02  |...dst..........|
00014300  73 72 63 00 2e d7 00 00  00 02 91 04 02 6c 65 6e  |src..........len|
00014310  00 45 58 00 00 00 01 51  05 8b 0d 00 00 1c 14 dd  |.EX....Q........|
00014320  00 00 00 01 53 05 90 0d  00 00 1d 1a e2 00 00 00  |....S...........|
00014330  01 56 00 0a 04 03 dc 00  00 00 0b 03 2d 00 00 00  |.V..........-...|
00014340  03 37 00 00 00 00 e4 00  00 00 05 00 01 04 d1 22  |.7............."|
00014350  00 00 06 16 04 00 00 0c  08 02 00 00 3b 01 00 00  |............;...|
00014360  80 67 01 00 53 00 00 00  e3 2e 00 00 01 01 06 98  |.g..S...........|
00014370  02 00 00 04 9e 03 00 00  1e 3c 00 00 00 07 2d 00  |.........<....-.|
00014380  00 00 01 01 08 8f 02 00  00 01 02 05 ca 02 00 00  |................|
00014390  01 02 07 8f 01 00 00 08  04 05 69 6e 74 00 04 0c  |..........int...|
000143a0  03 00 00 22 62 00 00 00  01 04 07 86 00 00 00 01  |..."b...........|
000143b0  08 05 d6 00 00 00 01 08  07 7c 00 00 00 01 04 07  |.........|......|
000143c0  81 00 00 00 09 b3 0b 00  00 01 1a 06 80 67 01 00  |.............g..|
000143d0  53 00 00 00 01 9c d5 00  00 00 02 64 73 74 00 15  |S..........dst..|
000143e0  d5 00 00 00 02 91 00 02  73 72 63 00 26 d7 00 00  |........src.&...|
000143f0  00 02 91 04 02 6c 65 6e  00 3d 58 00 00 00 01 50  |.....len.=X....P|
00014400  05 8b 0d 00 00 1b 14 dd  00 00 00 01 53 05 90 0d  |............S...|
00014410  00 00 1c 1a e2 00 00 00  01 56 00 0a 04 03 dc 00  |.........V......|
00014420  00 00 0b 03 2d 00 00 00  03 37 00 00 00 00 ca 00  |....-....7......|
00014430  00 00 05 00 01 04 69 23  00 00 04 16 04 00 00 0c  |......i#........|
00014440  16 02 00 00 3b 01 00 00  d3 67 01 00 27 00 00 00  |....;....g..'...|
00014450  7c 2f 00 00 01 01 06 98  02 00 00 02 9e 03 00 00  ||/..............|
00014460  1e 37 00 00 00 01 01 08  8f 02 00 00 01 02 05 ca  |.7..............|
00014470  02 00 00 01 02 07 8f 01  00 00 05 04 05 69 6e 74  |.............int|
00014480  00 02 0c 03 00 00 22 5d  00 00 00 01 04 07 86 00  |......"]........|
00014490  00 00 01 08 05 d6 00 00  00 01 08 07 7c 00 00 00  |............|...|
000144a0  01 04 07 81 00 00 00 06  4d 0a 00 00 01 19 06 d3  |........M.......|
000144b0  67 01 00 27 00 00 00 01  9c c5 00 00 00 03 62 75  |g..'..........bu|
000144c0  66 00 14 c5 00 00 00 02  91 00 03 6c 65 6e 00 2b  |f..........len.+|
000144d0  53 00 00 00 01 51 07 eb  0b 00 00 01 19 42 53 00  |S....Q.......BS.|
000144e0  00 00 02 91 08 08 62 70  00 01 1a 14 c7 00 00 00  |......bp........|
000144f0  01 53 00 09 04 0a 04 2d  00 00 00 00 c0 01 00 00  |.S.....-........|
00014500  05 00 01 04 04 24 00 00  09 16 04 00 00 0c 23 02  |.....$........#.|
00014510  00 00 3b 01 00 00 fa 67  01 00 75 02 00 00 e5 2f  |..;....g..u..../|
00014520  00 00 02 01 06 98 02 00  00 02 01 08 8f 02 00 00  |................|
00014530  02 02 05 ca 02 00 00 02  02 07 8f 01 00 00 06 0d  |................|
00014540  03 00 00 21 4c 00 00 00  0a 04 05 69 6e 74 00 06  |...!L......int..|
00014550  0c 03 00 00 22 5d 00 00  00 02 04 07 86 00 00 00  |...."]..........|
00014560  02 08 05 d6 00 00 00 02  08 07 7c 00 00 00 02 04  |..........|.....|
00014570  07 81 00 00 00 07 26 00  00 00 04 00 02 00 00 14  |......&.........|
00014580  01 4c 00 00 00 98 00 00  00 01 79 00 00 00 01 53  |.L........y....S|
00014590  00 00 00 00 04 c5 00 00  00 52 01 4c 00 00 00 b2  |.........R.L....|
000145a0  00 00 00 01 79 00 00 00  01 53 00 00 00 00 04 bb  |....y....S......|
000145b0  02 00 00 42 01 4c 00 00  00 cc 00 00 00 01 79 00  |...B.L........y.|
000145c0  00 00 01 53 00 00 00 00  04 64 01 00 00 32 01 4c  |...S.....d...2.L|
000145d0  00 00 00 e6 00 00 00 01  79 00 00 00 01 42 00 00  |........y....B..|
000145e0  00 00 0b 2f 01 00 00 03  e0 07 79 00 00 00 15 01  |.../......y.....|
000145f0  00 00 01 79 00 00 00 01  79 00 00 00 01 4c 00 00  |...y....y....L..|
00014600  00 01 4c 00 00 00 01 4c  00 00 00 01 4c 00 00 00  |..L....L....L...|
00014610  00 0c 48 02 00 00 01 1f  06 fa 67 01 00 75 02 00  |..H.......g..u..|
00014620  00 01 9c b2 01 00 00 08  64 73 74 00 14 79 00 00  |........dst..y..|
00014630  00 02 91 00 08 66 6d 74  00 1f 79 00 00 00 02 91  |.....fmt..y.....|
00014640  04 0d 03 61 70 00 20 0b  b2 01 00 00 02 91 6c 03  |...ap. .......l.|
00014650  62 75 66 00 21 07 b7 01  00 00 02 91 48 03 63 68  |buf.!.......H.ch|
00014660  00 22 07 26 00 00 00 02  91 6b 03 73 74 72 00 23  |.".&.....k.str.#|
00014670  08 79 00 00 00 02 91 54  05 dc 01 00 00 24 4c 00  |.y.....T.....$L.|
00014680  00 00 02 91 64 05 84 01  00 00 25 4c 00 00 00 02  |....d.....%L....|
00014690  91 60 03 6c 65 6e 00 26  06 4c 00 00 00 02 91 58  |.`.len.&.L.....X|
000146a0  05 87 02 00 00 27 4c 00  00 00 02 91 5c 00 07 42  |.....'L.....\..B|
000146b0  00 00 00 0e 26 00 00 00  0f 5d 00 00 00 0b 00 00  |....&....]......|
000146c0  9e 00 00 00 05 00 01 04  e8 24 00 00 03 16 04 00  |.........$......|
000146d0  00 0c 30 02 00 00 3b 01  00 00 6f 6a 01 00 36 00  |..0...;...oj..6.|
000146e0  00 00 0a 31 00 00 01 01  06 98 02 00 00 04 26 00  |...1..........&.|
000146f0  00 00 01 01 08 8f 02 00  00 01 02 05 ca 02 00 00  |................|
00014700  01 02 07 8f 01 00 00 05  04 05 69 6e 74 00 01 04  |..........int...|
00014710  07 86 00 00 00 01 08 05  d6 00 00 00 01 08 07 7c  |...............||
00014720  00 00 00 01 04 07 81 00  00 00 06 d6 0b 00 00 01  |................|
00014730  18 05 47 00 00 00 6f 6a  01 00 36 00 00 00 01 9c  |..G...oj..6.....|
00014740  9b 00 00 00 02 73 31 00  22 9b 00 00 00 01 50 02  |.....s1.".....P.|
00014750  73 32 00 3b 9b 00 00 00  01 52 00 07 04 2d 00 00  |s2.;.....R...-..|
00014760  00 00 b0 00 00 00 05 00  01 04 52 25 00 00 02 16  |..........R%....|
00014770  04 00 00 0c 3d 02 00 00  3b 01 00 00 a5 6a 01 00  |....=...;....j..|
00014780  24 00 00 00 83 31 00 00  01 01 06 98 02 00 00 03  |$....1..........|
00014790  26 00 00 00 01 01 08 8f  02 00 00 01 02 05 ca 02  |&...............|
000147a0  00 00 01 02 07 8f 01 00  00 04 04 05 69 6e 74 00  |............int.|
000147b0  05 0c 03 00 00 02 22 20  5a 00 00 00 01 04 07 86  |......" Z.......|
000147c0  00 00 00 01 08 05 d6 00  00 00 01 08 07 7c 00 00  |.............|..|
000147d0  00 01 04 07 81 00 00 00  06 c0 01 00 00 01 17 0a  |................|
000147e0  4e 00 00 00 a5 6a 01 00  24 00 00 00 01 9c ad 00  |N....j..$.......|
000147f0  00 00 07 73 74 72 00 01  17 27 ad 00 00 00 01 52  |...str...'.....R|
00014800  08 6c 65 6e 00 01 18 14  4e 00 00 00 01 53 00 09  |.len....N....S..|
00014810  04 2d 00 00 00 00 41 01  00 00 05 00 01 04 da 25  |.-....A........%|
00014820  00 00 06 16 04 00 00 0c  4a 02 00 00 3b 01 00 00  |........J...;...|
00014830  c9 6a 01 00 9d 00 00 00  ec 31 00 00 01 01 06 98  |.j.......1......|
00014840  02 00 00 07 26 00 00 00  01 01 08 8f 02 00 00 01  |....&...........|
00014850  02 05 ca 02 00 00 01 02  07 8f 01 00 00 08 04 05  |................|
00014860  69 6e 74 00 09 0c 03 00  00 02 22 20 5a 00 00 00  |int......." Z...|
00014870  01 04 07 86 00 00 00 01  08 05 d6 00 00 00 01 08  |................|
00014880  07 7c 00 00 00 01 04 07  81 00 00 00 05 26 00 00  |.|...........&..|
00014890  00 0a 70 61 64 00 03 cf  07 76 00 00 00 9b 00 00  |..pad....v......|
000148a0  00 02 76 00 00 00 02 47  00 00 00 02 47 00 00 00  |..v....G....G...|
000148b0  00 0b c0 01 00 00 03 8c  0a 4e 00 00 00 b1 00 00  |.........N......|
000148c0  00 02 b1 00 00 00 00 05  2d 00 00 00 0c 2f 01 00  |........-..../..|
000148d0  00 01 1f 07 76 00 00 00  c9 6a 01 00 9d 00 00 00  |....v....j......|
000148e0  01 9c 03 64 73 74 00 15  76 00 00 00 02 91 00 03  |...dst..v.......|
000148f0  73 74 72 00 20 76 00 00  00 02 91 04 03 6c 65 6e  |str. v.......len|
00014900  00 29 47 00 00 00 02 91  08 04 84 01 00 00 1f 32  |.)G............2|
00014910  47 00 00 00 02 91 0c 04  dc 01 00 00 20 09 47 00  |G........... .G.|
00014920  00 00 02 91 10 04 87 02  00 00 20 19 47 00 00 00  |.......... .G...|
00014930  02 91 14 0d f4 03 00 00  01 21 06 47 00 00 00 02  |.........!.G....|
00014940  91 68 0e 12 6b 01 00 2c  00 00 00 0f 69 00 01 31  |.h..k..,....i..1|
00014950  0b 47 00 00 00 02 91 6c  00 00 00 a8 00 00 00 05  |.G.....l........|
00014960  00 01 04 c4 26 00 00 03  16 04 00 00 0c 57 02 00  |....&........W..|
00014970  00 3b 01 00 00 66 6b 01  00 22 00 00 00 a1 32 00  |.;...fk.."....2.|
00014980  00 01 01 06 98 02 00 00  01 01 08 8f 02 00 00 01  |................|
00014990  02 05 ca 02 00 00 01 02  07 8f 01 00 00 04 04 05  |................|
000149a0  69 6e 74 00 01 04 07 86  00 00 00 01 08 05 d6 00  |int.............|
000149b0  00 00 01 08 07 7c 00 00  00 01 04 07 81 00 00 00  |.....|..........|
000149c0  05 04 26 00 00 00 06 70  61 64 00 01 1b 07 65 00  |..&....pad....e.|
000149d0  00 00 66 6b 01 00 22 00  00 00 01 9c 07 64 73 74  |..fk.."......dst|
000149e0  00 01 1b 12 65 00 00 00  02 91 00 02 f4 03 00 00  |....e...........|
000149f0  1b 42 00 00 00 02 91 04  02 87 02 00 00 26 42 00  |.B...........&B.|
00014a00  00 00 02 91 08 00 00 01  11 00 10 17 11 01 12 0f  |................|
00014a10  03 0e 1b 0e 25 0e 13 05  00 00 00 01 11 00 10 17  |....%...........|
00014a20  11 01 12 0f 03 0e 1b 0e  25 0e 13 05 00 00 00 01  |........%.......|
00014a30  05 00 49 13 00 00 02 34  00 03 0e 3a 21 01 3b 05  |..I....4...:!.;.|
00014a40  39 0b 49 13 02 18 00 00  03 05 00 03 08 3a 21 01  |9.I..........:!.|
00014a50  3b 05 39 0b 49 13 02 18  00 00 04 34 00 03 08 3a  |;.9.I......4...:|
00014a60  21 01 3b 05 39 0b 49 13  02 18 00 00 05 28 00 03  |!.;.9.I......(..|
00014a70  0e 1c 0b 00 00 06 34 00  03 0e 3a 21 01 3b 0b 39  |......4...:!.;.9|
00014a80  0b 49 13 02 18 00 00 07  05 00 03 0e 3a 21 01 3b  |.I..........:!.;|
00014a90  05 39 0b 49 13 02 18 00  00 08 05 00 31 13 02 18  |.9.I........1...|
00014aa0  00 00 09 05 00 03 08 3a  21 01 3b 0b 39 0b 49 13  |.......:!.;.9.I.|
00014ab0  02 18 00 00 0a 24 00 0b  0b 3e 0b 03 0e 00 00 0b  |.....$...>......|
00014ac0  0f 00 0b 21 04 49 13 00  00 0c 2e 01 3f 19 03 0e  |...!.I......?...|
00014ad0  3a 21 01 3b 05 39 21 06  27 19 11 01 12 06 40 18  |:!.;.9!.'.....@.|
00014ae0  7c 19 01 13 00 00 0d 21  00 49 13 2f 0b 00 00 0e  ||......!.I./....|
00014af0  2e 01 3f 19 03 0e 3a 21  08 3b 05 39 0b 27 19 49  |..?...:!.;.9.'.I|
00014b00  13 3c 19 01 13 00 00 0f  0b 01 11 01 12 06 00 00  |.<..............|
00014b10  10 01 01 49 13 01 13 00  00 11 34 00 31 13 02 18  |...I......4.1...|
00014b20  00 00 12 2e 01 3f 19 03  0e 3a 21 01 3b 0b 39 21  |.....?...:!.;.9!|
00014b30  06 27 19 11 01 12 06 40  18 7c 19 01 13 00 00 13  |.'.....@.|......|
00014b40  05 00 03 0e 3a 21 01 3b  0b 39 0b 49 13 02 18 00  |....:!.;.9.I....|
00014b50  00 14 04 01 03 0e 3e 21  07 0b 21 04 49 13 3a 0b  |......>!..!.I.:.|
00014b60  3b 0b 39 21 06 01 13 00  00 15 16 00 03 0e 3a 21  |;.9!..........:!|
00014b70  03 3b 0b 39 21 20 49 13  00 00 16 2e 01 3f 19 03  |.;.9! I......?..|
00014b80  0e 3a 0b 3b 0b 39 0b 27  19 49 13 3c 19 01 13 00  |.:.;.9.'.I.<....|
00014b90  00 17 18 00 00 00 18 2e  01 3f 19 03 0e 3a 21 01  |.........?...:!.|
00014ba0  3b 05 39 21 05 27 19 49  13 11 01 12 06 40 18 7a  |;.9!.'.I.....@.z|
00014bb0  19 01 13 00 00 19 1d 01  31 13 11 01 12 06 58 21  |........1.....X!|
00014bc0  01 59 05 57 0b 01 13 00  00 1a 2e 01 03 0e 3a 21  |.Y.W..........:!|
00014bd0  01 3b 05 39 21 0c 27 19  49 13 11 01 12 06 40 18  |.;.9!.'.I.....@.|
00014be0  7c 19 01 13 00 00 1b 34  00 03 08 3a 21 01 3b 0b  ||......4...:!.;.|
00014bf0  39 0b 49 13 02 18 00 00  1c 1d 01 31 13 11 01 12  |9.I........1....|
00014c00  06 58 21 01 59 0b 57 21  02 01 13 00 00 1d 05 00  |.X!.Y.W!........|
00014c10  03 0e 3a 21 02 3b 05 39  0b 49 13 00 00 1e 15 01  |..:!.;.9.I......|
00014c20  27 19 01 13 00 00 1f 2e  01 3f 19 03 0e 3a 0b 3b  |'........?...:.;|
00014c30  0b 39 21 06 27 19 3c 19  01 13 00 00 20 2e 01 3f  |.9!.'.<..... ..?|
00014c40  19 03 0e 3a 21 01 3b 05  39 21 05 27 19 49 13 11  |...:!.;.9!.'.I..|
00014c50  01 12 06 40 18 7c 19 01  13 00 00 21 1d 01 31 13  |...@.|.....!..1.|
00014c60  11 01 12 06 58 21 01 59  05 57 0b 00 00 22 2e 01  |....X!.Y.W..."..|
00014c70  03 0e 3a 21 01 3b 05 39  21 0d 27 19 11 01 12 06  |..:!.;.9!.'.....|
00014c80  40 18 7c 19 01 13 00 00  23 2e 01 3f 19 03 0e 3a  |@.|.....#..?...:|
00014c90  21 01 3b 05 39 21 06 27  19 11 01 12 06 40 18 7a  |!.;.9!.'.....@.z|
00014ca0  19 01 13 00 00 24 11 01  25 0e 13 0b 03 1f 1b 1f  |.....$..%.......|
00014cb0  11 01 12 06 10 17 00 00  25 34 00 03 0e 3a 0b 3b  |........%4...:.;|
00014cc0  0b 39 0b 49 13 3f 19 3c  19 00 00 26 26 00 49 13  |.9.I.?.<...&&.I.|
00014cd0  00 00 27 35 00 49 13 00  00 28 24 00 0b 0b 3e 0b  |..'5.I...($...>.|
00014ce0  03 08 00 00 29 34 00 47  13 3a 0b 3b 0b 39 0b 02  |....)4.G.:.;.9..|
00014cf0  18 00 00 2a 2e 01 03 0e  3a 0b 3b 05 39 0b 27 19  |...*....:.;.9.'.|
00014d00  49 13 11 01 12 06 40 18  7a 19 01 13 00 00 2b 0b  |I.....@.z.....+.|
00014d10  01 55 17 00 00 2c 2e 01  03 0e 3a 0b 3b 0b 39 0b  |.U...,....:.;.9.|
00014d20  27 19 11 01 12 06 40 18  7c 19 01 13 00 00 2d 2e  |'.....@.|.....-.|
00014d30  01 03 0e 3a 0b 3b 0b 39  0b 27 19 11 01 12 06 40  |...:.;.9.'.....@|
00014d40  18 7a 19 01 13 00 00 2e  1d 01 31 13 11 01 12 06  |.z........1.....|
00014d50  58 0b 59 0b 57 0b 00 00  2f 2e 01 03 0e 3a 0b 3b  |X.Y.W.../....:.;|
00014d60  05 39 0b 27 19 20 0b 01  13 00 00 30 2e 01 03 08  |.9.'. .....0....|
00014d70  3a 0b 3b 05 39 0b 27 19  49 13 20 0b 01 13 00 00  |:.;.9.'.I. .....|
00014d80  31 34 00 03 0e 3a 0b 3b  05 39 0b 49 13 00 00 32  |14...:.;.9.I...2|
00014d90  2e 01 03 0e 3a 0b 3b 0b  39 0b 27 19 49 13 20 0b  |....:.;.9.'.I. .|
00014da0  00 00 33 34 00 03 08 3a  0b 3b 0b 39 0b 49 13 00  |..34...:.;.9.I..|
00014db0  00 00 01 05 00 49 13 00  00 02 28 00 03 0e 1c 0b  |.....I....(.....|
00014dc0  00 00 03 0d 00 03 08 3a  21 08 3b 0b 39 0b 49 13  |.......:!.;.9.I.|
00014dd0  38 0b 00 00 04 0d 00 03  0e 3a 21 08 3b 0b 39 0b  |8........:!.;.9.|
00014de0  49 13 38 0b 00 00 05 16  00 03 0e 3a 0b 3b 0b 39  |I.8........:.;.9|
00014df0  0b 49 13 00 00 06 0f 00  0b 21 04 49 13 00 00 07  |.I.......!.I....|
00014e00  34 00 03 0e 3a 0b 3b 0b  39 0b 49 13 3f 19 3c 19  |4...:.;.9.I.?.<.|
00014e10  00 00 08 24 00 0b 0b 3e  0b 03 0e 00 00 09 05 00  |...$...>........|
00014e20  31 13 02 18 00 00 0a 01  01 49 13 01 13 00 00 0b  |1........I......|
00014e30  21 00 49 13 2f 0b 00 00  0c 34 00 03 0e 3a 21 01  |!.I./....4...:!.|
00014e40  3b 0b 39 0b 49 13 02 18  00 00 0d 2e 01 3f 19 03  |;.9.I........?..|
00014e50  0e 3a 0b 3b 0b 39 0b 27  19 49 13 3c 19 01 13 00  |.:.;.9.'.I.<....|
00014e60  00 0e 2e 01 3f 19 03 0e  3a 0b 3b 0b 39 21 06 27  |....?...:.;.9!.'|
00014e70  19 3c 19 01 13 00 00 0f  04 01 03 0e 3e 21 07 0b  |.<..........>!..|
00014e80  21 04 49 13 3a 0b 3b 0b  39 21 06 01 13 00 00 10  |!.I.:.;.9!......|
00014e90  26 00 49 13 00 00 11 13  01 03 0e 0b 0b 3a 21 08  |&.I..........:!.|
00014ea0  3b 0b 39 21 10 01 13 00  00 12 2e 01 3f 19 03 0e  |;.9!........?...|
00014eb0  3a 0b 3b 05 39 21 06 27  19 3c 19 01 13 00 00 13  |:.;.9!.'.<......|
00014ec0  18 00 00 00 14 1d 01 31  13 11 01 12 06 58 21 01  |.......1.....X!.|
00014ed0  59 0b 57 21 02 01 13 00  00 15 1d 01 31 13 11 01  |Y.W!........1...|
00014ee0  12 06 58 21 01 59 0b 57  21 02 00 00 16 05 00 03  |..X!.Y.W!.......|
00014ef0  0e 3a 21 01 3b 21 3e 39  0b 49 13 02 18 00 00 17  |.:!.;!>9.I......|
00014f00  34 00 03 08 3a 21 01 3b  0b 39 0b 49 13 02 18 00  |4...:!.;.9.I....|
00014f10  00 18 05 00 03 0e 3a 21  02 3b 21 e6 02 39 0b 49  |......:!.;!..9.I|
00014f20  13 00 00 19 11 01 25 0e  13 0b 03 1f 1b 1f 11 01  |......%.........|
00014f30  12 06 10 17 00 00 1a 24  00 0b 0b 3e 0b 03 08 00  |.......$...>....|
00014f40  00 1b 21 00 49 13 2f 05  00 00 1c 13 00 03 0e 3c  |..!.I./........<|
00014f50  19 00 00 1d 34 00 47 13  3a 0b 3b 0b 39 0b 02 18  |....4.G.:.;.9...|
00014f60  00 00 1e 15 01 27 19 01  13 00 00 1f 2e 00 3f 19  |.....'........?.|
00014f70  03 0e 3a 0b 3b 05 39 0b  27 19 3c 19 00 00 20 0f  |..:.;.9.'.<... .|
00014f80  00 0b 0b 00 00 21 2e 01  3f 19 03 0e 3a 0b 3b 05  |.....!..?...:.;.|
00014f90  39 0b 27 19 49 13 3c 19  01 13 00 00 22 2e 01 3f  |9.'.I.<....."..?|
00014fa0  19 03 0e 3a 0b 3b 0b 39  0b 27 19 11 01 12 06 40  |...:.;.9.'.....@|
00014fb0  18 7c 19 01 13 00 00 23  2e 01 03 0e 3a 0b 3b 0b  |.|.....#....:.;.|
00014fc0  39 0b 27 19 11 01 12 06  40 18 7c 19 01 13 00 00  |9.'.....@.|.....|
00014fd0  24 34 00 03 0e 49 13 34  19 02 18 00 00 25 0b 01  |$4...I.4.....%..|
00014fe0  11 01 12 06 01 13 00 00  26 0b 01 55 17 01 13 00  |........&..U....|
00014ff0  00 27 2e 01 03 0e 3a 0b  3b 05 39 0b 27 19 20 0b  |.'....:.;.9.'. .|
00015000  00 00 00 01 28 00 03 0e  1c 0b 00 00 02 05 00 49  |....(..........I|
00015010  13 00 00 03 34 00 03 0e  3a 0b 3b 0b 39 0b 49 13  |....4...:.;.9.I.|
00015020  3f 19 3c 19 00 00 04 0d  00 03 08 3a 21 06 3b 0b  |?.<........:!.;.|
00015030  39 0b 49 13 38 0b 00 00  05 0d 00 03 0e 3a 21 06  |9.I.8........:!.|
00015040  3b 0b 39 0b 49 13 38 0b  00 00 06 16 00 03 0e 3a  |;.9.I.8........:|
00015050  0b 3b 0b 39 0b 49 13 00  00 07 0f 00 0b 21 04 49  |.;.9.I.......!.I|
00015060  13 00 00 08 2e 01 3f 19  03 0e 3a 0b 3b 0b 39 21  |......?...:.;.9!|
00015070  06 27 19 3c 19 01 13 00  00 09 24 00 0b 0b 3e 0b  |.'.<......$...>.|
00015080  03 0e 00 00 0a 2e 00 3f  19 03 0e 3a 0b 3b 0b 39  |.......?...:.;.9|
00015090  21 06 27 19 3c 19 00 00  0b 34 00 47 13 3a 21 01  |!.'.<....4.G.:!.|
000150a0  3b 0b 39 0b 02 18 00 00  0c 01 01 49 13 01 13 00  |;.9........I....|
000150b0  00 0d 04 01 03 0e 3e 21  07 0b 21 04 49 13 3a 0b  |......>!..!.I.:.|
000150c0  3b 0b 39 21 06 01 13 00  00 0e 2e 01 3f 19 03 0e  |;.9!........?...|
000150d0  3a 0b 3b 0b 39 0b 27 19  49 13 3c 19 01 13 00 00  |:.;.9.'.I.<.....|
000150e0  0f 21 00 49 13 2f 0b 00  00 10 2e 00 3f 19 03 0e  |.!.I./......?...|
000150f0  3a 0b 3b 05 39 21 06 27  19 3c 19 00 00 11 26 00  |:.;.9!.'.<....&.|
00015100  49 13 00 00 12 13 01 03  0e 0b 0b 3a 21 06 3b 0b  |I..........:!.;.|
00015110  39 21 10 01 13 00 00 13  18 00 00 00 14 11 01 25  |9!.............%|
00015120  0e 13 0b 03 1f 1b 1f 11  01 12 06 10 17 00 00 15  |................|
00015130  24 00 0b 0b 3e 0b 03 08  00 00 16 21 00 49 13 2f  |$...>......!.I./|
00015140  05 00 00 17 21 00 00 00  18 2e 01 3f 19 03 0e 3a  |....!......?...:|
00015150  0b 3b 05 39 0b 27 19 3c  19 01 13 00 00 19 2e 01  |.;.9.'.<........|
00015160  3f 19 03 0e 3a 0b 3b 05  39 0b 27 19 49 13 3c 19  |?...:.;.9.'.I.<.|
00015170  01 13 00 00 1a 15 01 27  19 01 13 00 00 1b 2e 01  |.......'........|
00015180  3f 19 03 0e 3a 0b 3b 0b  39 0b 27 19 49 13 11 01  |?...:.;.9.'.I...|
00015190  12 06 40 18 7c 19 01 13  00 00 1c 34 00 03 0e 3a  |..@.|......4...:|
000151a0  0b 3b 0b 39 0b 49 13 02  18 00 00 1d 34 00 03 0e  |.;.9.I......4...|
000151b0  49 13 34 19 02 18 00 00  1e 34 00 03 0e 3a 0b 3b  |I.4......4...:.;|
000151c0  05 39 0b 49 13 02 18 00  00 1f 34 00 03 08 3a 0b  |.9.I......4...:.|
000151d0  3b 05 39 0b 49 13 02 18  00 00 20 2e 01 03 0e 3a  |;.9.I..... ....:|
000151e0  0b 3b 0b 39 0b 27 19 11  01 12 06 40 18 7c 19 00  |.;.9.'.....@.|..|
000151f0  00 21 05 00 03 0e 3a 0b  3b 0b 39 0b 49 13 02 18  |.!....:.;.9.I...|
00015200  00 00 00 01 34 00 03 0e  3a 21 01 3b 05 39 0b 49  |....4...:!.;.9.I|
00015210  13 02 18 00 00 02 28 00  03 0e 1c 0b 00 00 03 24  |......(........$|
00015220  00 0b 0b 3e 0b 03 0e 00  00 04 34 00 03 0e 3a 21  |...>......4...:!|
00015230  01 3b 0b 39 0b 49 13 02  18 00 00 05 16 00 03 0e  |.;.9.I..........|
00015240  3a 0b 3b 0b 39 0b 49 13  00 00 06 01 01 49 13 01  |:.;.9.I......I..|
00015250  13 00 00 07 0f 00 0b 21  04 49 13 00 00 08 05 00  |.......!.I......|
00015260  49 13 00 00 09 26 00 49  13 00 00 0a 0d 00 03 0e  |I....&.I........|
00015270  3a 21 01 3b 0b 39 0b 49  13 38 0b 00 00 0b 21 00  |:!.;.9.I.8....!.|
00015280  49 13 2f 0b 00 00 0c 34  00 03 0e 49 13 34 19 02  |I./....4...I.4..|
00015290  18 00 00 0d 2e 01 3f 19  03 0e 3a 0b 3b 0b 39 21  |......?...:.;.9!|
000152a0  06 27 19 3c 19 01 13 00  00 0e 2e 01 3f 19 03 0e  |.'.<........?...|
000152b0  3a 21 01 3b 05 39 21 06  27 19 11 01 12 06 40 18  |:!.;.9!.'.....@.|
000152c0  7c 19 01 13 00 00 0f 05  00 03 0e 3a 21 01 3b 05  ||..........:!.;.|
000152d0  39 0b 49 13 02 18 00 00  10 34 00 03 08 3a 21 01  |9.I......4...:!.|
000152e0  3b 05 39 0b 49 13 02 18  00 00 11 0b 01 11 01 12  |;.9.I...........|
000152f0  06 00 00 12 04 01 03 0e  3e 21 07 0b 21 04 49 13  |........>!..!.I.|
00015300  3a 0b 3b 0b 39 21 06 01  13 00 00 13 13 01 03 0e  |:.;.9!..........|
00015310  0b 0b 3a 21 01 3b 0b 39  21 10 01 13 00 00 14 18  |..:!.;.9!.......|
00015320  00 00 00 15 2e 01 3f 19  03 0e 3a 21 01 3b 05 39  |......?...:!.;.9|
00015330  21 07 27 19 49 13 11 01  12 06 40 18 7c 19 01 13  |!.'.I.....@.|...|
00015340  00 00 16 05 00 03 0e 3a  21 01 3b 0b 39 0b 49 13  |.......:!.;.9.I.|
00015350  02 18 00 00 17 11 01 25  0e 13 0b 03 1f 1b 1f 11  |.......%........|
00015360  01 12 06 10 17 00 00 18  24 00 0b 0b 3e 0b 03 08  |........$...>...|
00015370  00 00 19 21 00 49 13 2f  05 00 00 1a 34 00 03 0e  |...!.I./....4...|
00015380  3a 0b 3b 0b 39 0b 49 13  3f 19 3c 19 00 00 1b 17  |:.;.9.I.?.<.....|
00015390  01 03 0e 0b 0b 3a 0b 3b  0b 39 0b 01 13 00 00 1c  |.....:.;.9......|
000153a0  0d 00 03 0e 3a 0b 3b 0b  39 0b 49 13 00 00 1d 0d  |....:.;.9.I.....|
000153b0  00 03 08 3a 0b 3b 0b 39  0b 49 13 00 00 1e 0f 00  |...:.;.9.I......|
000153c0  0b 0b 00 00 1f 2e 01 03  0e 3a 0b 3b 05 39 0b 27  |.........:.;.9.'|
000153d0  19 11 01 12 06 40 18 7c  19 01 13 00 00 20 2e 01  |.....@.|..... ..|
000153e0  03 0e 3a 0b 3b 0b 39 0b  27 19 11 01 12 06 40 18  |..:.;.9.'.....@.|
000153f0  7c 19 01 13 00 00 00 01  24 00 0b 0b 3e 0b 03 0e  ||.......$...>...|
00015400  00 00 02 0f 00 0b 21 04  49 13 00 00 03 26 00 49  |......!.I....&.I|
00015410  13 00 00 04 01 01 49 13  01 13 00 00 05 05 00 49  |......I........I|
00015420  13 00 00 06 05 00 03 0e  3a 21 01 3b 0b 39 0b 49  |........:!.;.9.I|
00015430  13 02 18 00 00 07 2e 01  3f 19 03 0e 3a 0b 3b 0b  |........?...:.;.|
00015440  39 21 06 27 19 3c 19 01  13 00 00 08 34 00 03 0e  |9!.'.<......4...|
00015450  49 13 34 19 02 18 00 00  09 21 00 49 13 2f 0b 00  |I.4......!.I./..|
00015460  00 0a 11 01 25 0e 13 0b  03 1f 1b 1f 11 01 12 06  |....%...........|
00015470  10 17 00 00 0b 24 00 0b  0b 3e 0b 03 08 00 00 0c  |.....$...>......|
00015480  21 00 49 13 2f 05 00 00  0d 34 00 03 0e 3a 0b 3b  |!.I./....4...:.;|
00015490  0b 39 0b 49 13 3f 19 3c  19 00 00 0e 13 01 03 0e  |.9.I.?.<........|
000154a0  0b 0b 3a 0b 3b 0b 39 0b  01 13 00 00 0f 0d 00 03  |..:.;.9.........|
000154b0  0e 3a 0b 3b 0b 39 0b 49  13 38 0b 00 00 10 16 00  |.:.;.9.I.8......|
000154c0  03 0e 3a 0b 3b 0b 39 0b  49 13 00 00 11 18 00 00  |..:.;.9.I.......|
000154d0  00 12 2e 01 3f 19 03 0e  3a 0b 3b 0b 39 0b 27 19  |....?...:.;.9.'.|
000154e0  49 13 11 01 12 06 40 18  7c 19 01 13 00 00 13 34  |I.....@.|......4|
000154f0  00 03 0e 3a 0b 3b 0b 39  0b 49 13 02 18 00 00 14  |...:.;.9.I......|
00015500  0f 00 0b 0b 00 00 15 2e  01 3f 19 03 0e 3a 0b 3b  |.........?...:.;|
00015510  0b 39 0b 27 19 11 01 12  06 40 18 7c 19 01 13 00  |.9.'.....@.|....|
00015520  00 16 34 00 03 08 3a 0b  3b 0b 39 0b 49 13 02 18  |..4...:.;.9.I...|
00015530  00 00 00 01 28 00 03 0e  1c 0b 00 00 02 05 00 49  |....(..........I|
00015540  13 00 00 03 0d 00 03 08  3a 21 06 3b 0b 39 0b 49  |........:!.;.9.I|
00015550  13 38 0b 00 00 04 21 00  49 13 2f 0b 00 00 05 16  |.8....!.I./.....|
00015560  00 03 0e 3a 0b 3b 0b 39  0b 49 13 00 00 06 01 01  |...:.;.9.I......|
00015570  49 13 01 13 00 00 07 34  00 03 0e 3a 0b 3b 0b 39  |I......4...:.;.9|
00015580  0b 49 13 3f 19 3c 19 00  00 08 0d 00 03 0e 3a 21  |.I.?.<........:!|
00015590  06 3b 0b 39 0b 49 13 38  0b 00 00 09 05 00 03 08  |.;.9.I.8........|
000155a0  3a 21 01 3b 05 39 0b 49  13 02 18 00 00 0a 0f 00  |:!.;.9.I........|
000155b0  0b 21 04 49 13 00 00 0b  34 00 47 13 3a 21 01 3b  |.!.I....4.G.:!.;|
000155c0  0b 39 0b 02 18 00 00 0c  2e 01 3f 19 03 0e 3a 0b  |.9........?...:.|
000155d0  3b 0b 39 21 06 27 19 3c  19 01 13 00 00 0d 34 00  |;.9!.'.<......4.|
000155e0  03 08 3a 21 01 3b 05 39  0b 49 13 02 18 00 00 0e  |..:!.;.9.I......|
000155f0  24 00 0b 0b 3e 0b 03 0e  00 00 0f 26 00 49 13 00  |$...>......&.I..|
00015600  00 10 2e 01 3f 19 03 0e  3a 21 01 3b 05 39 21 06  |....?...:!.;.9!.|
00015610  27 19 11 01 12 06 40 18  7c 19 01 13 00 00 11 34  |'.....@.|......4|
00015620  00 03 0e 49 13 34 19 02  18 00 00 12 05 00 03 08  |...I.4..........|
00015630  3a 21 01 3b 0b 39 0b 49  13 02 18 00 00 13 34 00  |:!.;.9.I......4.|
00015640  03 08 3a 21 01 3b 0b 39  0b 49 13 02 18 00 00 14  |..:!.;.9.I......|
00015650  0b 01 11 01 12 06 00 00  15 2e 01 3f 19 03 0e 3a  |...........?...:|
00015660  21 01 3b 05 39 0b 27 19  49 13 11 01 12 06 40 18  |!.;.9.'.I.....@.|
00015670  7c 19 01 13 00 00 16 34  00 03 0e 3a 21 01 3b 05  ||......4...:!.;.|
00015680  39 0b 49 13 02 18 00 00  17 04 01 03 0e 3e 21 07  |9.I..........>!.|
00015690  0b 21 04 49 13 3a 0b 3b  0b 39 21 06 01 13 00 00  |.!.I.:.;.9!.....|
000156a0  18 2e 01 3f 19 03 0e 3a  21 05 3b 0b 39 0b 27 19  |...?...:!.;.9.'.|
000156b0  49 13 3c 19 01 13 00 00  19 2e 01 3f 19 03 0e 3a  |I.<........?...:|
000156c0  21 01 3b 0b 39 21 06 27  19 11 01 12 06 40 18 7c  |!.;.9!.'.....@.||
000156d0  19 01 13 00 00 1a 13 01  03 0e 0b 0b 3a 21 06 3b  |............:!.;|
000156e0  0b 39 21 10 01 13 00 00  1b 18 00 00 00 1c 11 01  |.9!.............|
000156f0  25 0e 13 0b 03 1f 1b 1f  11 01 12 06 10 17 00 00  |%...............|
00015700  1d 24 00 0b 0b 3e 0b 03  08 00 00 1e 21 00 49 13  |.$...>......!.I.|
00015710  2f 05 00 00 1f 13 00 03  0e 3c 19 00 00 20 15 01  |/........<... ..|
00015720  27 19 49 13 01 13 00 00  21 26 00 00 00 22 0f 00  |'.I.....!&..."..|
00015730  0b 0b 00 00 23 05 00 03  0e 3a 0b 3b 05 39 0b 49  |....#....:.;.9.I|
00015740  13 02 18 00 00 24 2e 01  03 0e 3a 0b 3b 0b 39 0b  |.....$....:.;.9.|
00015750  27 19 49 13 11 01 12 06  40 18 7a 19 01 13 00 00  |'.I.....@.z.....|
00015760  25 2e 01 03 0e 3a 0b 3b  0b 39 0b 27 19 49 13 11  |%....:.;.9.'.I..|
00015770  01 12 06 40 18 7a 19 00  00 00 01 05 00 49 13 00  |...@.z.......I..|
00015780  00 02 28 00 03 0e 1c 0b  00 00 03 24 00 0b 0b 3e  |..(........$...>|
00015790  0b 03 0e 00 00 04 0f 00  0b 21 04 49 13 00 00 05  |.........!.I....|
000157a0  01 01 49 13 01 13 00 00  06 2e 01 3f 19 03 0e 3a  |..I........?...:|
000157b0  0b 3b 0b 39 21 06 27 19  3c 19 01 13 00 00 07 34  |.;.9!.'.<......4|
000157c0  00 03 08 3a 21 01 3b 05  39 0b 49 13 02 18 00 00  |...:!.;.9.I.....|
000157d0  08 0d 00 03 0e 3a 21 01  3b 0b 39 0b 49 13 38 0b  |.....:!.;.9.I.8.|
000157e0  00 00 09 21 00 49 13 2f  0b 00 00 0a 05 00 03 08  |...!.I./........|
000157f0  3a 21 01 3b 05 39 0b 49  13 02 18 00 00 0b 34 00  |:!.;.9.I......4.|
00015800  03 0e 49 13 34 19 02 18  00 00 0c 26 00 49 13 00  |..I.4......&.I..|
00015810  00 0d 16 00 03 0e 3a 0b  3b 0b 39 0b 49 13 00 00  |......:.;.9.I...|
00015820  0e 2e 01 3f 19 03 0e 3a  21 01 3b 05 39 21 05 27  |...?...:!.;.9!.'|
00015830  19 49 13 11 01 12 06 40  18 7c 19 01 13 00 00 0f  |.I.....@.|......|
00015840  34 00 03 08 3a 21 01 3b  0b 39 0b 49 13 02 18 00  |4...:!.;.9.I....|
00015850  00 10 34 00 03 0e 3a 21  01 3b 0b 39 0b 49 13 02  |..4...:!.;.9.I..|
00015860  18 00 00 11 05 00 03 0e  3a 21 01 3b 05 39 0b 49  |........:!.;.9.I|
00015870  13 02 18 00 00 12 34 00  03 0e 3a 21 01 3b 05 39  |......4...:!.;.9|
00015880  0b 49 13 02 18 00 00 13  05 00 03 08 3a 21 01 3b  |.I..........:!.;|
00015890  0b 39 0b 49 13 02 18 00  00 14 0b 01 11 01 12 06  |.9.I............|
000158a0  00 00 15 13 01 03 0e 0b  0b 3a 21 01 3b 0b 39 0b  |.........:!.;.9.|
000158b0  01 13 00 00 16 18 00 00  00 17 2e 01 03 0e 3a 21  |..............:!|
000158c0  01 3b 0b 39 21 0d 27 19  11 01 12 06 40 18 7c 19  |.;.9!.'.....@.|.|
000158d0  01 13 00 00 18 11 01 25  0e 13 0b 03 1f 1b 1f 11  |.......%........|
000158e0  01 12 06 10 17 00 00 19  24 00 0b 0b 3e 0b 03 08  |........$...>...|
000158f0  00 00 1a 04 01 03 0e 3e  0b 0b 0b 49 13 3a 0b 3b  |.......>...I.:.;|
00015900  0b 39 0b 01 13 00 00 1b  21 00 49 13 2f 05 00 00  |.9......!.I./...|
00015910  1c 34 00 03 0e 3a 0b 3b  0b 39 0b 49 13 3f 19 3c  |.4...:.;.9.I.?.<|
00015920  19 00 00 1d 15 01 27 19  49 13 01 13 00 00 1e 26  |......'.I......&|
00015930  00 00 00 1f 0f 00 0b 0b  00 00 20 2e 01 3f 19 03  |.......... ..?..|
00015940  0e 3a 0b 3b 0b 39 0b 27  19 49 13 3c 19 01 13 00  |.:.;.9.'.I.<....|
00015950  00 21 2e 01 3f 19 03 0e  3a 0b 3b 05 39 0b 27 19  |.!..?...:.;.9.'.|
00015960  11 01 12 06 40 18 7c 19  01 13 00 00 22 2e 01 3f  |....@.|....."..?|
00015970  19 03 0e 3a 0b 3b 0b 39  0b 27 19 49 13 11 01 12  |...:.;.9.'.I....|
00015980  06 40 18 7a 19 01 13 00  00 23 05 00 03 0e 3a 0b  |.@.z.....#....:.|
00015990  3b 0b 39 0b 49 13 02 18  00 00 24 2e 00 3f 19 03  |;.9.I.....$..?..|
000159a0  0e 3a 0b 3b 0b 39 0b 27  19 11 01 12 06 40 18 7c  |.:.;.9.'.....@.||
000159b0  19 00 00 25 2e 01 3f 19  03 0e 3a 0b 3b 0b 39 0b  |...%..?...:.;.9.|
000159c0  27 19 11 01 12 06 40 18  7c 19 01 13 00 00 26 2e  |'.....@.|.....&.|
000159d0  01 03 0e 3a 0b 3b 0b 39  0b 27 19 49 13 11 01 12  |...:.;.9.'.I....|
000159e0  06 40 18 7c 19 01 13 00  00 27 2e 01 03 0e 3a 0b  |.@.|.....'....:.|
000159f0  3b 0b 39 0b 27 19 49 13  11 01 12 06 40 18 7a 19  |;.9.'.I.....@.z.|
00015a00  00 00 00 01 05 00 31 13  02 18 00 00 02 28 00 03  |......1......(..|
00015a10  0e 1c 0b 00 00 03 05 00  49 13 00 00 04 0d 00 03  |........I.......|
00015a20  08 3a 21 07 3b 0b 39 0b  49 13 38 0b 00 00 05 0d  |.:!.;.9.I.8.....|
00015a30  00 03 0e 3a 21 07 3b 0b  39 0b 49 13 38 0b 00 00  |...:!.;.9.I.8...|
00015a40  06 1d 01 31 13 11 01 12  06 58 21 01 59 05 57 0b  |...1.....X!.Y.W.|
00015a50  01 13 00 00 07 16 00 03  0e 3a 0b 3b 0b 39 0b 49  |.........:.;.9.I|
00015a60  13 00 00 08 34 00 03 08  3a 21 01 3b 05 39 0b 49  |....4...:!.;.9.I|
00015a70  13 02 18 00 00 09 0f 00  0b 21 04 49 13 00 00 0a  |.........!.I....|
00015a80  34 00 03 0e 3a 21 01 3b  0b 39 0b 49 13 02 18 00  |4...:!.;.9.I....|
00015a90  00 0b 24 00 0b 0b 3e 0b  03 0e 00 00 0c 05 00 03  |..$...>.........|
00015aa0  0e 3a 21 01 3b 05 39 0b  49 13 02 18 00 00 0d 34  |.:!.;.9.I......4|
00015ab0  00 31 13 02 18 00 00 0e  01 01 49 13 01 13 00 00  |.1........I.....|
00015ac0  0f 34 00 03 08 3a 21 01  3b 0b 39 0b 49 13 02 18  |.4...:!.;.9.I...|
00015ad0  00 00 10 2e 01 3f 19 03  0e 3a 0b 3b 0b 39 21 06  |.....?...:.;.9!.|
00015ae0  27 19 3c 19 01 13 00 00  11 1d 01 31 13 11 01 12  |'.<........1....|
00015af0  06 58 21 01 59 05 57 0b  00 00 12 1d 01 31 13 11  |.X!.Y.W......1..|
00015b00  01 12 06 58 21 01 59 0b  57 0b 01 13 00 00 13 21  |...X!.Y.W......!|
00015b10  00 49 13 2f 0b 00 00 14  34 00 03 0e 3a 0b 3b 0b  |.I./....4...:.;.|
00015b20  39 0b 49 13 3f 19 3c 19  00 00 15 2e 01 3f 19 03  |9.I.?.<......?..|
00015b30  0e 3a 0b 3b 0b 39 0b 27  19 49 13 3c 19 01 13 00  |.:.;.9.'.I.<....|
00015b40  00 16 2e 01 3f 19 03 0e  3a 21 01 3b 05 39 21 06  |....?...:!.;.9!.|
00015b50  27 19 11 01 12 06 40 18  7c 19 01 13 00 00 17 2e  |'.....@.|.......|
00015b60  01 3f 19 03 0e 3a 21 01  3b 05 39 0b 27 19 49 13  |.?...:!.;.9.'.I.|
00015b70  11 01 12 06 40 18 7a 19  01 13 00 00 18 04 01 03  |....@.z.........|
00015b80  0e 3e 21 07 0b 21 04 49  13 3a 0b 3b 0b 39 21 06  |.>!..!.I.:.;.9!.|
00015b90  01 13 00 00 19 18 00 00  00 1a 05 00 03 08 3a 21  |..............:!|
00015ba0  01 3b 05 39 0b 49 13 02  18 00 00 1b 34 00 03 0e  |.;.9.I......4...|
00015bb0  3a 21 01 3b 05 39 21 06  49 13 02 18 00 00 1c 05  |:!.;.9!.I.......|
00015bc0  00 03 0e 3a 21 02 3b 05  39 0b 49 13 00 00 1d 26  |...:!.;.9.I....&|
00015bd0  00 49 13 00 00 1e 21 00  49 13 2f 05 00 00 1f 13  |.I....!.I./.....|
00015be0  01 03 0e 0b 0b 3a 21 07  3b 0b 39 21 10 01 13 00  |.....:!.;.9!....|
00015bf0  00 20 2e 01 3f 19 03 0e  3a 0b 3b 05 39 21 06 27  |. ..?...:.;.9!.'|
00015c00  19 3c 19 01 13 00 00 21  2e 01 3f 19 03 0e 3a 21  |.<.....!..?...:!|
00015c10  01 3b 05 39 21 05 27 19  49 13 11 01 12 06 40 18  |.;.9!.'.I.....@.|
00015c20  7c 19 01 13 00 00 22 0b  01 11 01 12 06 00 00 23  ||....."........#|
00015c30  05 00 03 0e 3a 21 01 3b  0b 39 0b 49 13 02 18 00  |....:!.;.9.I....|
00015c40  00 24 11 01 25 0e 13 0b  03 1f 1b 1f 11 01 12 06  |.$..%...........|
00015c50  10 17 00 00 25 24 00 0b  0b 3e 0b 03 08 00 00 26  |....%$...>.....&|
00015c60  13 00 03 0e 3c 19 00 00  27 34 00 47 13 3a 0b 3b  |....<...'4.G.:.;|
00015c70  0b 39 0b 02 18 00 00 28  15 01 27 19 01 13 00 00  |.9.....(..'.....|
00015c80  29 0f 00 0b 0b 00 00 2a  2e 00 3f 19 03 0e 3a 0b  |)......*..?...:.|
00015c90  3b 05 39 0b 27 19 49 13  11 01 12 06 40 18 7a 19  |;.9.'.I.....@.z.|
00015ca0  00 00 2b 2e 01 3f 19 03  0e 3a 0b 3b 05 39 0b 27  |..+..?...:.;.9.'|
00015cb0  19 11 01 12 06 40 18 7a  19 01 13 00 00 2c 2e 01  |.....@.z.....,..|
00015cc0  03 0e 3a 0b 3b 0b 39 0b  27 19 11 01 12 06 40 18  |..:.;.9.'.....@.|
00015cd0  7c 19 01 13 00 00 2d 34  00 03 0e 49 13 34 19 02  ||.....-4...I.4..|
00015ce0  18 00 00 2e 0b 01 11 01  12 06 01 13 00 00 2f 2e  |............../.|
00015cf0  01 03 0e 3a 0b 3b 05 39  0b 27 19 20 0b 01 13 00  |...:.;.9.'. ....|
00015d00  00 30 2e 01 03 08 3a 0b  3b 05 39 0b 27 19 49 13  |.0....:.;.9.'.I.|
00015d10  20 0b 00 00 31 34 00 03  0e 3a 0b 3b 05 39 0b 49  | ...14...:.;.9.I|
00015d20  13 00 00 00 01 28 00 03  0e 1c 0b 00 00 02 05 00  |.....(..........|
00015d30  49 13 00 00 03 0d 00 03  08 3a 21 05 3b 0b 39 21  |I........:!.;.9!|
00015d40  0b 49 13 38 0b 00 00 04  34 00 03 0e 3a 21 01 3b  |.I.8....4...:!.;|
00015d50  05 39 0b 49 13 02 18 00  00 05 24 00 0b 0b 3e 0b  |.9.I......$...>.|
00015d60  03 0e 00 00 06 0f 00 0b  21 04 49 13 00 00 07 34  |........!.I....4|
00015d70  00 03 08 3a 21 01 3b 05  39 0b 49 13 02 18 00 00  |...:!.;.9.I.....|
00015d80  08 2e 01 3f 19 03 0e 3a  0b 3b 0b 39 21 06 27 19  |...?...:.;.9!.'.|
00015d90  3c 19 01 13 00 00 09 0b  01 11 01 12 06 00 00 0a  |<...............|
00015da0  01 01 49 13 01 13 00 00  0b 16 00 03 0e 3a 0b 3b  |..I..........:.;|
00015db0  0b 39 0b 49 13 00 00 0c  0d 00 03 0e 3a 0b 3b 0b  |.9.I........:.;.|
00015dc0  39 0b 49 13 38 0b 00 00  0d 21 00 49 13 2f 0b 00  |9.I.8....!.I./..|
00015dd0  00 0e 04 01 03 0e 3e 21  07 0b 21 04 49 13 3a 0b  |......>!..!.I.:.|
00015de0  3b 0b 39 21 06 01 13 00  00 0f 2e 01 3f 19 03 0e  |;.9!........?...|
00015df0  3a 0b 3b 0b 39 0b 27 19  49 13 3c 19 01 13 00 00  |:.;.9.'.I.<.....|
00015e00  10 05 00 03 08 3a 21 01  3b 0b 39 0b 49 13 02 18  |.....:!.;.9.I...|
00015e10  00 00 11 34 00 03 08 3a  21 01 3b 0b 39 0b 49 13  |...4...:!.;.9.I.|
00015e20  02 18 00 00 12 26 00 49  13 00 00 13 34 00 03 0e  |.....&.I....4...|
00015e30  3a 21 04 3b 0b 39 0b 49  13 3f 19 3c 19 00 00 14  |:!.;.9.I.?.<....|
00015e40  13 01 03 0e 0b 0b 3a 0b  3b 0b 39 21 10 01 13 00  |......:.;.9!....|
00015e50  00 15 34 00 03 0e 3a 21  01 3b 0b 39 21 0b 49 13  |..4...:!.;.9!.I.|
00015e60  3f 19 02 18 00 00 16 18  00 00 00 17 05 00 03 08  |?...............|
00015e70  3a 21 01 3b 21 81 03 39  0b 49 13 02 18 00 00 18  |:!.;!..9.I......|
00015e80  2e 01 3f 19 03 0e 3a 21  01 3b 0b 39 0b 27 19 49  |..?...:!.;.9.'.I|
00015e90  13 11 01 12 06 40 18 7c  19 01 13 00 00 19 05 00  |.....@.|........|
00015ea0  03 0e 3a 21 01 3b 0b 39  0b 49 13 02 18 00 00 1a  |..:!.;.9.I......|
00015eb0  34 00 03 0e 49 13 34 19  02 18 00 00 1b 11 01 25  |4...I.4........%|
00015ec0  0e 13 0b 03 1f 1b 1f 11  01 12 06 10 17 00 00 1c  |................|
00015ed0  24 00 0b 0b 3e 0b 03 08  00 00 1d 21 00 49 13 2f  |$...>......!.I./|
00015ee0  05 00 00 1e 26 00 00 00  1f 34 00 03 0e 3a 0b 3b  |....&....4...:.;|
00015ef0  0b 39 0b 49 13 02 18 00  00 20 0f 00 0b 0b 00 00  |.9.I..... ......|
00015f00  21 2e 01 3f 19 03 0e 3a  0b 3b 05 39 0b 27 19 11  |!..?...:.;.9.'..|
00015f10  01 12 06 40 18 7c 19 01  13 00 00 22 05 00 03 0e  |...@.|....."....|
00015f20  3a 0b 3b 05 39 0b 49 13  02 18 00 00 23 34 00 03  |:.;.9.I.....#4..|
00015f30  0e 3a 0b 3b 05 39 0b 49  13 00 00 24 0b 01 11 01  |.:.;.9.I...$....|
00015f40  12 06 01 13 00 00 25 2e  01 3f 19 03 0e 3a 0b 3b  |......%..?...:.;|
00015f50  0b 39 0b 27 19 11 01 12  06 40 18 7c 19 01 13 00  |.9.'.....@.|....|
00015f60  00 26 2e 01 3f 19 03 0e  3a 0b 3b 0b 39 0b 27 19  |.&..?...:.;.9.'.|
00015f70  11 01 12 06 40 18 7c 19  00 00 00 01 05 00 31 13  |....@.|.......1.|
00015f80  02 18 00 00 02 0d 00 03  08 3a 21 05 3b 0b 39 0b  |.........:!.;.9.|
00015f90  49 13 38 0b 00 00 03 0d  00 03 0e 3a 0b 3b 0b 39  |I.8........:.;.9|
00015fa0  0b 49 13 38 0b 00 00 04  28 00 03 0e 1c 0b 00 00  |.I.8....(.......|
00015fb0  05 05 00 03 0e 3a 21 01  3b 0b 39 0b 49 13 02 18  |.....:!.;.9.I...|
00015fc0  00 00 06 1d 01 31 13 11  01 12 06 58 21 01 59 0b  |.....1.....X!.Y.|
00015fd0  57 0b 01 13 00 00 07 16  00 03 0e 3a 0b 3b 0b 39  |W..........:.;.9|
00015fe0  0b 49 13 00 00 08 0f 00  0b 21 04 49 13 00 00 09  |.I.......!.I....|
00015ff0  05 00 49 13 00 00 0a 24  00 0b 0b 3e 0b 03 0e 00  |..I....$...>....|
00016000  00 0b 2e 01 03 0e 3a 21  01 3b 0b 39 21 0d 27 19  |......:!.;.9!.'.|
00016010  11 01 12 06 40 18 7c 19  01 13 00 00 0c 2e 01 3f  |....@.|........?|
00016020  19 03 0e 3a 0b 3b 0b 39  21 06 27 19 3c 19 01 13  |...:.;.9!.'.<...|
00016030  00 00 0d 01 01 49 13 01  13 00 00 0e 21 00 49 13  |.....I......!.I.|
00016040  2f 0b 00 00 0f 05 00 03  0e 3a 21 01 3b 05 39 0b  |/........:!.;.9.|
00016050  49 13 02 18 00 00 10 1d  01 31 13 11 01 12 06 58  |I........1.....X|
00016060  21 01 59 0b 57 0b 00 00  11 04 01 03 0e 3e 21 07  |!.Y.W........>!.|
00016070  0b 21 04 49 13 3a 0b 3b  0b 39 21 06 01 13 00 00  |.!.I.:.;.9!.....|
00016080  12 13 01 03 0e 0b 0b 3a  21 05 3b 0b 39 21 10 01  |.......:!.;.9!..|
00016090  13 00 00 13 2e 01 03 0e  3a 21 01 3b 0b 39 21 0d  |........:!.;.9!.|
000160a0  27 19 11 01 12 06 40 18  7a 19 01 13 00 00 14 05  |'.....@.z.......|
000160b0  00 03 0e 3a 21 02 3b 21  e6 02 39 0b 49 13 00 00  |...:!.;!..9.I...|
000160c0  15 11 01 25 0e 13 0b 03  1f 1b 1f 11 01 12 06 10  |...%............|
000160d0  17 00 00 16 26 00 49 13  00 00 17 24 00 0b 0b 3e  |....&.I....$...>|
000160e0  0b 03 08 00 00 18 34 00  03 0e 3a 0b 3b 0b 39 0b  |......4...:.;.9.|
000160f0  49 13 3f 19 3c 19 00 00  19 15 01 27 19 01 13 00  |I.?.<......'....|
00016100  00 1a 34 00 03 0e 3a 0b  3b 0b 39 0b 49 13 3f 19  |..4...:.;.9.I.?.|
00016110  02 18 00 00 1b 13 01 0b  0b 3a 0b 3b 0b 39 0b 01  |.........:.;.9..|
00016120  13 00 00 1c 18 00 00 00  1d 2e 01 3f 19 03 0e 3a  |...........?...:|
00016130  0b 3b 05 39 0b 27 19 49  13 11 01 12 06 40 18 7a  |.;.9.'.I.....@.z|
00016140  19 01 13 00 00 1e 34 00  03 0e 3a 0b 3b 05 39 0b  |......4...:.;.9.|
00016150  49 13 02 18 00 00 1f 2e  00 3f 19 03 0e 3a 0b 3b  |I........?...:.;|
00016160  05 39 0b 27 19 11 01 12  06 40 18 7c 19 00 00 20  |.9.'.....@.|... |
00016170  2e 01 3f 19 03 0e 3a 0b  3b 05 39 0b 27 19 11 01  |..?...:.;.9.'...|
00016180  12 06 40 18 7c 19 01 13  00 00 21 2e 01 03 0e 3a  |..@.|.....!....:|
00016190  0b 3b 05 39 0b 27 19 11  01 12 06 40 18 7c 19 01  |.;.9.'.....@.|..|
000161a0  13 00 00 22 34 00 03 08  3a 0b 3b 05 39 0b 49 13  |..."4...:.;.9.I.|
000161b0  02 18 00 00 23 34 00 03  0e 3a 0b 3b 05 39 0b 49  |....#4...:.;.9.I|
000161c0  13 3f 19 3c 19 00 00 24  15 00 27 19 00 00 25 34  |.?.<...$..'...%4|
000161d0  00 03 08 3a 0b 3b 0b 39  0b 49 13 02 18 00 00 26  |...:.;.9.I.....&|
000161e0  2e 01 03 0e 3a 0b 3b 05  39 0b 27 19 20 0b 00 00  |....:.;.9.'. ...|
000161f0  00 01 05 00 49 13 00 00  02 28 00 03 0e 1c 0b 00  |....I....(......|
00016200  00 03 0d 00 03 08 3a 21  08 3b 0b 39 0b 49 13 38  |......:!.;.9.I.8|
00016210  0b 00 00 04 34 00 03 0e  3a 21 01 3b 05 39 0b 49  |....4...:!.;.9.I|
00016220  13 02 18 00 00 05 0f 00  0b 21 04 49 13 00 00 06  |.........!.I....|
00016230  34 00 03 08 3a 21 01 3b  05 39 0b 49 13 02 18 00  |4...:!.;.9.I....|
00016240  00 07 0d 00 03 0e 3a 21  08 3b 0b 39 0b 49 13 38  |......:!.;.9.I.8|
00016250  0b 00 00 08 34 00 03 0e  49 13 34 19 02 18 00 00  |....4...I.4.....|
00016260  09 16 00 03 0e 3a 0b 3b  0b 39 0b 49 13 00 00 0a  |.....:.;.9.I....|
00016270  01 01 49 13 01 13 00 00  0b 26 00 49 13 00 00 0c  |..I......&.I....|
00016280  34 00 03 0e 3a 0b 3b 0b  39 0b 49 13 3f 19 3c 19  |4...:.;.9.I.?.<.|
00016290  00 00 0d 21 00 49 13 2f  0b 00 00 0e 2e 01 3f 19  |...!.I./......?.|
000162a0  03 0e 3a 0b 3b 0b 39 21  06 27 19 3c 19 01 13 00  |..:.;.9!.'.<....|
000162b0  00 0f 2e 01 3f 19 03 0e  3a 21 01 3b 05 39 21 01  |....?...:!.;.9!.|
000162c0  27 19 11 01 12 06 40 18  7c 19 01 13 00 00 10 05  |'.....@.|.......|
000162d0  00 03 08 3a 21 01 3b 05  39 21 01 49 13 02 18 00  |...:!.;.9!.I....|
000162e0  00 11 24 00 0b 0b 3e 0b  03 0e 00 00 12 2e 01 3f  |..$...>........?|
000162f0  19 03 0e 3a 0b 3b 0b 39  0b 27 19 49 13 3c 19 01  |...:.;.9.'.I.<..|
00016300  13 00 00 13 2e 01 3f 19  03 0e 3a 0b 3b 05 39 0b  |......?...:.;.9.|
00016310  27 19 49 13 3c 19 01 13  00 00 14 2e 01 3f 19 03  |'.I.<........?..|
00016320  0e 3a 21 08 3b 05 39 21  06 27 19 3c 19 01 13 00  |.:!.;.9!.'.<....|
00016330  00 15 04 01 03 0e 3e 21  07 0b 21 04 49 13 3a 0b  |......>!..!.I.:.|
00016340  3b 0b 39 21 06 01 13 00  00 16 34 00 03 0e 3a 21  |;.9!......4...:!|
00016350  01 3b 0b 39 0b 49 13 02  18 00 00 17 13 01 03 0e  |.;.9.I..........|
00016360  0b 0b 3a 21 08 3b 0b 39  21 10 01 13 00 00 18 15  |..:!.;.9!.......|
00016370  01 27 19 01 13 00 00 19  18 00 00 00 1a 05 00 03  |.'..............|
00016380  0e 3a 21 01 3b 21 b2 06  39 0b 49 13 02 18 00 00  |.:!.;!..9.I.....|
00016390  1b 05 00 31 13 02 18 00  00 1c 0b 01 11 01 12 06  |...1............|
000163a0  00 00 1d 05 00 03 0e 3a  21 01 3b 0b 39 0b 49 13  |.......:!.;.9.I.|
000163b0  02 18 00 00 1e 05 00 03  0e 3a 21 02 3b 21 e6 02  |.........:!.;!..|
000163c0  39 0b 49 13 00 00 1f 11  01 25 0e 13 0b 03 1f 1b  |9.I......%......|
000163d0  1f 11 01 12 06 10 17 00  00 20 24 00 0b 0b 3e 0b  |......... $...>.|
000163e0  03 08 00 00 21 21 00 49  13 2f 05 00 00 22 13 00  |....!!.I./..."..|
000163f0  03 0e 3c 19 00 00 23 26  00 00 00 24 0f 00 0b 0b  |..<...#&...$....|
00016400  00 00 25 2e 00 3f 19 03  0e 3a 0b 3b 05 39 0b 27  |..%..?...:.;.9.'|
00016410  19 49 13 3c 19 00 00 26  2e 00 3f 19 03 0e 3a 0b  |.I.<...&..?...:.|
00016420  3b 05 39 0b 27 19 3c 19  00 00 27 2e 00 3f 19 03  |;.9.'.<...'..?..|
00016430  0e 3a 0b 3b 05 39 0b 27  19 11 01 12 06 40 18 7c  |.:.;.9.'.....@.||
00016440  19 00 00 28 2e 01 03 0e  3a 0b 3b 05 39 0b 27 19  |...(....:.;.9.'.|
00016450  11 01 12 06 40 18 7c 19  01 13 00 00 29 1d 01 31  |....@.|.....)..1|
00016460  13 11 01 12 06 58 0b 59  05 57 0b 00 00 2a 2e 01  |.....X.Y.W...*..|
00016470  3f 19 03 0e 3a 0b 3b 0b  39 0b 27 19 11 01 12 06  |?...:.;.9.'.....|
00016480  40 18 7c 19 01 13 00 00  2b 05 00 03 08 3a 0b 3b  |@.|.....+....:.;|
00016490  0b 39 0b 49 13 02 18 00  00 2c 0b 01 55 17 00 00  |.9.I.....,..U...|
000164a0  2d 2e 01 03 0e 3a 0b 3b  0b 39 0b 27 19 11 01 12  |-....:.;.9.'....|
000164b0  06 40 18 7c 19 01 13 00  00 2e 34 00 03 08 3a 0b  |.@.|......4...:.|
000164c0  3b 0b 39 0b 49 13 02 18  00 00 2f 2e 01 03 0e 3a  |;.9.I...../....:|
000164d0  0b 3b 05 39 0b 27 19 20  0b 00 00 00 01 0d 00 03  |.;.9.'. ........|
000164e0  08 3a 21 05 3b 0b 39 0b  49 13 38 0b 00 00 02 0d  |.:!.;.9.I.8.....|
000164f0  00 03 0e 3a 21 05 3b 0b  39 0b 49 13 38 0b 00 00  |...:!.;.9.I.8...|
00016500  03 05 00 49 13 00 00 04  16 00 03 0e 3a 0b 3b 0b  |...I........:.;.|
00016510  39 0b 49 13 00 00 05 24  00 0b 0b 3e 0b 03 0e 00  |9.I....$...>....|
00016520  00 06 0f 00 0b 21 04 49  13 00 00 07 2e 01 3f 19  |.....!.I......?.|
00016530  03 0e 3a 0b 3b 0b 39 21  06 27 19 3c 19 01 13 00  |..:.;.9!.'.<....|
00016540  00 08 34 00 03 0e 3a 21  05 3b 0b 39 0b 49 13 3f  |..4...:!.;.9.I.?|
00016550  19 3c 19 00 00 09 28 00  03 0e 1c 0b 00 00 0a 34  |.<....(........4|
00016560  00 03 08 3a 0b 3b 0b 39  0b 49 13 02 18 00 00 0b  |...:.;.9.I......|
00016570  2e 01 3f 19 03 0e 3a 21  02 3b 0b 39 21 06 27 19  |..?...:!.;.9!.'.|
00016580  11 01 12 06 40 18 7c 19  01 13 00 00 0c 05 00 03  |....@.|.........|
00016590  08 3a 21 02 3b 0b 39 0b  49 13 02 18 00 00 0d 0b  |.:!.;.9.I.......|
000165a0  01 11 01 12 06 00 00 0e  13 01 03 0e 0b 0b 3a 21  |..............:!|
000165b0  05 3b 0b 39 21 10 01 13  00 00 0f 01 01 49 13 01  |.;.9!........I..|
000165c0  13 00 00 10 21 00 49 13  2f 0b 00 00 11 05 00 03  |....!.I./.......|
000165d0  0e 3a 21 02 3b 0b 39 0b  49 13 02 18 00 00 12 11  |.:!.;.9.I.......|
000165e0  01 25 0e 13 0b 03 1f 1b  1f 11 01 12 06 10 17 00  |.%..............|
000165f0  00 13 26 00 49 13 00 00  14 24 00 0b 0b 3e 0b 03  |..&.I....$...>..|
00016600  08 00 00 15 04 01 03 0e  3e 0b 0b 0b 49 13 3a 0b  |........>...I.:.|
00016610  3b 0b 39 0b 01 13 00 00  16 13 00 03 0e 3c 19 00  |;.9..........<..|
00016620  00 17 2e 01 3f 19 03 0e  3a 0b 3b 05 39 0b 27 19  |....?...:.;.9.'.|
00016630  49 13 3c 19 01 13 00 00  18 18 00 00 00 19 2e 01  |I.<.............|
00016640  3f 19 03 0e 3a 0b 3b 0b  39 0b 27 19 11 01 12 06  |?...:.;.9.'.....|
00016650  40 18 7a 19 01 13 00 00  1a 2e 01 03 0e 3a 0b 3b  |@.z..........:.;|
00016660  0b 39 0b 27 19 49 13 11  01 12 06 40 18 7a 19 00  |.9.'.I.....@.z..|
00016670  00 00 01 24 00 0b 0b 3e  0b 03 0e 00 00 02 05 00  |...$...>........|
00016680  49 13 00 00 03 0f 00 0b  21 04 49 13 00 00 04 05  |I.......!.I.....|
00016690  00 03 08 3a 21 01 3b 21  1a 39 0b 49 13 02 18 00  |...:!.;!.9.I....|
000166a0  00 05 34 00 03 0e 3a 21  01 3b 0b 39 0b 49 13 02  |..4...:!.;.9.I..|
000166b0  18 00 00 06 11 01 25 0e  13 0b 03 1f 1b 1f 11 01  |......%.........|
000166c0  12 06 10 17 00 00 07 24  00 0b 0b 3e 0b 03 08 00  |.......$...>....|
000166d0  00 08 16 00 03 0e 3a 0b  3b 0b 39 0b 49 13 00 00  |......:.;.9.I...|
000166e0  09 26 00 49 13 00 00 0a  2e 01 3f 19 03 0e 3a 0b  |.&.I......?...:.|
000166f0  3b 0b 39 0b 27 19 3c 19  01 13 00 00 0b 0f 00 0b  |;.9.'.<.........|
00016700  0b 00 00 0c 26 00 00 00  0d 2e 01 3f 19 03 0e 3a  |....&......?...:|
00016710  0b 3b 0b 39 0b 27 19 11  01 12 06 40 18 7c 19 01  |.;.9.'.....@.|..|
00016720  13 00 00 00 01 24 00 0b  0b 3e 0b 03 0e 00 00 02  |.....$...>......|
00016730  05 00 03 08 3a 21 01 3b  21 1b 39 0b 49 13 02 18  |....:!.;!.9.I...|
00016740  00 00 03 11 01 25 0e 13  0b 03 1f 1b 1f 11 01 12  |.....%..........|
00016750  06 10 17 00 00 04 24 00  0b 0b 3e 0b 03 08 00 00  |......$...>.....|
00016760  05 16 00 03 0e 3a 0b 3b  0b 39 0b 49 13 00 00 06  |.....:.;.9.I....|
00016770  2e 01 3f 19 03 0e 3a 0b  3b 0b 39 0b 27 19 49 13  |..?...:.;.9.'.I.|
00016780  11 01 12 06 40 18 7a 19  00 00 07 05 00 03 0e 3a  |....@.z........:|
00016790  0b 3b 0b 39 0b 49 13 02  18 00 00 00 01 24 00 0b  |.;.9.I.......$..|
000167a0  0b 3e 0b 03 0e 00 00 02  05 00 49 13 00 00 03 11  |.>........I.....|
000167b0  01 25 0e 13 0b 03 1f 1b  1f 11 01 12 06 10 17 00  |.%..............|
000167c0  00 04 16 00 03 0e 3a 0b  3b 0b 39 0b 49 13 00 00  |......:.;.9.I...|
000167d0  05 24 00 0b 0b 3e 0b 03  08 00 00 06 0f 00 0b 0b  |.$...>..........|
000167e0  49 13 00 00 07 2e 01 3f  19 03 0e 3a 0b 3b 05 39  |I......?...:.;.9|
000167f0  0b 27 19 49 13 3c 19 01  13 00 00 08 2e 01 3f 19  |.'.I.<........?.|
00016800  03 0e 3a 0b 3b 0b 39 0b  27 19 49 13 11 01 12 06  |..:.;.9.'.I.....|
00016810  40 18 7c 19 00 00 09 05  00 03 08 3a 0b 3b 0b 39  |@.|........:.;.9|
00016820  0b 49 13 02 18 00 00 0a  05 00 03 0e 3a 0b 3b 0b  |.I..........:.;.|
00016830  39 0b 49 13 02 18 00 00  0b 34 00 03 08 3a 0b 3b  |9.I......4...:.;|
00016840  0b 39 0b 49 13 02 18 00  00 00 01 24 00 0b 0b 3e  |.9.I.......$...>|
00016850  0b 03 0e 00 00 02 11 01  25 0e 13 0b 03 1f 1b 1f  |........%.......|
00016860  11 01 12 06 10 17 00 00  03 24 00 0b 0b 3e 0b 03  |.........$...>..|
00016870  08 00 00 04 0f 00 0b 0b  49 13 00 00 05 2e 01 3f  |........I......?|
00016880  19 03 0e 3a 0b 3b 0b 39  0b 27 19 49 13 11 01 12  |...:.;.9.'.I....|
00016890  06 40 18 7c 19 00 00 06  05 00 03 08 3a 0b 3b 0b  |.@.|........:.;.|
000168a0  39 0b 49 13 02 18 00 00  07 05 00 03 0e 3a 0b 3b  |9.I..........:.;|
000168b0  0b 39 0b 49 13 02 18 00  00 08 34 00 03 0e 3a 0b  |.9.I......4...:.|
000168c0  3b 0b 39 0b 49 13 02 18  00 00 00 01 24 00 0b 0b  |;.9.I.......$...|
000168d0  3e 0b 03 0e 00 00 02 26  00 49 13 00 00 03 01 01  |>......&.I......|
000168e0  49 13 01 13 00 00 04 0b  01 11 01 12 06 00 00 05  |I...............|
000168f0  34 00 03 08 3a 21 01 3b  0b 39 0b 49 13 02 18 00  |4...:!.;.9.I....|
00016900  00 06 11 01 25 0e 13 0b  03 1f 1b 1f 11 01 12 06  |....%...........|
00016910  10 17 00 00 07 24 00 0b  0b 3e 0b 03 08 00 00 08  |.....$...>......|
00016920  16 00 03 0e 3a 0b 3b 0b  39 0b 49 13 00 00 09 0f  |....:.;.9.I.....|
00016930  00 0b 0b 49 13 00 00 0a  21 00 00 00 0b 34 00 03  |...I....!....4..|
00016940  0e 3a 0b 3b 0b 39 0b 49  13 3f 19 3c 19 00 00 0c  |.:.;.9.I.?.<....|
00016950  21 00 49 13 2f 0b 00 00  0d 34 00 47 13 3a 0b 3b  |!.I./....4.G.:.;|
00016960  0b 39 0b 49 13 02 18 00  00 0e 2e 01 3f 19 03 0e  |.9.I........?...|
00016970  3a 0b 3b 0b 39 0b 27 19  49 13 11 01 12 06 40 18  |:.;.9.'.I.....@.|
00016980  7a 19 00 00 0f 05 00 03  08 3a 0b 3b 0b 39 0b 49  |z........:.;.9.I|
00016990  13 02 18 00 00 10 05 00  03 0e 3a 0b 3b 0b 39 0b  |..........:.;.9.|
000169a0  49 13 02 18 00 00 11 34  00 03 0e 3a 0b 3b 0b 39  |I......4...:.;.9|
000169b0  0b 49 13 02 18 00 00 00  01 24 00 0b 0b 3e 0b 03  |.I.......$...>..|
000169c0  0e 00 00 02 34 00 03 08  3a 21 01 3b 0b 39 0b 49  |....4...:!.;.9.I|
000169d0  13 02 18 00 00 03 11 01  25 0e 13 0b 03 1f 1b 1f  |........%.......|
000169e0  11 01 12 06 10 17 00 00  04 24 00 0b 0b 3e 0b 03  |.........$...>..|
000169f0  08 00 00 05 16 00 03 0e  3a 0b 3b 0b 39 0b 49 13  |........:.;.9.I.|
00016a00  00 00 06 0f 00 0b 0b 49  13 00 00 07 2e 01 3f 19  |.......I......?.|
00016a10  03 0e 3a 0b 3b 0b 39 0b  27 19 49 13 11 01 12 06  |..:.;.9.'.I.....|
00016a20  40 18 7a 19 00 00 08 05  00 03 08 3a 0b 3b 0b 39  |@.z........:.;.9|
00016a30  0b 49 13 02 18 00 00 09  05 00 03 0e 3a 0b 3b 0b  |.I..........:.;.|
00016a40  39 0b 49 13 02 18 00 00  0a 34 00 03 0e 3a 0b 3b  |9.I......4...:.;|
00016a50  0b 39 0b 49 13 02 18 00  00 00 01 24 00 0b 0b 3e  |.9.I.......$...>|
00016a60  0b 03 0e 00 00 02 05 00  49 13 00 00 03 11 01 25  |........I......%|
00016a70  0e 13 0b 03 1f 1b 1f 11  01 12 06 10 17 00 00 04  |................|
00016a80  24 00 0b 0b 3e 0b 03 08  00 00 05 16 00 03 0e 3a  |$...>..........:|
00016a90  0b 3b 0b 39 0b 49 13 00  00 06 0f 00 0b 0b 49 13  |.;.9.I........I.|
00016aa0  00 00 07 2e 01 3f 19 03  0e 3a 0b 3b 05 39 0b 27  |.....?...:.;.9.'|
00016ab0  19 49 13 3c 19 01 13 00  00 08 2e 01 3f 19 03 0e  |.I.<........?...|
00016ac0  3a 0b 3b 0b 39 0b 27 19  49 13 11 01 12 06 40 18  |:.;.9.'.I.....@.|
00016ad0  7c 19 00 00 09 05 00 03  08 3a 0b 3b 0b 39 0b 49  ||........:.;.9.I|
00016ae0  13 02 18 00 00 0a 05 00  03 0e 3a 0b 3b 0b 39 0b  |..........:.;.9.|
00016af0  49 13 02 18 00 00 0b 34  00 03 08 3a 0b 3b 0b 39  |I......4...:.;.9|
00016b00  0b 49 13 02 18 00 00 00  01 24 00 0b 0b 3e 0b 03  |.I.......$...>..|
00016b10  0e 00 00 02 05 00 49 13  00 00 03 11 01 25 0e 13  |......I......%..|
00016b20  0b 03 1f 1b 1f 11 01 12  06 10 17 00 00 04 24 00  |..............$.|
00016b30  0b 0b 3e 0b 03 08 00 00  05 16 00 03 0e 3a 0b 3b  |..>..........:.;|
00016b40  0b 39 0b 49 13 00 00 06  0f 00 0b 0b 49 13 00 00  |.9.I........I...|
00016b50  07 2e 01 3f 19 03 0e 3a  0b 3b 05 39 0b 27 19 49  |...?...:.;.9.'.I|
00016b60  13 3c 19 01 13 00 00 08  2e 01 3f 19 03 0e 3a 0b  |.<........?...:.|
00016b70  3b 0b 39 0b 27 19 49 13  11 01 12 06 40 18 7c 19  |;.9.'.I.....@.|.|
00016b80  00 00 09 05 00 03 08 3a  0b 3b 0b 39 0b 49 13 02  |.......:.;.9.I..|
00016b90  18 00 00 0a 05 00 03 0e  3a 0b 3b 0b 39 0b 49 13  |........:.;.9.I.|
00016ba0  02 18 00 00 0b 34 00 03  0e 3a 0b 3b 0b 39 0b 49  |.....4...:.;.9.I|
00016bb0  13 02 18 00 00 00 01 24  00 0b 0b 3e 0b 03 0e 00  |.......$...>....|
00016bc0  00 02 16 00 03 0e 3a 21  02 3b 0b 39 21 20 49 13  |......:!.;.9! I.|
00016bd0  00 00 03 05 00 03 08 3a  21 01 3b 21 18 39 0b 49  |.......:!.;!.9.I|
00016be0  13 02 18 00 00 04 11 01  25 0e 13 0b 03 1f 1b 1f  |........%.......|
00016bf0  11 01 12 06 10 17 00 00  05 24 00 0b 0b 3e 0b 03  |.........$...>..|
00016c00  08 00 00 06 2e 01 3f 19  03 0e 3a 0b 3b 0b 39 0b  |......?...:.;.9.|
00016c10  27 19 11 01 12 06 40 18  7a 19 01 13 00 00 07 34  |'.....@.z......4|
00016c20  00 03 0e 3a 0b 3b 0b 39  0b 49 13 02 18 00 00 08  |...:.;.9.I......|
00016c30  0f 00 0b 0b 00 00 09 0f  00 0b 0b 49 13 00 00 00  |...........I....|
00016c40  01 24 00 0b 0b 3e 0b 03  0e 00 00 02 05 00 03 08  |.$...>..........|
00016c50  3a 21 01 3b 21 1b 39 0b  49 13 02 18 00 00 03 0f  |:!.;!.9.I.......|
00016c60  00 0b 21 04 49 13 00 00  04 16 00 03 0e 3a 21 02  |..!.I........:!.|
00016c70  3b 0b 39 21 20 49 13 00  00 05 34 00 03 0e 3a 21  |;.9! I....4...:!|
00016c80  01 3b 0b 39 0b 49 13 02  18 00 00 06 11 01 25 0e  |.;.9.I........%.|
00016c90  13 0b 03 1f 1b 1f 11 01  12 06 10 17 00 00 07 26  |...............&|
00016ca0  00 49 13 00 00 08 24 00  0b 0b 3e 0b 03 08 00 00  |.I....$...>.....|
00016cb0  09 2e 01 3f 19 03 0e 3a  0b 3b 0b 39 0b 27 19 11  |...?...:.;.9.'..|
00016cc0  01 12 06 40 18 7a 19 01  13 00 00 0a 0f 00 0b 0b  |...@.z..........|
00016cd0  00 00 0b 26 00 00 00 00  01 24 00 0b 0b 3e 0b 03  |...&.....$...>..|
00016ce0  0e 00 00 02 05 00 03 08  3a 21 01 3b 21 1a 39 0b  |........:!.;!.9.|
00016cf0  49 13 02 18 00 00 03 0f  00 0b 21 04 49 13 00 00  |I.........!.I...|
00016d00  04 16 00 03 0e 3a 21 02  3b 0b 39 21 20 49 13 00  |.....:!.;.9! I..|
00016d10  00 05 34 00 03 0e 3a 21  01 3b 0b 39 0b 49 13 02  |..4...:!.;.9.I..|
00016d20  18 00 00 06 11 01 25 0e  13 0b 03 1f 1b 1f 11 01  |......%.........|
00016d30  12 06 10 17 00 00 07 26  00 49 13 00 00 08 24 00  |.......&.I....$.|
00016d40  0b 0b 3e 0b 03 08 00 00  09 2e 01 3f 19 03 0e 3a  |..>........?...:|
00016d50  0b 3b 0b 39 0b 27 19 11  01 12 06 40 18 7a 19 01  |.;.9.'.....@.z..|
00016d60  13 00 00 0a 0f 00 0b 0b  00 00 0b 26 00 00 00 00  |...........&....|
00016d70  01 24 00 0b 0b 3e 0b 03  0e 00 00 02 16 00 03 0e  |.$...>..........|
00016d80  3a 21 02 3b 0b 39 21 20  49 13 00 00 03 05 00 03  |:!.;.9! I.......|
00016d90  08 3a 21 01 3b 21 19 39  0b 49 13 02 18 00 00 04  |.:!.;!.9.I......|
00016da0  11 01 25 0e 13 0b 03 1f  1b 1f 11 01 12 06 10 17  |..%.............|
00016db0  00 00 05 24 00 0b 0b 3e  0b 03 08 00 00 06 2e 01  |...$...>........|
00016dc0  3f 19 03 0e 3a 0b 3b 0b  39 0b 27 19 11 01 12 06  |?...:.;.9.'.....|
00016dd0  40 18 7a 19 01 13 00 00  07 05 00 03 0e 3a 0b 3b  |@.z..........:.;|
00016de0  0b 39 0b 49 13 02 18 00  00 08 34 00 03 08 3a 0b  |.9.I......4...:.|
00016df0  3b 0b 39 0b 49 13 02 18  00 00 09 0f 00 0b 0b 00  |;.9.I...........|
00016e00  00 0a 0f 00 0b 0b 49 13  00 00 00 01 05 00 49 13  |......I.......I.|
00016e10  00 00 02 24 00 0b 0b 3e  0b 03 0e 00 00 03 34 00  |...$...>......4.|
00016e20  03 08 3a 21 01 3b 0b 39  0b 49 13 02 18 00 00 04  |..:!.;.9.I......|
00016e30  2e 01 3f 19 03 0e 3a 21  03 3b 05 39 21 05 27 19  |..?...:!.;.9!.'.|
00016e40  49 13 3c 19 01 13 00 00  05 34 00 03 0e 3a 21 01  |I.<......4...:!.|
00016e50  3b 0b 39 21 06 49 13 02  18 00 00 06 16 00 03 0e  |;.9!.I..........|
00016e60  3a 21 02 3b 0b 39 21 20  49 13 00 00 07 0f 00 0b  |:!.;.9! I.......|
00016e70  21 04 49 13 00 00 08 05  00 03 08 3a 21 01 3b 21  |!.I........:!.;!|
00016e80  1f 39 0b 49 13 02 18 00  00 09 11 01 25 0e 13 0b  |.9.I........%...|
00016e90  03 1f 1b 1f 11 01 12 06  10 17 00 00 0a 24 00 0b  |.............$..|
00016ea0  0b 3e 0b 03 08 00 00 0b  2e 01 3f 19 03 0e 3a 0b  |.>........?...:.|
00016eb0  3b 0b 39 0b 27 19 49 13  3c 19 01 13 00 00 0c 2e  |;.9.'.I.<.......|
00016ec0  01 3f 19 03 0e 3a 0b 3b  0b 39 0b 27 19 11 01 12  |.?...:.;.9.'....|
00016ed0  06 40 18 7c 19 01 13 00  00 0d 18 00 00 00 0e 01  |.@.|............|
00016ee0  01 49 13 00 00 0f 21 00  49 13 2f 0b 00 00 00 01  |.I....!.I./.....|
00016ef0  24 00 0b 0b 3e 0b 03 0e  00 00 02 05 00 03 08 3a  |$...>..........:|
00016f00  21 01 3b 21 18 39 0b 49  13 02 18 00 00 03 11 01  |!.;!.9.I........|
00016f10  25 0e 13 0b 03 1f 1b 1f  11 01 12 06 10 17 00 00  |%...............|
00016f20  04 26 00 49 13 00 00 05  24 00 0b 0b 3e 0b 03 08  |.&.I....$...>...|
00016f30  00 00 06 2e 01 3f 19 03  0e 3a 0b 3b 0b 39 0b 27  |.....?...:.;.9.'|
00016f40  19 49 13 11 01 12 06 40  18 7a 19 01 13 00 00 07  |.I.....@.z......|
00016f50  0f 00 0b 0b 49 13 00 00  00 01 24 00 0b 0b 3e 0b  |....I.....$...>.|
00016f60  03 0e 00 00 02 11 01 25  0e 13 0b 03 1f 1b 1f 11  |.......%........|
00016f70  01 12 06 10 17 00 00 03  26 00 49 13 00 00 04 24  |........&.I....$|
00016f80  00 0b 0b 3e 0b 03 08 00  00 05 16 00 03 0e 3a 0b  |...>..........:.|
00016f90  3b 0b 39 0b 49 13 00 00  06 2e 01 3f 19 03 0e 3a  |;.9.I......?...:|
00016fa0  0b 3b 0b 39 0b 27 19 49  13 11 01 12 06 40 18 7a  |.;.9.'.I.....@.z|
00016fb0  19 01 13 00 00 07 05 00  03 08 3a 0b 3b 0b 39 0b  |..........:.;.9.|
00016fc0  49 13 02 18 00 00 08 34  00 03 08 3a 0b 3b 0b 39  |I......4...:.;.9|
00016fd0  0b 49 13 02 18 00 00 09  0f 00 0b 0b 49 13 00 00  |.I..........I...|
00016fe0  00 01 24 00 0b 0b 3e 0b  03 0e 00 00 02 05 00 49  |..$...>........I|
00016ff0  13 00 00 03 05 00 03 08  3a 21 01 3b 21 1f 39 0b  |........:!.;!.9.|
00017000  49 13 02 18 00 00 04 05  00 03 0e 3a 21 01 3b 0b  |I..........:!.;.|
00017010  39 0b 49 13 02 18 00 00  05 0f 00 0b 21 04 49 13  |9.I.........!.I.|
00017020  00 00 06 11 01 25 0e 13  0b 03 1f 1b 1f 11 01 12  |.....%..........|
00017030  06 10 17 00 00 07 26 00  49 13 00 00 08 24 00 0b  |......&.I....$..|
00017040  0b 3e 0b 03 08 00 00 09  16 00 03 0e 3a 0b 3b 0b  |.>..........:.;.|
00017050  39 0b 49 13 00 00 0a 2e  01 3f 19 03 08 3a 0b 3b  |9.I......?...:.;|
00017060  0b 39 0b 27 19 49 13 3c  19 01 13 00 00 0b 2e 01  |.9.'.I.<........|
00017070  3f 19 03 0e 3a 0b 3b 0b  39 0b 27 19 49 13 3c 19  |?...:.;.9.'.I.<.|
00017080  01 13 00 00 0c 2e 01 3f  19 03 0e 3a 0b 3b 0b 39  |.......?...:.;.9|
00017090  0b 27 19 49 13 11 01 12  06 40 18 7c 19 00 00 0d  |.'.I.....@.|....|
000170a0  34 00 03 0e 3a 0b 3b 0b  39 0b 49 13 02 18 00 00  |4...:.;.9.I.....|
000170b0  0e 0b 01 11 01 12 06 00  00 0f 34 00 03 08 3a 0b  |..........4...:.|
000170c0  3b 0b 39 0b 49 13 02 18  00 00 00 01 24 00 0b 0b  |;.9.I.......$...|
000170d0  3e 0b 03 0e 00 00 02 05  00 03 0e 3a 21 01 3b 21  |>..........:!.;!|
000170e0  1b 39 0b 49 13 02 18 00  00 03 11 01 25 0e 13 0b  |.9.I........%...|
000170f0  03 1f 1b 1f 11 01 12 06  10 17 00 00 04 24 00 0b  |.............$..|
00017100  0b 3e 0b 03 08 00 00 05  0f 00 0b 0b 49 13 00 00  |.>..........I...|
00017110  06 2e 01 3f 19 03 08 3a  0b 3b 0b 39 0b 27 19 49  |...?...:.;.9.'.I|
00017120  13 11 01 12 06 40 18 7a  19 00 00 07 05 00 03 08  |.....@.z........|
00017130  3a 0b 3b 0b 39 0b 49 13  02 18 00 00 00 00 00 00  |:.;.9.I.........|
00017140  1c 00 00 00 02 00 00 00  00 00 04 00 00 00 00 00  |................|
00017150  00 00 01 00 40 00 00 00  00 00 00 00 00 00 00 00  |....@...........|
00017160  1c 00 00 00 02 00 24 00  00 00 04 00 00 00 00 00  |......$.........|
00017170  40 00 01 00 75 0b 00 00  00 00 00 00 00 00 00 00  |@...u...........|
00017180  1c 00 00 00 02 00 49 00  00 00 04 00 00 00 00 00  |......I.........|
00017190  b5 0b 01 00 20 0f 00 00  00 00 00 00 00 00 00 00  |.... ...........|
000171a0  1c 00 00 00 02 00 65 0d  00 00 04 00 00 00 00 00  |......e.........|
000171b0  d5 1a 01 00 96 03 00 00  00 00 00 00 00 00 00 00  |................|
000171c0  1c 00 00 00 02 00 68 14  00 00 04 00 00 00 00 00  |......h.........|
000171d0  6b 1e 01 00 7c 04 00 00  00 00 00 00 00 00 00 00  |k...|...........|
000171e0  1c 00 00 00 02 00 42 1b  00 00 04 00 00 00 00 00  |......B.........|
000171f0  e7 22 01 00 cd 07 00 00  00 00 00 00 00 00 00 00  |."..............|
00017200  1c 00 00 00 02 00 96 21  00 00 04 00 00 00 00 00  |.......!........|
00017210  b4 2a 01 00 01 01 00 00  00 00 00 00 00 00 00 00  |.*..............|
00017220  1c 00 00 00 02 00 45 23  00 00 04 00 00 00 00 00  |......E#........|
00017230  b5 2b 01 00 00 0d 00 00  00 00 00 00 00 00 00 00  |.+..............|
00017240  1c 00 00 00 02 00 29 2e  00 00 04 00 00 00 00 00  |......).........|
00017250  b5 38 01 00 d8 08 00 00  00 00 00 00 00 00 00 00  |.8..............|
00017260  1c 00 00 00 02 00 8c 34  00 00 04 00 00 00 00 00  |.......4........|
00017270  8d 41 01 00 6c 0a 00 00  00 00 00 00 00 00 00 00  |.A..l...........|
00017280  1c 00 00 00 02 00 0f 41  00 00 04 00 00 00 00 00  |.......A........|
00017290  f9 4b 01 00 82 04 00 00  00 00 00 00 00 00 00 00  |.K..............|
000172a0  1c 00 00 00 02 00 e0 47  00 00 04 00 00 00 00 00  |.......G........|
000172b0  7b 50 01 00 4c 04 00 00  00 00 00 00 00 00 00 00  |{P..L...........|
000172c0  1c 00 00 00 02 00 f7 4f  00 00 04 00 00 00 00 00  |.......O........|
000172d0  c7 54 01 00 c6 0c 00 00  00 00 00 00 00 00 00 00  |.T..............|
000172e0  1c 00 00 00 02 00 7a 5b  00 00 04 00 00 00 00 00  |......z[........|
000172f0  8d 61 01 00 8a 02 00 00  00 00 00 00 00 00 00 00  |.a..............|
00017300  1c 00 00 00 02 00 36 60  00 00 04 00 00 00 00 00  |......6`........|
00017310  17 64 01 00 9a 00 00 00  00 00 00 00 00 00 00 00  |.d..............|
00017320  1c 00 00 00 02 00 32 61  00 00 04 00 00 00 00 00  |......2a........|
00017330  b1 64 01 00 24 00 00 00  00 00 00 00 00 00 00 00  |.d..$...........|
00017340  1c 00 00 00 02 00 e4 61  00 00 04 00 00 00 00 00  |.......a........|
00017350  d5 64 01 00 43 00 00 00  00 00 00 00 00 00 00 00  |.d..C...........|
00017360  1c 00 00 00 02 00 bb 62  00 00 04 00 00 00 00 00  |.......b........|
00017370  18 65 01 00 91 00 00 00  00 00 00 00 00 00 00 00  |.e..............|
00017380  1c 00 00 00 02 00 6b 63  00 00 04 00 00 00 00 00  |......kc........|
00017390  a9 65 01 00 6b 00 00 00  00 00 00 00 00 00 00 00  |.e..k...........|
000173a0  1c 00 00 00 02 00 9d 64  00 00 04 00 00 00 00 00  |.......d........|
000173b0  14 66 01 00 86 00 00 00  00 00 00 00 00 00 00 00  |.f..............|
000173c0  1c 00 00 00 02 00 80 65  00 00 04 00 00 00 00 00  |.......e........|
000173d0  9a 66 01 00 2e 00 00 00  00 00 00 00 00 00 00 00  |.f..............|
000173e0  1c 00 00 00 02 00 57 66  00 00 04 00 00 00 00 00  |......Wf........|
000173f0  c8 66 01 00 66 00 00 00  00 00 00 00 00 00 00 00  |.f..f...........|
00017400  1c 00 00 00 02 00 2f 67  00 00 04 00 00 00 00 00  |....../g........|
00017410  2e 67 01 00 24 00 00 00  00 00 00 00 00 00 00 00  |.g..$...........|
00017420  1c 00 00 00 02 00 ef 67  00 00 04 00 00 00 00 00  |.......g........|
00017430  52 67 01 00 2e 00 00 00  00 00 00 00 00 00 00 00  |Rg..............|
00017440  1c 00 00 00 02 00 d7 68  00 00 04 00 00 00 00 00  |.......h........|
00017450  80 67 01 00 53 00 00 00  00 00 00 00 00 00 00 00  |.g..S...........|
00017460  1c 00 00 00 02 00 bf 69  00 00 04 00 00 00 00 00  |.......i........|
00017470  d3 67 01 00 27 00 00 00  00 00 00 00 00 00 00 00  |.g..'...........|
00017480  1c 00 00 00 02 00 8d 6a  00 00 04 00 00 00 00 00  |.......j........|
00017490  fa 67 01 00 75 02 00 00  00 00 00 00 00 00 00 00  |.g..u...........|
000174a0  1c 00 00 00 02 00 51 6c  00 00 04 00 00 00 00 00  |......Ql........|
000174b0  6f 6a 01 00 36 00 00 00  00 00 00 00 00 00 00 00  |oj..6...........|
000174c0  1c 00 00 00 02 00 f3 6c  00 00 04 00 00 00 00 00  |.......l........|
000174d0  a5 6a 01 00 24 00 00 00  00 00 00 00 00 00 00 00  |.j..$...........|
000174e0  1c 00 00 00 02 00 a7 6d  00 00 04 00 00 00 00 00  |.......m........|
000174f0  c9 6a 01 00 9d 00 00 00  00 00 00 00 00 00 00 00  |.j..............|
00017500  1c 00 00 00 02 00 ec 6e  00 00 04 00 00 00 00 00  |.......n........|
00017510  66 6b 01 00 22 00 00 00  00 00 00 00 00 00 00 00  |fk.."...........|
00017520  6b 65 72 6e 65 6c 2f 65  6e 74 72 79 2e 53 00 2f  |kernel/entry.S./|
00017530  68 6f 6d 65 2f 72 6a 6c  65 30 33 2f 32 30 32 36  |home/rjle03/2026|
00017540  30 33 31 35 2e 31 35 33  39 00 47 4e 55 20 41 53  |0315.1539.GNU AS|
00017550  20 32 2e 33 38 00 6b 65  72 6e 65 6c 2f 69 73 72  | 2.38.kernel/isr|
00017560  73 2e 53 00 69 6e 63 72  65 6d 65 6e 74 00 53 54  |s.S.increment.ST|
00017570  41 54 45 5f 4e 45 57 00  63 69 6f 5f 63 6c 65 61  |ATE_NEW.cio_clea|
00017580  72 73 63 72 6f 6c 6c 00  63 69 6f 5f 69 6e 69 74  |rscroll.cio_init|
00017590  00 4e 5f 43 49 4f 5f 4f  50 54 53 00 6c 6f 6e 67  |.N_CIO_OPTS.long|
000175a0  20 6c 6f 6e 67 20 75 6e  73 69 67 6e 65 64 20 69  | long unsigned i|
000175b0  6e 74 00 64 6f 5f 70 72  69 6e 74 66 00 63 69 6f  |nt.do_printf.cio|
000175c0  5f 69 6e 70 75 74 5f 71  75 65 75 65 00 76 65 63  |_input_queue.vec|
000175d0  74 6f 72 00 6c 69 6d 69  74 00 63 69 6f 5f 73 63  |tor.limit.cio_sc|
000175e0  72 6f 6c 6c 00 63 76 74  6f 63 74 00 63 69 6f 5f  |roll.cvtoct.cio_|
000175f0  72 65 61 64 79 00 6c 6f  6e 67 20 6c 6f 6e 67 20  |ready.long long |
00017600  69 6e 74 00 50 52 49 4f  5f 4c 4f 57 00 73 5f 6d  |int.PRIO_LOW.s_m|
00017610  69 6e 5f 78 00 73 69 6f  5f 77 72 69 74 65 63 00  |in_x.sio_writec.|
00017620  53 54 41 54 45 5f 55 4e  55 53 45 44 00 64 75 70  |STATE_UNUSED.dup|
00017630  5f 74 6f 5f 73 69 6f 00  63 69 6f 5f 63 6c 65 61  |_to_sio.cio_clea|
00017640  72 73 63 72 65 65 6e 00  6c 69 6e 65 00 6d 79 70  |rscreen.line.myp|
00017650  61 64 73 74 72 00 6e 65  78 74 5f 73 70 61 63 65  |adstr.next_space|
00017660  00 53 54 41 54 45 5f 53  4c 45 45 50 49 4e 47 00  |.STATE_SLEEPING.|
00017670  63 69 6f 5f 70 72 69 6e  74 66 00 63 69 6f 5f 67  |cio_printf.cio_g|
00017680  65 74 73 00 63 76 74 64  65 63 00 6e 63 68 61 72  |ets.cvtdec.nchar|
00017690  73 00 62 6f 75 6e 64 00  43 49 4f 5f 4f 50 54 5f  |s.bound.CIO_OPT_|
000176a0  44 55 50 00 77 69 64 74  68 00 73 69 7a 65 00 73  |DUP.width.size.s|
000176b0  68 6f 72 74 20 75 6e 73  69 67 6e 65 64 20 69 6e  |hort unsigned in|
000176c0  74 00 50 52 49 4f 5f 48  49 47 48 00 53 54 41 54  |t.PRIO_HIGH.STAT|
000176d0  45 5f 57 41 49 54 49 4e  47 00 6c 69 6e 65 73 00  |E_WAITING.lines.|
000176e0  73 74 72 6c 65 6e 00 63  69 6f 5f 70 75 74 73 5f  |strlen.cio_puts_|
000176f0  61 74 00 63 69 6f 5f 70  75 74 73 00 6c 65 66 74  |at.cio_puts.left|
00017700  61 64 6a 75 73 74 00 73  65 74 63 75 72 73 6f 72  |adjust.setcursor|
00017710  00 66 72 6f 6d 00 63 69  6f 5f 77 72 69 74 65 00  |.from.cio_write.|
00017720  63 76 74 75 6e 73 00 63  69 6f 5f 6f 70 74 5f 73  |cvtuns.cio_opt_s|
00017730  65 74 00 53 54 41 54 45  5f 52 45 41 44 59 00 50  |et.STATE_READY.P|
00017740  52 49 4f 5f 53 54 44 00  70 6f 69 6e 74 65 72 00  |RIO_STD.pointer.|
00017750  73 63 72 6f 6c 6c 5f 6d  61 78 5f 79 00 70 72 69  |scroll_max_y.pri|
00017760  6f 72 69 74 79 5f 65 00  73 70 72 69 6e 74 00 53  |ority_e.sprint.S|
00017770  54 41 54 45 5f 5a 4f 4d  42 49 45 00 4e 5f 53 54  |TATE_ZOMBIE.N_ST|
00017780  41 54 45 53 00 73 5f 6d  69 6e 5f 79 00 73 68 69  |ATES.s_min_y.shi|
00017790  66 74 00 6e 65 78 74 5f  63 68 61 72 00 63 74 72  |ft.next_char.ctr|
000177a0  6c 5f 6d 61 73 6b 00 70  61 64 63 68 61 72 00 75  |l_mask.padchar.u|
000177b0  6e 73 69 67 6e 65 64 20  63 68 61 72 00 73 5f 6d  |nsigned char.s_m|
000177c0  61 78 5f 78 00 73 5f 6d  61 78 5f 79 00 63 75 72  |ax_x.s_max_y.cur|
000177d0  72 5f 78 00 63 75 72 72  5f 79 00 63 76 74 68 65  |r_x.curr_y.cvthe|
000177e0  78 00 6e 5f 63 68 61 72  73 00 73 68 6f 72 74 20  |x.n_chars.short |
000177f0  69 6e 74 00 72 5f 65 66  6c 61 67 73 00 63 69 6f  |int.r_eflags.cio|
00017800  5f 70 75 74 63 68 61 72  00 63 69 6f 5f 73 65 74  |_putchar.cio_set|
00017810  73 63 72 6f 6c 6c 00 6b  65 79 62 6f 61 72 64 5f  |scroll.keyboard_|
00017820  69 73 72 00 4e 5f 50 52  49 4f 53 00 75 69 6e 74  |isr.N_PRIOS.uint|
00017830  33 32 5f 74 00 63 69 6f  5f 70 72 69 6e 74 66 5f  |32_t.cio_printf_|
00017840  61 74 00 63 69 6f 5f 6d  6f 76 65 74 6f 00 6e 6f  |at.cio_moveto.no|
00017850  74 69 66 79 00 73 74 61  74 65 5f 65 00 6f 75 74  |tify.state_e.out|
00017860  62 00 6d 79 70 61 64 00  73 63 72 6f 6c 6c 5f 6d  |b.mypad.scroll_m|
00017870  69 6e 5f 78 00 73 63 72  6f 6c 6c 5f 6d 69 6e 5f  |in_x.scroll_min_|
00017880  79 00 69 6e 74 65 72 72  75 70 74 73 5f 65 6e 61  |y.interrupts_ena|
00017890  62 6c 65 64 00 63 69 6f  5f 67 65 74 63 68 61 72  |bled.cio_getchar|
000178a0  00 73 69 6f 5f 77 72 69  74 65 00 72 76 61 6c 00  |.sio_write.rval.|
000178b0  53 54 41 54 45 5f 52 55  4e 4e 49 4e 47 00 75 69  |STATE_RUNNING.ui|
000178c0  6e 74 38 5f 74 00 73 63  72 6f 6c 6c 5f 6d 61 78  |nt8_t.scroll_max|
000178d0  5f 78 00 63 69 6f 5f 6f  70 74 5f 65 00 50 52 49  |_x.cio_opt_e.PRI|
000178e0  4f 5f 49 4e 48 45 52 49  54 00 53 54 41 54 45 5f  |O_INHERIT.STATE_|
000178f0  42 4c 4f 43 4b 45 44 00  64 75 70 32 73 69 6f 5f  |BLOCKED.dup2sio_|
00017900  62 61 6b 00 69 6e 70 75  74 5f 73 63 61 6e 5f 63  |bak.input_scan_c|
00017910  6f 64 65 00 65 78 74 72  61 00 63 69 6f 5f 70 75  |ode.extra.cio_pu|
00017920  74 63 68 61 72 5f 61 74  00 69 6e 70 75 74 5f 62  |tchar_at.input_b|
00017930  75 66 66 65 72 00 47 4e  55 20 43 39 39 20 31 31  |uffer.GNU C99 11|
00017940  2e 34 2e 30 20 2d 6d 33  32 20 2d 6d 74 75 6e 65  |.4.0 -m32 -mtune|
00017950  3d 67 65 6e 65 72 69 63  20 2d 6d 61 72 63 68 3d  |=generic -march=|
00017960  69 36 38 36 20 2d 67 67  64 62 20 2d 73 74 64 3d  |i686 -ggdb -std=|
00017970  63 39 39 20 2d 66 6e 6f  2d 70 69 65 20 2d 66 6e  |c99 -fno-pie -fn|
00017980  6f 2d 73 74 61 63 6b 2d  70 72 6f 74 65 63 74 6f  |o-stack-protecto|
00017990  72 20 2d 66 6e 6f 2d 62  75 69 6c 74 69 6e 20 2d  |r -fno-builtin -|
000179a0  66 61 73 79 6e 63 68 72  6f 6e 6f 75 73 2d 75 6e  |fasynchronous-un|
000179b0  77 69 6e 64 2d 74 61 62  6c 65 73 20 2d 66 73 74  |wind-tables -fst|
000179c0  61 63 6b 2d 63 6c 61 73  68 2d 70 72 6f 74 65 63  |ack-clash-protec|
000179d0  74 69 6f 6e 00 63 69 6f  5f 6f 70 74 5f 63 6c 65  |tion.cio_opt_cle|
000179e0  61 72 00 69 6e 73 74 61  6c 6c 5f 69 73 72 00 62  |ar.install_isr.b|
000179f0  6c 6f 63 6b 65 64 00 66  69 6c 6c 65 72 00 65 63  |locked.filler.ec|
00017a00  6f 64 65 5f 65 00 70 74  61 62 6c 65 5f 64 75 6d  |ode_e.ptable_dum|
00017a10  70 5f 73 74 61 74 73 00  63 6f 6e 74 65 78 74 5f  |p_stats.context_|
00017a20  74 00 63 6c 6b 5f 69 73  72 00 63 6f 6e 74 65 78  |t.clk_isr.contex|
00017a30  74 5f 73 00 71 75 65 5f  6c 65 6e 67 74 68 00 73  |t_s.que_length.s|
00017a40  63 68 65 64 75 6c 65 00  7a 6f 6d 62 69 65 00 70  |chedule.zombie.p|
00017a50  61 72 65 6e 74 00 45 5f  4e 4f 5f 43 48 49 4c 44  |arent.E_NO_CHILD|
00017a60  52 45 4e 00 45 5f 4e 4f  5f 50 43 42 53 00 73 69  |REN.E_NO_PCBS.si|
00017a70  6f 72 65 61 64 00 45 5f  4e 4f 54 5f 46 4f 55 4e  |oread.E_NOT_FOUN|
00017a80  44 00 73 74 61 74 65 5f  74 00 63 6c 6b 5f 69 6e  |D.state_t.clk_in|
00017a90  69 74 00 6e 75 6e 6b 00  70 63 62 5f 73 00 70 63  |it.nunk.pcb_s.pc|
00017aa0  62 5f 74 00 71 75 65 5f  72 65 6d 6f 76 65 00 74  |b_t.que_remove.t|
00017ab0  62 75 66 00 64 69 73 70  61 74 63 68 00 45 5f 53  |buf.dispatch.E_S|
00017ac0  55 43 43 45 53 53 00 63  6f 6e 74 65 78 74 00 63  |UCCESS.context.c|
00017ad0  75 72 72 65 6e 74 00 5f  5f 66 75 6e 63 5f 5f 00  |urrent.__func__.|
00017ae0  73 74 61 74 75 73 00 62  32 35 36 00 45 5f 42 41  |status.b256.E_BA|
00017af0  44 5f 50 41 52 41 4d 00  73 6c 65 65 70 69 6e 67  |D_PARAM.sleeping|
00017b00  00 6b 70 61 6e 69 63 00  70 72 69 6f 5f 74 00 70  |.kpanic.prio_t.p|
00017b10  69 6e 64 65 78 00 75 69  6e 74 5f 74 00 62 70 61  |index.uint_t.bpa|
00017b20  6e 69 63 00 70 69 6e 77  68 65 65 6c 00 70 69 64  |nic.pinwheel.pid|
00017b30  5f 74 00 45 5f 4e 4f 5f  51 4e 4f 44 45 53 00 71  |_t.E_NO_QNODES.q|
00017b40  75 61 6e 74 75 6d 00 71  75 65 5f 70 65 65 6b 00  |uantum.que_peek.|
00017b50  45 5f 42 41 44 5f 43 48  41 4e 00 70 72 69 6f 72  |E_BAD_CHAN.prior|
00017b60  69 74 79 00 71 75 65 75  65 5f 73 00 71 75 65 75  |ity.queue_s.queu|
00017b70  65 5f 74 00 4e 5f 45 43  4f 44 45 53 00 45 5f 46  |e_t.N_ECODES.E_F|
00017b80  41 49 4c 55 52 45 00 73  79 73 74 65 6d 5f 74 69  |AILURE.system_ti|
00017b90  6d 65 00 64 69 76 69 73  6f 72 00 45 5f 45 4d 50  |me.divisor.E_EMP|
00017ba0  54 59 00 73 74 6b 5f 73  65 74 75 70 00 6b 6d 5f  |TY.stk_setup.km_|
00017bb0  69 6e 69 74 00 73 74 6b  5f 61 6c 6c 6f 63 00 71  |init.stk_alloc.q|
00017bc0  75 65 5f 69 6e 69 74 00  69 6e 69 74 5f 69 6e 74  |ue_init.init_int|
00017bd0  65 72 72 75 70 74 73 00  5f 65 64 61 74 61 00 6d  |errupts._edata.m|
00017be0  61 69 6e 00 75 73 65 72  5f 73 65 67 6d 65 6e 74  |ain.user_segment|
00017bf0  00 62 35 31 32 00 75 73  65 72 5f 6c 6f 63 73 00  |.b512.user_locs.|
00017c00  61 72 67 73 00 73 69 6f  5f 69 6e 69 74 00 73 79  |args.sio_init.sy|
00017c10  73 5f 69 6e 69 74 00 5f  65 6e 64 00 69 6e 69 74  |s_init._end.init|
00017c20  5f 70 63 62 00 5f 64 61  74 61 00 73 74 6b 5f 69  |_pcb._data.stk_i|
00017c30  6e 69 74 00 5f 5f 62 73  73 5f 73 74 61 72 74 00  |nit.__bss_start.|
00017c40  64 74 72 61 63 65 00 73  69 6f 5f 65 6e 61 62 6c  |dtrace.sio_enabl|
00017c50  65 00 75 73 65 72 5f 73  65 63 74 6f 72 73 00 75  |e.user_sectors.u|
00017c60  69 6e 74 31 36 5f 74 00  62 6c 6f 62 64 61 74 61  |int16_t.blobdata|
00017c70  00 62 6f 6f 6c 5f 74 00  70 63 62 5f 61 6c 6c 6f  |.bool_t.pcb_allo|
00017c80  63 00 73 69 6f 5f 66 6c  75 73 68 00 5f 72 6f 64  |c.sio_flush._rod|
00017c90  61 74 61 00 70 63 62 5f  69 6e 69 74 00 6b 72 65  |ata.pcb_init.kre|
00017ca0  70 6f 72 74 00 5f 65 72  6f 64 61 74 61 00 75 73  |port._erodata.us|
00017cb0  65 72 5f 6f 66 66 73 65  74 00 5f 65 74 65 78 74  |er_offset._etext|
00017cc0  00 6d 65 6d 72 65 67 69  6f 6e 5f 73 00 6b 6d 5f  |.memregion_s.km_|
00017cd0  70 61 67 65 5f 66 72 65  65 00 62 6c 6b 69 6e 66  |page_free.blkinf|
00017ce0  6f 5f 73 00 62 6c 6b 69  6e 66 6f 5f 74 00 75 69  |o_s.blkinfo_t.ui|
00017cf0  6e 74 36 34 5f 74 00 65  78 63 65 73 73 00 72 65  |nt64_t.excess.re|
00017d00  67 69 6f 6e 5f 74 00 6b  6d 5f 69 6e 69 74 69 61  |gion_t.km_initia|
00017d10  6c 69 7a 65 64 00 63 68  75 6e 6b 00 62 36 34 5f  |lized.chunk.b64_|
00017d20  74 00 62 36 34 5f 75 00  6e 5f 73 6c 69 63 65 73  |t.b64_u.n_slices|
00017d30  00 6b 6d 5f 73 6c 69 63  65 5f 66 72 65 65 00 70  |.km_slice_free.p|
00017d40  61 72 74 00 73 6c 69 63  65 00 66 72 61 67 6d 65  |art.slice.fragme|
00017d50  6e 74 00 61 64 64 5f 62  6c 6f 63 6b 00 66 72 65  |nt.add_block.fre|
00017d60  65 5f 70 61 67 65 73 00  72 65 67 69 6f 6e 00 65  |e_pages.region.e|
00017d70  6e 74 72 69 65 73 00 6b  6d 5f 64 75 6d 70 00 6b  |ntries.km_dump.k|
00017d80  6d 5f 73 6c 69 63 65 5f  61 6c 6c 6f 63 00 74 79  |m_slice_alloc.ty|
00017d90  70 65 00 61 63 70 69 00  63 75 72 72 00 66 72 65  |pe.acpi.curr.fre|
00017da0  65 5f 73 6c 69 63 65 73  00 65 6e 64 70 74 00 6b  |e_slices.endpt.k|
00017db0  6d 5f 70 61 67 65 5f 61  6c 6c 6f 63 00 6b 6d 5f  |m_page_alloc.km_|
00017dc0  70 61 67 65 5f 66 72 65  65 5f 6d 75 6c 74 69 00  |page_free_multi.|
00017dd0  63 61 72 76 65 5f 73 6c  69 63 65 73 00 75 73 65  |carve_slices.use|
00017de0  64 00 70 72 65 76 00 62  61 73 65 00 6e 5f 70 61  |d.prev.base.n_pa|
00017df0  67 65 73 00 6d 65 6d 63  6c 72 00 6c 69 73 74 00  |ges.memclr.list.|
00017e00  6c 69 73 74 5f 61 64 64  00 6c 69 73 74 5f 73 00  |list_add.list_s.|
00017e10  6c 69 73 74 5f 74 00 6c  69 73 74 5f 72 65 6d 6f  |list_t.list_remo|
00017e20  76 65 00 63 74 78 5f 64  75 6d 70 00 71 75 65 5f  |ve.ctx_dump.que_|
00017e30  61 6c 6c 6f 63 00 6e 73  74 61 74 65 00 75 6e 6b  |alloc.nstate.unk|
00017e40  6e 6f 77 6e 00 63 74 78  5f 64 75 6d 70 5f 61 6c  |nown.ctx_dump_al|
00017e50  6c 00 70 74 61 62 6c 65  5f 64 75 6d 70 00 6d 65  |l.ptable_dump.me|
00017e60  6d 63 70 79 00 64 65 6c  61 79 00 70 63 62 5f 69  |mcpy.delay.pcb_i|
00017e70  78 00 63 74 78 5f 73 61  6e 69 74 79 5f 63 68 65  |x.ctx_sanity_che|
00017e80  63 6b 00 65 6d 70 74 79  00 74 69 6d 65 5f 74 00  |ck.empty.time_t.|
00017e90  71 75 65 5f 69 6e 73 65  72 74 00 70 74 61 62 6c  |que_insert.ptabl|
00017ea0  65 00 70 63 62 5f 7a 6f  6d 62 69 66 79 00 70 63  |e.pcb_zombify.pc|
00017eb0  62 5f 66 69 6e 64 5f 70  69 64 00 63 6f 6d 70 61  |b_find_pid.compa|
00017ec0  72 65 5f 74 00 70 63 62  5f 66 69 6e 64 5f 63 68  |re_t.pcb_find_ch|
00017ed0  69 6c 64 5f 6f 66 00 73  74 61 74 65 5f 73 74 72  |ild_of.state_str|
00017ee0  00 70 75 74 5f 63 68 61  72 5f 6f 72 5f 63 6f 64  |.put_char_or_cod|
00017ef0  65 00 70 63 62 5f 66 72  65 65 00 6e 65 78 74 5f  |e.pcb_free.next_|
00017f00  70 69 64 00 70 63 62 5f  63 6c 65 61 6e 75 70 00  |pid.pcb_cleanup.|
00017f10  73 74 6b 5f 66 72 65 65  00 70 63 62 5f 64 75 6d  |stk_free.pcb_dum|
00017f20  70 00 63 6f 6d 70 5f 77  61 6b 65 75 70 00 70 72  |p.comp_wakeup.pr|
00017f30  69 6f 5f 73 74 72 00 71  6e 6f 64 65 5f 61 64 64  |io_str.qnode_add|
00017f40  5f 70 61 67 65 00 71 75  65 5f 64 75 6d 70 00 71  |_page.que_dump.q|
00017f50  6e 6f 64 65 5f 66 72 65  65 00 68 65 61 64 00 71  |node_free.head.q|
00017f60  75 65 5f 72 65 6d 6f 76  65 5f 62 79 00 6d 65 6d  |ue_remove_by.mem|
00017f70  73 65 74 00 66 72 65 65  5f 71 6e 6f 64 65 73 00  |set.free_qnodes.|
00017f80  71 75 65 5f 69 78 00 74  61 69 6c 00 71 6e 6f 64  |que_ix.tail.qnod|
00017f90  65 5f 73 00 71 6e 6f 64  65 5f 74 00 71 75 65 75  |e_s.qnode_t.queu|
00017fa0  65 73 00 71 75 65 5f 66  72 65 65 00 71 75 65 75  |es.que_free.queu|
00017fb0  65 5f 66 72 65 65 00 63  6f 6d 70 61 72 65 00 71  |e_free.compare.q|
00017fc0  6e 6f 64 65 5f 61 6c 6c  6f 63 00 73 69 6f 5f 64  |node_alloc.sio_d|
00017fd0  75 6d 70 00 73 69 6f 5f  69 6e 71 5f 6c 65 6e 67  |ump.sio_inq_leng|
00017fe0  74 68 00 73 69 6f 5f 64  69 73 61 62 6c 65 00 6f  |th.sio_disable.o|
00017ff0  75 74 63 6f 75 6e 74 00  63 6f 70 69 65 64 00 65  |utcount.copied.e|
00018000  63 6f 64 65 00 73 69 6f  5f 72 65 61 64 63 00 69  |code.sio_readc.i|
00018010  6e 63 6f 75 6e 74 00 73  69 6f 5f 70 75 74 73 00  |ncount.sio_puts.|
00018020  69 6e 6c 61 73 74 00 6f  75 74 62 75 66 66 65 72  |inlast.outbuffer|
00018030  00 6f 75 74 6c 61 73 74  00 73 65 6e 64 69 6e 67  |.outlast.sending|
00018040  00 69 6e 62 75 66 66 65  72 00 66 75 6c 6c 00 77  |.inbuffer.full.w|
00018050  68 69 63 68 00 6f 75 74  6e 65 78 74 00 66 69 72  |hich.outnext.fir|
00018060  73 74 00 73 69 6f 5f 70  75 74 63 68 61 72 00 73  |st.sio_putchar.s|
00018070  69 6f 5f 69 73 72 00 73  69 6f 5f 72 65 61 64 00  |io_isr.sio_read.|
00018080  69 6e 6e 65 78 74 00 73  69 6f 5f 72 65 61 64 79  |innext.sio_ready|
00018090  00 66 72 65 65 5f 73 74  61 63 6b 73 00 6f 6c 64  |.free_stacks.old|
000180a0  62 75 66 00 73 74 61 72  74 5f 61 64 64 72 00 73  |buf.start_addr.s|
000180b0  74 6b 5f 64 75 6d 70 00  68 65 78 64 69 67 69 74  |tk_dump.hexdigit|
000180c0  73 00 61 72 67 62 79 74  65 73 00 65 6c 69 64 69  |s.argbytes.elidi|
000180d0  6e 67 00 6d 65 6d 6d 6f  76 65 00 63 62 75 66 00  |ng.memmove.cbuf.|
000180e0  6b 73 74 61 63 6b 00 61  72 67 77 6f 72 64 73 00  |kstack.argwords.|
000180f0  61 76 70 74 72 00 73 74  72 63 6d 70 00 6b 65 73  |avptr.strcmp.kes|
00018100  70 00 74 6f 74 77 6f 72  64 73 00 76 61 6c 75 65  |p.totwords.value|
00018110  00 73 74 61 63 6b 65 6e  64 00 6f 66 66 73 65 74  |.stackend.offset|
00018120  5f 31 35 5f 30 00 6f 6c  64 5f 68 61 6e 64 6c 65  |_15_0.old_handle|
00018130  72 00 6d 79 73 74 65 72  79 5f 68 61 6e 64 6c 65  |r.mystery_handle|
00018140  72 00 69 73 72 5f 74 61  62 6c 65 00 69 6c 6c 6f  |r.isr_table.illo|
00018150  70 5f 66 61 75 6c 74 00  72 65 61 73 6f 6e 00 73  |p_fault.reason.s|
00018160  65 67 6d 65 6e 74 5f 73  65 6c 65 63 74 6f 72 00  |egment_selector.|
00018170  64 65 66 61 75 6c 74 5f  68 61 6e 64 6c 65 72 00  |default_handler.|
00018180  75 6e 65 78 70 65 63 74  65 64 5f 68 61 6e 64 6c  |unexpected_handl|
00018190  65 72 00 6f 66 66 73 65  74 5f 33 31 5f 31 36 00  |er.offset_31_16.|
000181a0  49 44 54 5f 47 61 74 65  00 67 70 5f 66 61 75 6c  |IDT_Gate.gp_faul|
000181b0  74 00 73 65 74 5f 69 64  74 5f 65 6e 74 72 79 00  |t.set_idt_entry.|
000181c0  69 6e 69 74 5f 69 64 74  00 69 6e 69 74 5f 70 69  |init_idt.init_pi|
000181d0  63 00 69 73 72 5f 73 74  75 62 5f 74 61 62 6c 65  |c.isr_stub_table|
000181e0  00 63 68 69 6c 64 00 73  79 73 5f 67 65 74 70 69  |.child.sys_getpi|
000181f0  64 00 6c 61 73 74 62 70  00 73 79 73 5f 73 6c 65  |d.lastbp.sys_sle|
00018200  65 70 00 73 79 73 5f 65  78 69 74 00 6f 6c 64 73  |ep.sys_exit.olds|
00018210  74 61 63 6b 00 6e 6b 69  64 73 00 66 6f 72 5f 69  |tack.nkids.for_i|
00018220  6e 69 74 00 77 68 65 72  65 00 73 79 73 5f 77 72  |nit.where.sys_wr|
00018230  69 74 65 00 73 79 73 5f  72 65 61 64 00 73 79 73  |ite.sys_read.sys|
00018240  5f 69 73 72 00 73 79 73  5f 67 65 74 70 72 69 6f  |_isr.sys_getprio|
00018250  00 73 79 73 5f 67 65 74  74 69 6d 65 00 73 79 73  |.sys_gettime.sys|
00018260  5f 77 61 69 74 00 73 79  73 63 61 6c 6c 73 00 63  |_wait.syscalls.c|
00018270  68 61 6e 00 62 6c 6b 6d  6f 76 00 73 74 61 74 75  |han.blkmov.statu|
00018280  73 5f 72 65 74 75 72 6e  00 73 79 73 5f 66 6f 72  |s_return.sys_for|
00018290  6b 00 73 79 73 5f 65 78  65 63 00 62 61 63 6b 74  |k.sys_exec.backt|
000182a0  72 61 63 65 00 72 5f 65  62 70 00 64 65 73 74 00  |race.r_ebp.dest.|
000182b0  73 6f 75 72 63 65 00 63  76 74 64 65 63 30 00 71  |source.cvtdec0.q|
000182c0  75 6f 74 69 65 6e 74 00  63 68 61 72 73 5f 73 74  |uotient.chars_st|
000182d0  6f 72 65 64 00 63 76 74  75 6e 73 30 00 13 00 00  |ored.cvtuns0....|
000182e0  00 05 00 04 00 00 00 00  00 04 b1 05 b0 06 04 b2  |................|
000182f0  06 be 06 00 13 00 00 00  05 00 04 00 00 00 00 00  |................|
00018300  04 df 03 a0 05 04 a5 05  a9 05 00 13 00 00 00 05  |................|
00018310  00 04 00 00 00 00 00 04  d8 03 d0 04 04 d2 04 d3  |................|
00018320  04 00 00 00 00 00 00 00  00 00 00 00 00 00 00 00  |................|
00018330  00 00 00 00 01 00 00 00  00 00 00 00 00 00 00 00  |................|
00018340  04 00 f1 ff 09 00 00 00  25 00 01 00 00 00 00 00  |........%.......|
00018350  00 00 01 00 12 00 00 00  00 00 00 00 00 00 00 00  |................|
00018360  04 00 f1 ff 19 00 00 00  40 00 01 00 00 00 00 00  |........@.......|
00018370  00 00 01 00 22 00 00 00  a2 00 01 00 00 00 00 00  |...."...........|
00018380  00 00 01 00 26 00 00 00  45 01 01 00 00 00 00 00  |....&...E.......|
00018390  00 00 01 00 2f 00 00 00  4e 01 01 00 00 00 00 00  |..../...N.......|
000183a0  00 00 01 00 38 00 00 00  57 01 01 00 00 00 00 00  |....8...W.......|
000183b0  00 00 01 00 41 00 00 00  60 01 01 00 00 00 00 00  |....A...`.......|
000183c0  00 00 01 00 4a 00 00 00  69 01 01 00 00 00 00 00  |....J...i.......|
000183d0  00 00 01 00 53 00 00 00  72 01 01 00 00 00 00 00  |....S...r.......|
000183e0  00 00 01 00 5c 00 00 00  7b 01 01 00 00 00 00 00  |....\...{.......|
000183f0  00 00 01 00 65 00 00 00  84 01 01 00 00 00 00 00  |....e...........|
00018400  00 00 01 00 6e 00 00 00  8d 01 01 00 00 00 00 00  |....n...........|
00018410  00 00 01 00 77 00 00 00  94 01 01 00 00 00 00 00  |....w...........|
00018420  00 00 01 00 80 00 00 00  9d 01 01 00 00 00 00 00  |................|
00018430  00 00 01 00 89 00 00 00  a4 01 01 00 00 00 00 00  |................|
00018440  00 00 01 00 92 00 00 00  ab 01 01 00 00 00 00 00  |................|
00018450  00 00 01 00 9b 00 00 00  b2 01 01 00 00 00 00 00  |................|
00018460  00 00 01 00 a4 00 00 00  b9 01 01 00 00 00 00 00  |................|
00018470  00 00 01 00 ad 00 00 00  c0 01 01 00 00 00 00 00  |................|
00018480  00 00 01 00 b6 00 00 00  c9 01 01 00 00 00 00 00  |................|
00018490  00 00 01 00 bf 00 00 00  d2 01 01 00 00 00 00 00  |................|
000184a0  00 00 01 00 c8 00 00 00  d9 01 01 00 00 00 00 00  |................|
000184b0  00 00 01 00 d1 00 00 00  e2 01 01 00 00 00 00 00  |................|
000184c0  00 00 01 00 da 00 00 00  eb 01 01 00 00 00 00 00  |................|
000184d0  00 00 01 00 e3 00 00 00  f4 01 01 00 00 00 00 00  |................|
000184e0  00 00 01 00 ec 00 00 00  fb 01 01 00 00 00 00 00  |................|
000184f0  00 00 01 00 f5 00 00 00  04 02 01 00 00 00 00 00  |................|
00018500  00 00 01 00 fe 00 00 00  0d 02 01 00 00 00 00 00  |................|
00018510  00 00 01 00 07 01 00 00  16 02 01 00 00 00 00 00  |................|
00018520  00 00 01 00 10 01 00 00  1f 02 01 00 00 00 00 00  |................|
00018530  00 00 01 00 19 01 00 00  28 02 01 00 00 00 00 00  |........(.......|
00018540  00 00 01 00 22 01 00 00  31 02 01 00 00 00 00 00  |...."...1.......|
00018550  00 00 01 00 2b 01 00 00  3a 02 01 00 00 00 00 00  |....+...:.......|
00018560  00 00 01 00 34 01 00 00  43 02 01 00 00 00 00 00  |....4...C.......|
00018570  00 00 01 00 3d 01 00 00  4c 02 01 00 00 00 00 00  |....=...L.......|
00018580  00 00 01 00 46 01 00 00  55 02 01 00 00 00 00 00  |....F...U.......|
00018590  00 00 01 00 4f 01 00 00  5e 02 01 00 00 00 00 00  |....O...^.......|
000185a0  00 00 01 00 58 01 00 00  67 02 01 00 00 00 00 00  |....X...g.......|
000185b0  00 00 01 00 61 01 00 00  70 02 01 00 00 00 00 00  |....a...p.......|
000185c0  00 00 01 00 6a 01 00 00  79 02 01 00 00 00 00 00  |....j...y.......|
000185d0  00 00 01 00 73 01 00 00  82 02 01 00 00 00 00 00  |....s...........|
000185e0  00 00 01 00 7c 01 00 00  8b 02 01 00 00 00 00 00  |....|...........|
000185f0  00 00 01 00 85 01 00 00  94 02 01 00 00 00 00 00  |................|
00018600  00 00 01 00 8e 01 00 00  9d 02 01 00 00 00 00 00  |................|
00018610  00 00 01 00 97 01 00 00  a6 02 01 00 00 00 00 00  |................|
00018620  00 00 01 00 a0 01 00 00  af 02 01 00 00 00 00 00  |................|
00018630  00 00 01 00 a9 01 00 00  b8 02 01 00 00 00 00 00  |................|
00018640  00 00 01 00 b2 01 00 00  c1 02 01 00 00 00 00 00  |................|
00018650  00 00 01 00 bb 01 00 00  ca 02 01 00 00 00 00 00  |................|
00018660  00 00 01 00 c4 01 00 00  d3 02 01 00 00 00 00 00  |................|
00018670  00 00 01 00 cd 01 00 00  dc 02 01 00 00 00 00 00  |................|
00018680  00 00 01 00 d6 01 00 00  e5 02 01 00 00 00 00 00  |................|
00018690  00 00 01 00 df 01 00 00  ee 02 01 00 00 00 00 00  |................|
000186a0  00 00 01 00 e8 01 00 00  f7 02 01 00 00 00 00 00  |................|
000186b0  00 00 01 00 f1 01 00 00  00 03 01 00 00 00 00 00  |................|
000186c0  00 00 01 00 fa 01 00 00  09 03 01 00 00 00 00 00  |................|
000186d0  00 00 01 00 03 02 00 00  12 03 01 00 00 00 00 00  |................|
000186e0  00 00 01 00 0c 02 00 00  1b 03 01 00 00 00 00 00  |................|
000186f0  00 00 01 00 15 02 00 00  24 03 01 00 00 00 00 00  |........$.......|
00018700  00 00 01 00 1e 02 00 00  2d 03 01 00 00 00 00 00  |........-.......|
00018710  00 00 01 00 27 02 00 00  36 03 01 00 00 00 00 00  |....'...6.......|
00018720  00 00 01 00 30 02 00 00  3f 03 01 00 00 00 00 00  |....0...?.......|
00018730  00 00 01 00 39 02 00 00  48 03 01 00 00 00 00 00  |....9...H.......|
00018740  00 00 01 00 42 02 00 00  51 03 01 00 00 00 00 00  |....B...Q.......|
00018750  00 00 01 00 4b 02 00 00  5a 03 01 00 00 00 00 00  |....K...Z.......|
00018760  00 00 01 00 54 02 00 00  63 03 01 00 00 00 00 00  |....T...c.......|
00018770  00 00 01 00 5d 02 00 00  6c 03 01 00 00 00 00 00  |....]...l.......|
00018780  00 00 01 00 66 02 00 00  75 03 01 00 00 00 00 00  |....f...u.......|
00018790  00 00 01 00 6f 02 00 00  7e 03 01 00 00 00 00 00  |....o...~.......|
000187a0  00 00 01 00 78 02 00 00  87 03 01 00 00 00 00 00  |....x...........|
000187b0  00 00 01 00 81 02 00 00  90 03 01 00 00 00 00 00  |................|
000187c0  00 00 01 00 8a 02 00 00  99 03 01 00 00 00 00 00  |................|
000187d0  00 00 01 00 93 02 00 00  a2 03 01 00 00 00 00 00  |................|
000187e0  00 00 01 00 9c 02 00 00  ab 03 01 00 00 00 00 00  |................|
000187f0  00 00 01 00 a5 02 00 00  b4 03 01 00 00 00 00 00  |................|
00018800  00 00 01 00 ae 02 00 00  bd 03 01 00 00 00 00 00  |................|
00018810  00 00 01 00 b7 02 00 00  c6 03 01 00 00 00 00 00  |................|
00018820  00 00 01 00 c0 02 00 00  cf 03 01 00 00 00 00 00  |................|
00018830  00 00 01 00 c9 02 00 00  d8 03 01 00 00 00 00 00  |................|
00018840  00 00 01 00 d2 02 00 00  e1 03 01 00 00 00 00 00  |................|
00018850  00 00 01 00 db 02 00 00  ea 03 01 00 00 00 00 00  |................|
00018860  00 00 01 00 e4 02 00 00  f3 03 01 00 00 00 00 00  |................|
00018870  00 00 01 00 ed 02 00 00  fc 03 01 00 00 00 00 00  |................|
00018880  00 00 01 00 f6 02 00 00  05 04 01 00 00 00 00 00  |................|
00018890  00 00 01 00 ff 02 00 00  0e 04 01 00 00 00 00 00  |................|
000188a0  00 00 01 00 08 03 00 00  17 04 01 00 00 00 00 00  |................|
000188b0  00 00 01 00 11 03 00 00  20 04 01 00 00 00 00 00  |........ .......|
000188c0  00 00 01 00 1a 03 00 00  29 04 01 00 00 00 00 00  |........).......|
000188d0  00 00 01 00 23 03 00 00  32 04 01 00 00 00 00 00  |....#...2.......|
000188e0  00 00 01 00 2c 03 00 00  3b 04 01 00 00 00 00 00  |....,...;.......|
000188f0  00 00 01 00 35 03 00 00  44 04 01 00 00 00 00 00  |....5...D.......|
00018900  00 00 01 00 3e 03 00 00  4d 04 01 00 00 00 00 00  |....>...M.......|
00018910  00 00 01 00 47 03 00 00  56 04 01 00 00 00 00 00  |....G...V.......|
00018920  00 00 01 00 50 03 00 00  5f 04 01 00 00 00 00 00  |....P..._.......|
00018930  00 00 01 00 59 03 00 00  68 04 01 00 00 00 00 00  |....Y...h.......|
00018940  00 00 01 00 62 03 00 00  71 04 01 00 00 00 00 00  |....b...q.......|
00018950  00 00 01 00 6b 03 00 00  7a 04 01 00 00 00 00 00  |....k...z.......|
00018960  00 00 01 00 74 03 00 00  83 04 01 00 00 00 00 00  |....t...........|
00018970  00 00 01 00 7d 03 00 00  8c 04 01 00 00 00 00 00  |....}...........|
00018980  00 00 01 00 86 03 00 00  95 04 01 00 00 00 00 00  |................|
00018990  00 00 01 00 8f 03 00 00  9e 04 01 00 00 00 00 00  |................|
000189a0  00 00 01 00 98 03 00 00  a7 04 01 00 00 00 00 00  |................|
000189b0  00 00 01 00 a1 03 00 00  b0 04 01 00 00 00 00 00  |................|
000189c0  00 00 01 00 aa 03 00 00  b9 04 01 00 00 00 00 00  |................|
000189d0  00 00 01 00 b3 03 00 00  c2 04 01 00 00 00 00 00  |................|
000189e0  00 00 01 00 bc 03 00 00  cb 04 01 00 00 00 00 00  |................|
000189f0  00 00 01 00 c5 03 00 00  d4 04 01 00 00 00 00 00  |................|
00018a00  00 00 01 00 ce 03 00 00  dd 04 01 00 00 00 00 00  |................|
00018a10  00 00 01 00 d7 03 00 00  e6 04 01 00 00 00 00 00  |................|
00018a20  00 00 01 00 e0 03 00 00  ef 04 01 00 00 00 00 00  |................|
00018a30  00 00 01 00 e9 03 00 00  f8 04 01 00 00 00 00 00  |................|
00018a40  00 00 01 00 f2 03 00 00  01 05 01 00 00 00 00 00  |................|
00018a50  00 00 01 00 fb 03 00 00  0a 05 01 00 00 00 00 00  |................|
00018a60  00 00 01 00 04 04 00 00  13 05 01 00 00 00 00 00  |................|
00018a70  00 00 01 00 0d 04 00 00  1c 05 01 00 00 00 00 00  |................|
00018a80  00 00 01 00 16 04 00 00  25 05 01 00 00 00 00 00  |........%.......|
00018a90  00 00 01 00 1f 04 00 00  2e 05 01 00 00 00 00 00  |................|
00018aa0  00 00 01 00 28 04 00 00  37 05 01 00 00 00 00 00  |....(...7.......|
00018ab0  00 00 01 00 31 04 00 00  40 05 01 00 00 00 00 00  |....1...@.......|
00018ac0  00 00 01 00 3a 04 00 00  49 05 01 00 00 00 00 00  |....:...I.......|
00018ad0  00 00 01 00 43 04 00 00  52 05 01 00 00 00 00 00  |....C...R.......|
00018ae0  00 00 01 00 4c 04 00 00  5b 05 01 00 00 00 00 00  |....L...[.......|
00018af0  00 00 01 00 55 04 00 00  64 05 01 00 00 00 00 00  |....U...d.......|
00018b00  00 00 01 00 5e 04 00 00  6d 05 01 00 00 00 00 00  |....^...m.......|
00018b10  00 00 01 00 67 04 00 00  76 05 01 00 00 00 00 00  |....g...v.......|
00018b20  00 00 01 00 70 04 00 00  7f 05 01 00 00 00 00 00  |....p...........|
00018b30  00 00 01 00 79 04 00 00  88 05 01 00 00 00 00 00  |....y...........|
00018b40  00 00 01 00 82 04 00 00  91 05 01 00 00 00 00 00  |................|
00018b50  00 00 01 00 8b 04 00 00  9a 05 01 00 00 00 00 00  |................|
00018b60  00 00 01 00 94 04 00 00  a3 05 01 00 00 00 00 00  |................|
00018b70  00 00 01 00 9d 04 00 00  ac 05 01 00 00 00 00 00  |................|
00018b80  00 00 01 00 a6 04 00 00  b5 05 01 00 00 00 00 00  |................|
00018b90  00 00 01 00 af 04 00 00  c1 05 01 00 00 00 00 00  |................|
00018ba0  00 00 01 00 b8 04 00 00  cd 05 01 00 00 00 00 00  |................|
00018bb0  00 00 01 00 c1 04 00 00  d9 05 01 00 00 00 00 00  |................|
00018bc0  00 00 01 00 ca 04 00 00  e5 05 01 00 00 00 00 00  |................|
00018bd0  00 00 01 00 d3 04 00 00  f1 05 01 00 00 00 00 00  |................|
00018be0  00 00 01 00 dc 04 00 00  fd 05 01 00 00 00 00 00  |................|
00018bf0  00 00 01 00 e5 04 00 00  09 06 01 00 00 00 00 00  |................|
00018c00  00 00 01 00 ee 04 00 00  15 06 01 00 00 00 00 00  |................|
00018c10  00 00 01 00 f7 04 00 00  21 06 01 00 00 00 00 00  |........!.......|
00018c20  00 00 01 00 00 05 00 00  2d 06 01 00 00 00 00 00  |........-.......|
00018c30  00 00 01 00 09 05 00 00  39 06 01 00 00 00 00 00  |........9.......|
00018c40  00 00 01 00 12 05 00 00  45 06 01 00 00 00 00 00  |........E.......|
00018c50  00 00 01 00 1b 05 00 00  51 06 01 00 00 00 00 00  |........Q.......|
00018c60  00 00 01 00 24 05 00 00  5d 06 01 00 00 00 00 00  |....$...].......|
00018c70  00 00 01 00 2d 05 00 00  69 06 01 00 00 00 00 00  |....-...i.......|
00018c80  00 00 01 00 36 05 00 00  75 06 01 00 00 00 00 00  |....6...u.......|
00018c90  00 00 01 00 3f 05 00 00  81 06 01 00 00 00 00 00  |....?...........|
00018ca0  00 00 01 00 48 05 00 00  8d 06 01 00 00 00 00 00  |....H...........|
00018cb0  00 00 01 00 51 05 00 00  99 06 01 00 00 00 00 00  |....Q...........|
00018cc0  00 00 01 00 5a 05 00 00  a5 06 01 00 00 00 00 00  |....Z...........|
00018cd0  00 00 01 00 63 05 00 00  b1 06 01 00 00 00 00 00  |....c...........|
00018ce0  00 00 01 00 6c 05 00 00  bd 06 01 00 00 00 00 00  |....l...........|
00018cf0  00 00 01 00 75 05 00 00  c9 06 01 00 00 00 00 00  |....u...........|
00018d00  00 00 01 00 7e 05 00 00  d5 06 01 00 00 00 00 00  |....~...........|
00018d10  00 00 01 00 87 05 00 00  e1 06 01 00 00 00 00 00  |................|
00018d20  00 00 01 00 90 05 00 00  ed 06 01 00 00 00 00 00  |................|
00018d30  00 00 01 00 99 05 00 00  f9 06 01 00 00 00 00 00  |................|
00018d40  00 00 01 00 a2 05 00 00  05 07 01 00 00 00 00 00  |................|
00018d50  00 00 01 00 ab 05 00 00  11 07 01 00 00 00 00 00  |................|
00018d60  00 00 01 00 b4 05 00 00  1d 07 01 00 00 00 00 00  |................|
00018d70  00 00 01 00 bd 05 00 00  29 07 01 00 00 00 00 00  |........).......|
00018d80  00 00 01 00 c6 05 00 00  35 07 01 00 00 00 00 00  |........5.......|
00018d90  00 00 01 00 cf 05 00 00  41 07 01 00 00 00 00 00  |........A.......|
00018da0  00 00 01 00 d8 05 00 00  4d 07 01 00 00 00 00 00  |........M.......|
00018db0  00 00 01 00 e1 05 00 00  59 07 01 00 00 00 00 00  |........Y.......|
00018dc0  00 00 01 00 ea 05 00 00  65 07 01 00 00 00 00 00  |........e.......|
00018dd0  00 00 01 00 f3 05 00 00  71 07 01 00 00 00 00 00  |........q.......|
00018de0  00 00 01 00 fc 05 00 00  7d 07 01 00 00 00 00 00  |........}.......|
00018df0  00 00 01 00 05 06 00 00  89 07 01 00 00 00 00 00  |................|
00018e00  00 00 01 00 0e 06 00 00  95 07 01 00 00 00 00 00  |................|
00018e10  00 00 01 00 17 06 00 00  a1 07 01 00 00 00 00 00  |................|
00018e20  00 00 01 00 20 06 00 00  ad 07 01 00 00 00 00 00  |.... ...........|
00018e30  00 00 01 00 29 06 00 00  b9 07 01 00 00 00 00 00  |....)...........|
00018e40  00 00 01 00 32 06 00 00  c5 07 01 00 00 00 00 00  |....2...........|
00018e50  00 00 01 00 3b 06 00 00  d1 07 01 00 00 00 00 00  |....;...........|
00018e60  00 00 01 00 44 06 00 00  dd 07 01 00 00 00 00 00  |....D...........|
00018e70  00 00 01 00 4d 06 00 00  e9 07 01 00 00 00 00 00  |....M...........|
00018e80  00 00 01 00 56 06 00 00  f5 07 01 00 00 00 00 00  |....V...........|
00018e90  00 00 01 00 5f 06 00 00  01 08 01 00 00 00 00 00  |...._...........|
00018ea0  00 00 01 00 68 06 00 00  0d 08 01 00 00 00 00 00  |....h...........|
00018eb0  00 00 01 00 71 06 00 00  19 08 01 00 00 00 00 00  |....q...........|
00018ec0  00 00 01 00 7a 06 00 00  25 08 01 00 00 00 00 00  |....z...%.......|
00018ed0  00 00 01 00 83 06 00 00  31 08 01 00 00 00 00 00  |........1.......|
00018ee0  00 00 01 00 8c 06 00 00  3d 08 01 00 00 00 00 00  |........=.......|
00018ef0  00 00 01 00 95 06 00 00  49 08 01 00 00 00 00 00  |........I.......|
00018f00  00 00 01 00 9e 06 00 00  55 08 01 00 00 00 00 00  |........U.......|
00018f10  00 00 01 00 a7 06 00 00  61 08 01 00 00 00 00 00  |........a.......|
00018f20  00 00 01 00 b0 06 00 00  6d 08 01 00 00 00 00 00  |........m.......|
00018f30  00 00 01 00 b9 06 00 00  79 08 01 00 00 00 00 00  |........y.......|
00018f40  00 00 01 00 c2 06 00 00  85 08 01 00 00 00 00 00  |................|
00018f50  00 00 01 00 cb 06 00 00  91 08 01 00 00 00 00 00  |................|
00018f60  00 00 01 00 d4 06 00 00  9d 08 01 00 00 00 00 00  |................|
00018f70  00 00 01 00 dd 06 00 00  a9 08 01 00 00 00 00 00  |................|
00018f80  00 00 01 00 e6 06 00 00  b5 08 01 00 00 00 00 00  |................|
00018f90  00 00 01 00 ef 06 00 00  c1 08 01 00 00 00 00 00  |................|
00018fa0  00 00 01 00 f8 06 00 00  cd 08 01 00 00 00 00 00  |................|
00018fb0  00 00 01 00 01 07 00 00  d9 08 01 00 00 00 00 00  |................|
00018fc0  00 00 01 00 0a 07 00 00  e5 08 01 00 00 00 00 00  |................|
00018fd0  00 00 01 00 13 07 00 00  f1 08 01 00 00 00 00 00  |................|
00018fe0  00 00 01 00 1c 07 00 00  fd 08 01 00 00 00 00 00  |................|
00018ff0  00 00 01 00 25 07 00 00  09 09 01 00 00 00 00 00  |....%...........|
00019000  00 00 01 00 2e 07 00 00  15 09 01 00 00 00 00 00  |................|
00019010  00 00 01 00 37 07 00 00  21 09 01 00 00 00 00 00  |....7...!.......|
00019020  00 00 01 00 40 07 00 00  2d 09 01 00 00 00 00 00  |....@...-.......|
00019030  00 00 01 00 49 07 00 00  39 09 01 00 00 00 00 00  |....I...9.......|
00019040  00 00 01 00 52 07 00 00  45 09 01 00 00 00 00 00  |....R...E.......|
00019050  00 00 01 00 5b 07 00 00  51 09 01 00 00 00 00 00  |....[...Q.......|
00019060  00 00 01 00 64 07 00 00  5d 09 01 00 00 00 00 00  |....d...].......|
00019070  00 00 01 00 6d 07 00 00  69 09 01 00 00 00 00 00  |....m...i.......|
00019080  00 00 01 00 76 07 00 00  75 09 01 00 00 00 00 00  |....v...u.......|
00019090  00 00 01 00 7f 07 00 00  81 09 01 00 00 00 00 00  |................|
000190a0  00 00 01 00 88 07 00 00  8d 09 01 00 00 00 00 00  |................|
000190b0  00 00 01 00 91 07 00 00  99 09 01 00 00 00 00 00  |................|
000190c0  00 00 01 00 9a 07 00 00  a5 09 01 00 00 00 00 00  |................|
000190d0  00 00 01 00 a3 07 00 00  b1 09 01 00 00 00 00 00  |................|
000190e0  00 00 01 00 ac 07 00 00  bd 09 01 00 00 00 00 00  |................|
000190f0  00 00 01 00 b5 07 00 00  c9 09 01 00 00 00 00 00  |................|
00019100  00 00 01 00 be 07 00 00  d5 09 01 00 00 00 00 00  |................|
00019110  00 00 01 00 c7 07 00 00  e1 09 01 00 00 00 00 00  |................|
00019120  00 00 01 00 d0 07 00 00  ed 09 01 00 00 00 00 00  |................|
00019130  00 00 01 00 d9 07 00 00  f9 09 01 00 00 00 00 00  |................|
00019140  00 00 01 00 e2 07 00 00  05 0a 01 00 00 00 00 00  |................|
00019150  00 00 01 00 eb 07 00 00  11 0a 01 00 00 00 00 00  |................|
00019160  00 00 01 00 f4 07 00 00  1d 0a 01 00 00 00 00 00  |................|
00019170  00 00 01 00 fd 07 00 00  29 0a 01 00 00 00 00 00  |........).......|
00019180  00 00 01 00 06 08 00 00  35 0a 01 00 00 00 00 00  |........5.......|
00019190  00 00 01 00 0f 08 00 00  41 0a 01 00 00 00 00 00  |........A.......|
000191a0  00 00 01 00 18 08 00 00  4d 0a 01 00 00 00 00 00  |........M.......|
000191b0  00 00 01 00 21 08 00 00  59 0a 01 00 00 00 00 00  |....!...Y.......|
000191c0  00 00 01 00 2a 08 00 00  65 0a 01 00 00 00 00 00  |....*...e.......|
000191d0  00 00 01 00 33 08 00 00  71 0a 01 00 00 00 00 00  |....3...q.......|
000191e0  00 00 01 00 3c 08 00 00  7d 0a 01 00 00 00 00 00  |....<...}.......|
000191f0  00 00 01 00 45 08 00 00  89 0a 01 00 00 00 00 00  |....E...........|
00019200  00 00 01 00 4e 08 00 00  95 0a 01 00 00 00 00 00  |....N...........|
00019210  00 00 01 00 57 08 00 00  a1 0a 01 00 00 00 00 00  |....W...........|
00019220  00 00 01 00 60 08 00 00  ad 0a 01 00 00 00 00 00  |....`...........|
00019230  00 00 01 00 69 08 00 00  b9 0a 01 00 00 00 00 00  |....i...........|
00019240  00 00 01 00 72 08 00 00  c5 0a 01 00 00 00 00 00  |....r...........|
00019250  00 00 01 00 7b 08 00 00  d1 0a 01 00 00 00 00 00  |....{...........|
00019260  00 00 01 00 84 08 00 00  dd 0a 01 00 00 00 00 00  |................|
00019270  00 00 01 00 8d 08 00 00  e9 0a 01 00 00 00 00 00  |................|
00019280  00 00 01 00 96 08 00 00  f5 0a 01 00 00 00 00 00  |................|
00019290  00 00 01 00 9f 08 00 00  01 0b 01 00 00 00 00 00  |................|
000192a0  00 00 01 00 a8 08 00 00  0d 0b 01 00 00 00 00 00  |................|
000192b0  00 00 01 00 b1 08 00 00  19 0b 01 00 00 00 00 00  |................|
000192c0  00 00 01 00 ba 08 00 00  25 0b 01 00 00 00 00 00  |........%.......|
000192d0  00 00 01 00 c3 08 00 00  31 0b 01 00 00 00 00 00  |........1.......|
000192e0  00 00 01 00 cc 08 00 00  3d 0b 01 00 00 00 00 00  |........=.......|
000192f0  00 00 01 00 d5 08 00 00  49 0b 01 00 00 00 00 00  |........I.......|
00019300  00 00 01 00 de 08 00 00  55 0b 01 00 00 00 00 00  |........U.......|
00019310  00 00 01 00 e7 08 00 00  61 0b 01 00 00 00 00 00  |........a.......|
00019320  00 00 01 00 f0 08 00 00  6d 0b 01 00 00 00 00 00  |........m.......|
00019330  00 00 01 00 f9 08 00 00  79 0b 01 00 00 00 00 00  |........y.......|
00019340  00 00 01 00 02 09 00 00  85 0b 01 00 00 00 00 00  |................|
00019350  00 00 01 00 0b 09 00 00  91 0b 01 00 00 00 00 00  |................|
00019360  00 00 01 00 14 09 00 00  9d 0b 01 00 00 00 00 00  |................|
00019370  00 00 01 00 1d 09 00 00  a9 0b 01 00 00 00 00 00  |................|
00019380  00 00 01 00 26 09 00 00  00 00 00 00 00 00 00 00  |....&...........|
00019390  04 00 f1 ff 2c 09 00 00  04 a0 01 00 04 00 00 00  |....,...........|
000193a0  01 00 04 00 39 09 00 00  08 a0 01 00 04 00 00 00  |....9...........|
000193b0  01 00 04 00 46 09 00 00  0c a0 01 00 04 00 00 00  |....F...........|
000193c0  01 00 04 00 53 09 00 00  10 a0 01 00 04 00 00 00  |....S...........|
000193d0  01 00 04 00 60 09 00 00  14 a0 01 00 04 00 00 00  |....`...........|
000193e0  01 00 04 00 67 09 00 00  18 a0 01 00 04 00 00 00  |....g...........|
000193f0  01 00 04 00 33 09 00 00  1c a0 01 00 04 00 00 00  |....3...........|
00019400  01 00 04 00 40 09 00 00  20 a0 01 00 04 00 00 00  |....@... .......|
00019410  01 00 04 00 4d 09 00 00  24 a0 01 00 04 00 00 00  |....M...$.......|
00019420  01 00 04 00 5a 09 00 00  28 a0 01 00 04 00 00 00  |....Z...(.......|
00019430  01 00 04 00 6e 09 00 00  2c a0 01 00 01 00 00 00  |....n...,.......|
00019440  01 00 04 00 79 09 00 00  2d a0 01 00 01 00 00 00  |....y...-.......|
00019450  01 00 04 00 85 09 00 00  30 a0 01 00 04 00 00 00  |........0.......|
00019460  01 00 04 00 8c 09 00 00  b5 0b 01 00 99 00 00 00  |................|
00019470  02 00 01 00 47 0d 00 00  4e 0c 01 00 01 01 00 00  |....G...N.......|
00019480  02 00 01 00 96 09 00 00  19 13 01 00 4f 00 00 00  |............O...|
00019490  02 00 01 00 9c 09 00 00  68 13 01 00 a9 00 00 00  |........h.......|
000194a0  02 00 01 00 a5 09 00 00  11 14 01 00 d6 02 00 00  |................|
000194b0  02 00 01 00 e1 09 00 00  00 94 01 00 00 01 00 00  |................|
000194c0  01 00 03 00 af 09 00 00  40 a0 01 00 c8 00 00 00  |........@.......|
000194d0  01 00 04 00 bc 09 00 00  00 95 01 00 04 00 00 00  |................|
000194e0  01 00 03 00 c6 09 00 00  04 95 01 00 04 00 00 00  |................|
000194f0  01 00 03 00 d1 09 00 00  23 17 01 00 1d 00 00 00  |........#.......|
00019500  02 00 01 00 db 09 00 00  40 17 01 00 0f 01 00 00  |........@.......|
00019510  02 00 01 00 eb 09 00 00  08 a1 01 00 04 00 00 00  |................|
00019520  01 00 04 00 f3 09 00 00  08 95 01 00 04 00 00 00  |................|
00019530  01 00 03 00 ff 09 00 00  4f 18 01 00 64 00 00 00  |........O...d...|
00019540  02 00 01 00 0c 0a 00 00  00 00 00 00 00 00 00 00  |................|
00019550  04 00 f1 ff 14 0a 00 00  10 a1 01 00 04 00 00 00  |................|
00019560  01 00 04 00 1d 0a 00 00  14 a1 01 00 04 00 00 00  |................|
00019570  01 00 04 00 24 0a 00 00  d5 1a 01 00 fd 02 00 00  |....$...........|
00019580  02 00 01 00 2c 0a 00 00  60 71 01 00 08 00 00 00  |....,...`q......|
00019590  01 00 02 00 37 0a 00 00  00 00 00 00 00 00 00 00  |....7...........|
000195a0  04 00 f1 ff 40 0a 00 00  6b 1e 01 00 c7 00 00 00  |....@...k.......|
000195b0  02 00 01 00 2c 0a 00 00  8c 74 01 00 05 00 00 00  |....,....t......|
000195c0  01 00 02 00 48 0a 00 00  00 00 00 00 00 00 00 00  |....H...........|
000195d0  04 00 f1 ff 4f 0a 00 00  2c a6 01 00 04 00 00 00  |....O...,.......|
000195e0  01 00 04 00 5a 0a 00 00  30 a6 01 00 04 00 00 00  |....Z...0.......|
000195f0  01 00 04 00 66 0a 00 00  34 a6 01 00 04 00 00 00  |....f...4.......|
00019600  01 00 04 00 6e 0a 00 00  38 a6 01 00 04 00 00 00  |....n...8.......|
00019610  01 00 04 00 77 0a 00 00  3c a6 01 00 04 00 00 00  |....w...<.......|
00019620  01 00 04 00 86 0a 00 00  e7 22 01 00 08 01 00 00  |........."......|
00019630  02 00 01 00 90 0a 00 00  bc 75 01 00 0a 00 00 00  |.........u......|
00019640  01 00 02 00 9b 0a 00 00  c8 75 01 00 0e 00 00 00  |.........u......|
00019650  01 00 02 00 a6 0a 00 00  d8 75 01 00 13 00 00 00  |.........u......|
00019660  01 00 02 00 b1 0a 00 00  d8 28 01 00 94 00 00 00  |.........(......|
00019670  02 00 01 00 be 0a 00 00  ec 75 01 00 0d 00 00 00  |.........u......|
00019680  01 00 02 00 c9 0a 00 00  fc 75 01 00 0f 00 00 00  |.........u......|
00019690  01 00 02 00 2c 0a 00 00  0c 76 01 00 0e 00 00 00  |....,....v......|
000196a0  01 00 02 00 d4 0a 00 00  00 00 00 00 00 00 00 00  |................|
000196b0  04 00 f1 ff c9 0a 00 00  68 76 01 00 09 00 00 00  |........hv......|
000196c0  01 00 02 00 2c 0a 00 00  74 76 01 00 0c 00 00 00  |....,...tv......|
000196d0  01 00 02 00 db 0a 00 00  00 00 00 00 00 00 00 00  |................|
000196e0  04 00 f1 ff e3 0a 00 00  b5 2b 01 00 2c 00 00 00  |.........+..,...|
000196f0  02 00 01 00 ea 0a 00 00  e1 2b 01 00 3d 00 00 00  |.........+..=...|
00019700  02 00 01 00 f6 0a 00 00  04 7b 01 00 09 00 00 00  |.........{......|
00019710  01 00 02 00 01 0b 00 00  10 7b 01 00 0a 00 00 00  |.........{......|
00019720  01 00 02 00 90 0a 00 00  1c 7b 01 00 09 00 00 00  |.........{......|
00019730  01 00 02 00 9b 0a 00 00  28 7b 01 00 0d 00 00 00  |........({......|
00019740  01 00 02 00 a6 0a 00 00  38 7b 01 00 12 00 00 00  |........8{......|
00019750  01 00 02 00 be 0a 00 00  4c 7b 01 00 0c 00 00 00  |........L{......|
00019760  01 00 02 00 c9 0a 00 00  58 7b 01 00 09 00 00 00  |........X{......|
00019770  01 00 02 00 2c 0a 00 00  64 7b 01 00 09 00 00 00  |....,...d{......|
00019780  01 00 02 00 0c 0b 00 00  00 00 00 00 00 00 00 00  |................|
00019790  04 00 f1 ff 15 0b 00 00  a0 a9 01 00 04 00 00 00  |................|
000197a0  01 00 04 00 21 0b 00 00  c0 a9 01 00 80 00 00 00  |....!...........|
000197b0  01 00 04 00 28 0b 00 00  40 aa 01 00 08 00 00 00  |....(...@.......|
000197c0  01 00 04 00 33 0b 00 00  b5 38 01 00 2c 00 00 00  |....3....8..,...|
000197d0  02 00 01 00 3a 0b 00 00  e1 38 01 00 59 00 00 00  |....:....8..Y...|
000197e0  02 00 01 00 90 0a 00 00  14 7d 01 00 0b 00 00 00  |.........}......|
000197f0  01 00 02 00 45 0b 00 00  3a 39 01 00 82 00 00 00  |....E...:9......|
00019800  02 00 01 00 9b 0a 00 00  20 7d 01 00 0f 00 00 00  |........ }......|
00019810  01 00 02 00 54 0b 00 00  bc 39 01 00 4c 00 00 00  |....T....9..L...|
00019820  02 00 01 00 a6 0a 00 00  30 7d 01 00 0b 00 00 00  |........0}......|
00019830  01 00 02 00 be 0a 00 00  3c 7d 01 00 09 00 00 00  |........<}......|
00019840  01 00 02 00 c9 0a 00 00  48 7d 01 00 0b 00 00 00  |........H}......|
00019850  01 00 02 00 2c 0a 00 00  54 7d 01 00 0e 00 00 00  |....,...T}......|
00019860  01 00 02 00 60 0b 00 00  00 00 00 00 00 00 00 00  |....`...........|
00019870  04 00 f1 ff 66 0b 00 00  80 aa 01 00 00 04 00 00  |....f...........|
00019880  01 00 04 00 6f 0b 00 00  80 ae 01 00 04 00 00 00  |....o...........|
00019890  01 00 04 00 76 0b 00 00  84 ae 01 00 04 00 00 00  |....v...........|
000198a0  01 00 04 00 7d 0b 00 00  88 ae 01 00 04 00 00 00  |....}...........|
000198b0  01 00 04 00 85 0b 00 00  a0 ae 01 00 00 04 00 00  |................|
000198c0  01 00 04 00 8f 0b 00 00  a0 b2 01 00 04 00 00 00  |................|
000198d0  01 00 04 00 97 0b 00 00  a4 b2 01 00 04 00 00 00  |................|
000198e0  01 00 04 00 9f 0b 00 00  a8 b2 01 00 04 00 00 00  |................|
000198f0  01 00 04 00 a8 0b 00 00  ac b2 01 00 04 00 00 00  |................|
00019900  01 00 04 00 b0 0b 00 00  b0 b2 01 00 01 00 00 00  |................|
00019910  01 00 04 00 b4 0b 00 00  8d 41 01 00 49 03 00 00  |.........A..I...|
00019920  02 00 01 00 2c 0a 00 00  e4 7e 01 00 08 00 00 00  |....,....~......|
00019930  01 00 02 00 bc 0b 00 00  00 00 00 00 00 00 00 00  |................|
00019940  04 00 f1 ff c5 0b 00 00  bc b2 01 00 04 00 00 00  |................|
00019950  01 00 04 00 c9 0a 00 00  98 7f 01 00 09 00 00 00  |................|
00019960  01 00 02 00 2c 0a 00 00  a4 7f 01 00 09 00 00 00  |....,...........|
00019970  01 00 02 00 d1 0b 00 00  00 00 00 00 00 00 00 00  |................|
00019980  04 00 f1 ff db 0b 00 00  7b 50 01 00 30 00 00 00  |........{P..0...|
00019990  02 00 01 00 ee 0b 00 00  ab 50 01 00 86 00 00 00  |.........P......|
000199a0  02 00 01 00 fa 0b 00 00  31 51 01 00 af 00 00 00  |........1Q......|
000199b0  02 00 01 00 03 0c 00 00  e0 51 01 00 6d 00 00 00  |.........Q..m...|
000199c0  02 00 01 00 13 0c 00 00  4d 52 01 00 70 00 00 00  |........MR..p...|
000199d0  02 00 01 00 23 0c 00 00  bd 52 01 00 d1 00 00 00  |....#....R......|
000199e0  02 00 01 00 2c 0c 00 00  8e 53 01 00 43 00 00 00  |....,....S..C...|
000199f0  02 00 01 00 3a 0c 00 00  d1 53 01 00 a2 00 00 00  |....:....S......|
00019a00  02 00 01 00 43 0c 00 00  00 00 00 00 00 00 00 00  |....C...........|
00019a10  04 00 f1 ff 4e 0c 00 00  c7 54 01 00 ad 00 00 00  |....N....T......|
00019a20  02 00 01 00 5c 0c 00 00  fc 82 01 00 0e 00 00 00  |....\...........|
00019a30  01 00 02 00 68 0c 00 00  0c 83 01 00 09 00 00 00  |....h...........|
00019a40  01 00 02 00 74 0c 00 00  18 83 01 00 09 00 00 00  |....t...........|
00019a50  01 00 02 00 7f 0c 00 00  24 83 01 00 09 00 00 00  |........$.......|
00019a60  01 00 02 00 f6 0a 00 00  30 83 01 00 09 00 00 00  |........0.......|
00019a70  01 00 02 00 01 0b 00 00  3c 83 01 00 09 00 00 00  |........<.......|
00019a80  01 00 02 00 90 0a 00 00  48 83 01 00 0a 00 00 00  |........H.......|
00019a90  01 00 02 00 9b 0a 00 00  54 83 01 00 0a 00 00 00  |........T.......|
00019aa0  01 00 02 00 a6 0a 00 00  60 83 01 00 0b 00 00 00  |........`.......|
00019ab0  01 00 02 00 be 0a 00 00  6c 83 01 00 0c 00 00 00  |........l.......|
00019ac0  01 00 02 00 c9 0a 00 00  78 83 01 00 0c 00 00 00  |........x.......|
00019ad0  01 00 02 00 8a 0c 00 00  80 82 01 00 28 00 00 00  |............(...|
00019ae0  01 00 02 00 93 0c 00 00  57 60 01 00 08 01 00 00  |........W`......|
00019af0  02 00 01 00 2c 0a 00 00  84 83 01 00 08 00 00 00  |....,...........|
00019b00  01 00 02 00 9b 0c 00 00  00 00 00 00 00 00 00 00  |................|
00019b10  04 00 f1 ff a5 0c 00 00  8d 61 01 00 10 00 00 00  |.........a......|
00019b20  02 00 01 00 ab 0c 00 00  00 00 00 00 00 00 00 00  |................|
00019b30  04 00 f1 ff b4 0c 00 00  00 00 00 00 00 00 00 00  |................|
00019b40  04 00 f1 ff bc 0c 00 00  00 00 00 00 00 00 00 00  |................|
00019b50  04 00 f1 ff c5 0c 00 00  00 00 00 00 00 00 00 00  |................|
00019b60  04 00 f1 ff cf 0c 00 00  00 00 00 00 00 00 00 00  |................|
00019b70  04 00 f1 ff d8 0c 00 00  00 00 00 00 00 00 00 00  |................|
00019b80  04 00 f1 ff e1 0c 00 00  00 00 00 00 00 00 00 00  |................|
00019b90  04 00 f1 ff ea 0c 00 00  00 00 00 00 00 00 00 00  |................|
00019ba0  04 00 f1 ff f4 0c 00 00  00 00 00 00 00 00 00 00  |................|
00019bb0  04 00 f1 ff fd 0c 00 00  00 00 00 00 00 00 00 00  |................|
00019bc0  04 00 f1 ff 06 0d 00 00  00 00 00 00 00 00 00 00  |................|
00019bd0  04 00 f1 ff 10 0d 00 00  00 00 00 00 00 00 00 00  |................|
00019be0  04 00 f1 ff 19 0d 00 00  00 00 00 00 00 00 00 00  |................|
00019bf0  04 00 f1 ff 22 0d 00 00  00 00 00 00 00 00 00 00  |...."...........|
00019c00  04 00 f1 ff 2b 0d 00 00  00 00 00 00 00 00 00 00  |....+...........|
00019c10  04 00 f1 ff 34 0d 00 00  00 00 00 00 00 00 00 00  |....4...........|
00019c20  04 00 f1 ff 3d 0d 00 00  00 00 00 00 00 00 00 00  |....=...........|
00019c30  04 00 f1 ff 43 0d 00 00  51 0e 01 00 bb 00 00 00  |....C...Q.......|
00019c40  12 00 01 00 52 0d 00 00  d7 46 01 00 79 00 00 00  |....R....F..y...|
00019c50  12 00 01 00 5e 0d 00 00  75 35 01 00 76 00 00 00  |....^...u5..v...|
00019c60  12 00 01 00 6b 0d 00 00  20 a2 01 00 00 02 00 00  |....k... .......|
00019c70  11 00 04 00 70 0d 00 00  8f 10 01 00 32 00 00 00  |....p.......2...|
00019c80  12 00 01 00 79 0d 00 00  ef 23 01 00 c4 01 00 00  |....y....#......|
00019c90  12 00 01 00 81 0d 00 00  50 47 01 00 b6 00 00 00  |........PG......|
00019ca0  12 00 01 00 8b 0d 00 00  7c 4a 01 00 7d 01 00 00  |........|J..}...|
00019cb0  12 00 01 00 94 0d 00 00  26 a6 01 00 02 00 00 00  |........&.......|
00019cc0  11 00 04 00 a1 0d 00 00  80 67 01 00 53 00 00 00  |.........g..S...|
00019cd0  12 00 01 00 a9 0d 00 00  1e 2c 01 00 23 01 00 00  |.........,..#...|
00019ce0  12 00 01 00 ba 0d 00 00  f9 4b 01 00 7c 00 00 00  |.........K..|...|
00019cf0  12 00 01 00 c3 0d 00 00  b0 34 01 00 76 00 00 00  |.........4..v...|
00019d00  12 00 01 00 cd 0d 00 00  7f 27 01 00 21 00 00 00  |.........'..!...|
00019d10  12 00 01 00 da 0d 00 00  fb 58 01 00 fe 01 00 00  |.........X......|
00019d20  12 00 01 00 e3 0d 00 00  9a 66 01 00 2e 00 00 00  |.........f......|
00019d30  12 00 01 00 ea 0d 00 00  bf 3c 01 00 e0 01 00 00  |.........<......|
00019d40  12 00 01 00 f5 0d 00 00  20 a6 01 00 04 00 00 00  |........ .......|
00019d50  11 00 04 00 ff 0d 00 00  88 6b 01 00 00 00 00 00  |.........k......|
00019d60  10 00 01 00 06 0e 00 00  4a 10 01 00 45 00 00 00  |........J...E...|
00019d70  12 00 01 00 12 0e 00 00  70 3b 01 00 7e 00 00 00  |........p;..~...|
00019d80  12 00 01 00 1c 0e 00 00  58 a6 01 00 04 00 00 00  |........X.......|
00019d90  11 00 04 00 24 0e 00 00  20 a4 01 00 00 02 00 00  |....$... .......|
00019da0  11 00 04 00 2b 0e 00 00  eb 35 01 00 86 00 00 00  |....+....5......|
00019db0  12 00 01 00 3d 0e 00 00  4c a6 01 00 04 00 00 00  |....=...L.......|
00019dc0  11 00 04 00 46 0e 00 00  b4 2a 01 00 99 00 00 00  |....F....*......|
00019dd0  12 00 01 00 4f 0e 00 00  f1 5b 01 00 6a 01 00 00  |....O....[..j...|
00019de0  12 00 01 00 58 0e 00 00  a0 27 01 00 38 01 00 00  |....X....'..8...|
00019df0  12 00 01 00 6b 0e 00 00  52 67 01 00 2e 00 00 00  |....k...Rg......|
00019e00  12 00 01 00 72 0e 00 00  17 64 01 00 9a 00 00 00  |....r....d......|
00019e10  12 00 01 00 79 0e 00 00  5f 61 01 00 2e 00 00 00  |....y..._a......|
00019e20  12 00 01 00 82 0e 00 00  84 a9 01 00 04 00 00 00  |................|
00019e30  11 00 04 00 8b 0e 00 00  33 2e 01 00 77 00 00 00  |........3...w...|
00019e40  12 00 01 00 98 0e 00 00  2f 30 01 00 ef 00 00 00  |......../0......|
00019e50  12 00 01 00 a4 0e 00 00  39 2a 01 00 7b 00 00 00  |........9*..{...|
00019e60  12 00 01 00 b2 0e 00 00  3a 4e 01 00 41 02 00 00  |........:N..A...|
00019e70  12 00 01 00 bb 0e 00 00  72 11 01 00 6d 00 00 00  |........r...m...|
00019e80  12 00 01 00 cb 0e 00 00  d7 36 01 00 45 00 00 00  |.........6..E...|
00019e90  12 00 01 00 d7 0e 00 00  06 48 01 00 0a 00 00 00  |.........H......|
00019ea0  12 00 01 00 e6 0e 00 00  60 aa 01 00 04 00 00 00  |........`.......|
00019eb0  11 00 04 00 f0 0e 00 00  6e 3c 01 00 51 00 00 00  |........n<..Q...|
00019ec0  12 00 01 00 fb 0e 00 00  54 a6 01 00 04 00 00 00  |........T.......|
00019ed0  11 00 04 00 03 0f 00 00  df 11 01 00 3a 01 00 00  |............:...|
00019ee0  12 00 01 00 0e 0f 00 00  00 00 01 00 00 00 00 00  |................|
00019ef0  10 00 01 00 16 0f 00 00  80 76 01 00 20 00 00 00  |.........v.. ...|
00019f00  11 00 02 00 20 0f 00 00  d2 1d 01 00 99 00 00 00  |.... ...........|
00019f10  12 00 01 00 29 0f 00 00  59 19 01 00 51 00 00 00  |....)...Y...Q...|
00019f20  12 00 01 00 32 0f 00 00  1c 37 01 00 fb 00 00 00  |....2....7......|
00019f30  12 00 01 00 3b 0f 00 00  6a 40 01 00 23 01 00 00  |....;...j@..#...|
00019f40  12 00 01 00 49 0f 00 00  d6 44 01 00 88 01 00 00  |....I....D......|
00019f50  12 00 01 00 52 0f 00 00  12 5e 01 00 de 00 00 00  |....R....^......|
00019f60  12 00 01 00 5c 0f 00 00  3c 4d 01 00 fe 00 00 00  |....\...<M......|
00019f70  12 00 01 00 66 0f 00 00  6f 00 01 00 00 00 00 00  |....f...o.......|
00019f80  10 00 01 00 98 09 00 00  66 6b 01 00 22 00 00 00  |........fk.."...|
00019f90  12 00 01 00 72 0f 00 00  41 2d 01 00 f2 00 00 00  |....r...A-......|
00019fa0  12 00 01 00 7b 0f 00 00  fa 67 01 00 75 02 00 00  |....{....g..u...|
00019fb0  12 00 01 00 82 0f 00 00  a9 65 01 00 6b 00 00 00  |.........e..k...|
00019fc0  12 00 01 00 89 0f 00 00  20 a1 01 00 00 01 00 00  |........ .......|
00019fd0  11 00 04 00 8e 0f 00 00  c8 66 01 00 66 00 00 00  |.........f..f...|
00019fe0  12 00 01 00 96 0f 00 00  9f 3e 01 00 c2 00 00 00  |.........>......|
00019ff0  12 00 01 00 9f 0f 00 00  00 70 01 00 00 00 00 00  |.........p......|
0001a000  10 00 02 00 a7 0f 00 00  d7 61 01 00 be 00 00 00  |.........a......|
0001a010  12 00 01 00 b1 0f 00 00  a2 54 01 00 25 00 00 00  |.........T..%...|
0001a020  12 00 01 00 bd 0f 00 00  a0 76 01 00 0f 00 00 00  |.........v......|
0001a030  11 00 02 00 c6 0f 00 00  6c 29 01 00 cd 00 00 00  |........l)......|
0001a040  12 00 01 00 d5 0f 00 00  7c 26 01 00 03 01 00 00  |........|&......|
0001a050  12 00 01 00 e3 0f 00 00  5b 5d 01 00 b7 00 00 00  |........[]......|
0001a060  12 00 01 00 ed 0f 00 00  b1 64 01 00 24 00 00 00  |.........d..$...|
0001a070  12 00 01 00 f3 0f 00 00  0c a1 01 00 04 00 00 00  |................|
0001a080  11 00 04 00 a9 10 00 00  00 00 01 00 00 00 00 00  |................|
0001a090  10 00 01 00 ff 0f 00 00  c1 10 01 00 39 00 00 00  |............9...|
0001a0a0  12 00 01 00 09 10 00 00  4f 0d 01 00 a2 00 00 00  |........O.......|
0001a0b0  12 00 01 00 17 10 00 00  75 4c 01 00 66 00 00 00  |........uL..f...|
0001a0c0  12 00 01 00 21 10 00 00  ee 3b 01 00 80 00 00 00  |....!....;......|
0001a0d0  12 00 01 00 2a 10 00 00  5c a6 01 00 04 00 00 00  |....*...\.......|
0001a0e0  11 00 04 00 32 10 00 00  b3 25 01 00 c9 00 00 00  |....2....%......|
0001a0f0  12 00 01 00 3a 10 00 00  82 49 01 00 a7 00 00 00  |....:....I......|
0001a100  12 00 01 00 44 10 00 00  00 a0 01 00 04 00 00 00  |....D...........|
0001a110  11 00 04 00 4e 10 00 00  18 65 01 00 91 00 00 00  |....N....e......|
0001a120  12 00 01 00 56 10 00 00  24 a6 01 00 02 00 00 00  |....V...$.......|
0001a130  11 00 04 00 25 0e 00 00  73 54 01 00 1c 00 00 00  |....%...sT......|
0001a140  12 00 01 00 62 10 00 00  28 a6 01 00 02 00 00 00  |....b...(.......|
0001a150  11 00 04 00 6f 10 00 00  17 38 01 00 9e 00 00 00  |....o....8......|
0001a160  12 00 01 00 78 10 00 00  aa 2e 01 00 85 01 00 00  |....x...........|
0001a170  12 00 01 00 81 10 00 00  15 32 01 00 9b 02 00 00  |.........2......|
0001a180  12 00 01 00 8a 10 00 00  50 a6 01 00 04 00 00 00  |........P.......|
0001a190  11 00 04 00 91 10 00 00  d2 19 01 00 ab 00 00 00  |................|
0001a1a0  12 00 01 00 9a 10 00 00  5c 84 01 00 11 00 00 00  |........\.......|
0001a1b0  11 00 02 00 a4 10 00 00  00 a0 01 00 00 00 00 00  |................|
0001a1c0  10 00 04 00 b0 10 00 00  d3 67 01 00 27 00 00 00  |.........g..'...|
0001a1d0  12 00 01 00 b7 10 00 00  32 1f 01 00 b5 03 00 00  |........2.......|
0001a1e0  12 00 01 00 bc 10 00 00  8f 54 01 00 13 00 00 00  |.........T......|
0001a1f0  12 00 01 00 cc 10 00 00  71 48 01 00 9b 00 00 00  |........qH......|
0001a200  12 00 01 00 d5 10 00 00  c0 b2 01 00 00 04 00 00  |................|
0001a210  11 00 04 00 df 10 00 00  9d 61 01 00 3a 00 00 00  |.........a..:...|
0001a220  12 00 01 00 f0 10 00 00  7d 1a 01 00 2c 00 00 00  |........}...,...|
0001a230  12 00 01 00 fc 10 00 00  29 4a 01 00 2d 00 00 00  |........)J..-...|
0001a240  12 00 01 00 05 11 00 00  6f 6a 01 00 36 00 00 00  |........oj..6...|
0001a250  12 00 01 00 0c 11 00 00  80 a9 01 00 04 00 00 00  |................|
0001a260  11 00 04 00 15 11 00 00  95 62 01 00 2c 00 00 00  |.........b..,...|
0001a270  12 00 01 00 9e 09 00 00  c9 6a 01 00 9d 00 00 00  |.........j......|
0001a280  12 00 01 00 1b 11 00 00  71 36 01 00 66 00 00 00  |........q6..f...|
0001a290  12 00 01 00 27 11 00 00  1f 3b 01 00 51 00 00 00  |....'....;..Q...|
0001a2a0  12 00 01 00 30 11 00 00  10 48 01 00 61 00 00 00  |....0....H..a...|
0001a2b0  12 00 01 00 3a 11 00 00  c1 62 01 00 56 01 00 00  |....:....b..V...|
0001a2c0  12 00 01 00 41 11 00 00  e7 16 01 00 20 00 00 00  |....A....... ...|
0001a2d0  12 00 01 00 4f 11 00 00  b8 b2 01 00 04 00 00 00  |....O...........|
0001a2e0  11 00 04 00 54 11 00 00  aa 19 01 00 28 00 00 00  |....T.......(...|
0001a2f0  12 00 01 00 64 11 00 00  26 35 01 00 4f 00 00 00  |....d...&5..O...|
0001a300  12 00 01 00 6d 11 00 00  07 17 01 00 1c 00 00 00  |....m...........|
0001a310  12 00 01 00 78 11 00 00  00 90 01 00 00 00 00 00  |....x...........|
0001a320  10 00 03 00 7e 11 00 00  46 5f 01 00 56 00 00 00  |....~...F_..V...|
0001a330  12 00 01 00 8a 11 00 00  0c 0f 01 00 3e 01 00 00  |............>...|
0001a340  12 00 01 00 96 11 00 00  14 66 01 00 86 00 00 00  |.........f......|
0001a350  12 00 01 00 9d 11 00 00  9c 5f 01 00 bb 00 00 00  |........._......|
0001a360  12 00 01 00 a9 11 00 00  56 4a 01 00 26 00 00 00  |........VJ..&...|
0001a370  12 00 01 00 b5 11 00 00  f9 5a 01 00 f8 00 00 00  |.........Z......|
0001a380  12 00 01 00 be 11 00 00  db 4c 01 00 61 00 00 00  |.........L..a...|
0001a390  12 00 01 00 c7 11 00 00  0c 95 01 00 00 00 00 00  |................|
0001a3a0  10 00 03 00 ce 11 00 00  d5 64 01 00 43 00 00 00  |.........d..C...|
0001a3b0  12 00 01 00 d5 11 00 00  00 90 01 00 00 00 00 00  |................|
0001a3c0  10 00 03 00 e4 11 00 00  c0 b6 01 00 00 00 00 00  |................|
0001a3d0  10 00 04 00 e9 11 00 00  09 58 01 00 f2 00 00 00  |.........X......|
0001a3e0  12 00 01 00 f2 11 00 00  74 55 01 00 95 02 00 00  |........tU......|
0001a3f0  12 00 01 00 fb 11 00 00  1e 31 01 00 f7 00 00 00  |.........1......|
0001a400  12 00 01 00 0d 12 00 00  60 a6 01 00 20 03 00 00  |........`... ...|
0001a410  11 00 04 00 14 12 00 00  2e 67 01 00 24 00 00 00  |.........g..$...|
0001a420  12 00 01 00 1b 12 00 00  a5 6a 01 00 24 00 00 00  |.........j..$...|
0001a430  12 00 01 00 48 10 00 00  40 a6 01 00 0c 00 00 00  |....H...@.......|
0001a440  11 00 04 00 22 12 00 00  f1 0d 01 00 60 00 00 00  |....".......`...|
0001a450  12 00 01 00 2d 12 00 00  fa 10 01 00 78 00 00 00  |....-.......x...|
0001a460  12 00 01 00 3d 12 00 00  f0 5e 01 00 56 00 00 00  |....=....^..V...|
0001a470  12 00 01 00 48 12 00 00  08 3a 01 00 17 01 00 00  |....H....:......|
0001a480  12 00 01 00 51 12 00 00  5e 46 01 00 79 00 00 00  |....Q...^F..y...|
0001a490  12 00 01 00 5c 12 00 00  0c 49 01 00 76 00 00 00  |....\....I..v...|
0001a4a0  12 00 01 00 67 12 00 00  61 3f 01 00 09 01 00 00  |....g...a?......|
0001a4b0  12 00 01 00 72 12 00 00  b3 18 01 00 a6 00 00 00  |....r...........|
0001a4c0  12 00 01 00 7e 12 00 00  4d 2b 01 00 68 00 00 00  |....~...M+..h...|
0001a4d0  12 00 01 00 8a 12 00 00  a9 1a 01 00 2c 00 00 00  |............,...|
0001a4e0  12 00 01 00 98 12 00 00  b4 b2 01 00 04 00 00 00  |................|
0001a4f0  11 00 04 00 9f 12 00 00  c8 84 01 00 00 00 00 00  |................|
0001a500  10 00 02 00 00 65 6e 74  72 79 2e 6f 00 63 6c 65  |.....entry.o.cle|
0001a510  61 72 62 73 73 00 69 73  72 73 2e 6f 00 69 73 72  |arbss.isrs.o.isr|
0001a520  5f 73 61 76 65 00 66 6d  74 00 69 73 72 5f 30 78  |_save.fmt.isr_0x|
0001a530  30 30 00 69 73 72 5f 30  78 30 31 00 69 73 72 5f  |00.isr_0x01.isr_|
0001a540  30 78 30 32 00 69 73 72  5f 30 78 30 33 00 69 73  |0x02.isr_0x03.is|
0001a550  72 5f 30 78 30 34 00 69  73 72 5f 30 78 30 35 00  |r_0x04.isr_0x05.|
0001a560  69 73 72 5f 30 78 30 36  00 69 73 72 5f 30 78 30  |isr_0x06.isr_0x0|
0001a570  37 00 69 73 72 5f 30 78  30 38 00 69 73 72 5f 30  |7.isr_0x08.isr_0|
0001a580  78 30 39 00 69 73 72 5f  30 78 30 61 00 69 73 72  |x09.isr_0x0a.isr|
0001a590  5f 30 78 30 62 00 69 73  72 5f 30 78 30 63 00 69  |_0x0b.isr_0x0c.i|
0001a5a0  73 72 5f 30 78 30 64 00  69 73 72 5f 30 78 30 65  |sr_0x0d.isr_0x0e|
0001a5b0  00 69 73 72 5f 30 78 30  66 00 69 73 72 5f 30 78  |.isr_0x0f.isr_0x|
0001a5c0  31 30 00 69 73 72 5f 30  78 31 31 00 69 73 72 5f  |10.isr_0x11.isr_|
0001a5d0  30 78 31 32 00 69 73 72  5f 30 78 31 33 00 69 73  |0x12.isr_0x13.is|
0001a5e0  72 5f 30 78 31 34 00 69  73 72 5f 30 78 31 35 00  |r_0x14.isr_0x15.|
0001a5f0  69 73 72 5f 30 78 31 36  00 69 73 72 5f 30 78 31  |isr_0x16.isr_0x1|
0001a600  37 00 69 73 72 5f 30 78  31 38 00 69 73 72 5f 30  |7.isr_0x18.isr_0|
0001a610  78 31 39 00 69 73 72 5f  30 78 31 61 00 69 73 72  |x19.isr_0x1a.isr|
0001a620  5f 30 78 31 62 00 69 73  72 5f 30 78 31 63 00 69  |_0x1b.isr_0x1c.i|
0001a630  73 72 5f 30 78 31 64 00  69 73 72 5f 30 78 31 65  |sr_0x1d.isr_0x1e|
0001a640  00 69 73 72 5f 30 78 31  66 00 69 73 72 5f 30 78  |.isr_0x1f.isr_0x|
0001a650  32 30 00 69 73 72 5f 30  78 32 31 00 69 73 72 5f  |20.isr_0x21.isr_|
0001a660  30 78 32 32 00 69 73 72  5f 30 78 32 33 00 69 73  |0x22.isr_0x23.is|
0001a670  72 5f 30 78 32 34 00 69  73 72 5f 30 78 32 35 00  |r_0x24.isr_0x25.|
0001a680  69 73 72 5f 30 78 32 36  00 69 73 72 5f 30 78 32  |isr_0x26.isr_0x2|
0001a690  37 00 69 73 72 5f 30 78  32 38 00 69 73 72 5f 30  |7.isr_0x28.isr_0|
0001a6a0  78 32 39 00 69 73 72 5f  30 78 32 61 00 69 73 72  |x29.isr_0x2a.isr|
0001a6b0  5f 30 78 32 62 00 69 73  72 5f 30 78 32 63 00 69  |_0x2b.isr_0x2c.i|
0001a6c0  73 72 5f 30 78 32 64 00  69 73 72 5f 30 78 32 65  |sr_0x2d.isr_0x2e|
0001a6d0  00 69 73 72 5f 30 78 32  66 00 69 73 72 5f 30 78  |.isr_0x2f.isr_0x|
0001a6e0  33 30 00 69 73 72 5f 30  78 33 31 00 69 73 72 5f  |30.isr_0x31.isr_|
0001a6f0  30 78 33 32 00 69 73 72  5f 30 78 33 33 00 69 73  |0x32.isr_0x33.is|
0001a700  72 5f 30 78 33 34 00 69  73 72 5f 30 78 33 35 00  |r_0x34.isr_0x35.|
0001a710  69 73 72 5f 30 78 33 36  00 69 73 72 5f 30 78 33  |isr_0x36.isr_0x3|
0001a720  37 00 69 73 72 5f 30 78  33 38 00 69 73 72 5f 30  |7.isr_0x38.isr_0|
0001a730  78 33 39 00 69 73 72 5f  30 78 33 61 00 69 73 72  |x39.isr_0x3a.isr|
0001a740  5f 30 78 33 62 00 69 73  72 5f 30 78 33 63 00 69  |_0x3b.isr_0x3c.i|
0001a750  73 72 5f 30 78 33 64 00  69 73 72 5f 30 78 33 65  |sr_0x3d.isr_0x3e|
0001a760  00 69 73 72 5f 30 78 33  66 00 69 73 72 5f 30 78  |.isr_0x3f.isr_0x|
0001a770  34 30 00 69 73 72 5f 30  78 34 31 00 69 73 72 5f  |40.isr_0x41.isr_|
0001a780  30 78 34 32 00 69 73 72  5f 30 78 34 33 00 69 73  |0x42.isr_0x43.is|
0001a790  72 5f 30 78 34 34 00 69  73 72 5f 30 78 34 35 00  |r_0x44.isr_0x45.|
0001a7a0  69 73 72 5f 30 78 34 36  00 69 73 72 5f 30 78 34  |isr_0x46.isr_0x4|
0001a7b0  37 00 69 73 72 5f 30 78  34 38 00 69 73 72 5f 30  |7.isr_0x48.isr_0|
0001a7c0  78 34 39 00 69 73 72 5f  30 78 34 61 00 69 73 72  |x49.isr_0x4a.isr|
0001a7d0  5f 30 78 34 62 00 69 73  72 5f 30 78 34 63 00 69  |_0x4b.isr_0x4c.i|
0001a7e0  73 72 5f 30 78 34 64 00  69 73 72 5f 30 78 34 65  |sr_0x4d.isr_0x4e|
0001a7f0  00 69 73 72 5f 30 78 34  66 00 69 73 72 5f 30 78  |.isr_0x4f.isr_0x|
0001a800  35 30 00 69 73 72 5f 30  78 35 31 00 69 73 72 5f  |50.isr_0x51.isr_|
0001a810  30 78 35 32 00 69 73 72  5f 30 78 35 33 00 69 73  |0x52.isr_0x53.is|
0001a820  72 5f 30 78 35 34 00 69  73 72 5f 30 78 35 35 00  |r_0x54.isr_0x55.|
0001a830  69 73 72 5f 30 78 35 36  00 69 73 72 5f 30 78 35  |isr_0x56.isr_0x5|
0001a840  37 00 69 73 72 5f 30 78  35 38 00 69 73 72 5f 30  |7.isr_0x58.isr_0|
0001a850  78 35 39 00 69 73 72 5f  30 78 35 61 00 69 73 72  |x59.isr_0x5a.isr|
0001a860  5f 30 78 35 62 00 69 73  72 5f 30 78 35 63 00 69  |_0x5b.isr_0x5c.i|
0001a870  73 72 5f 30 78 35 64 00  69 73 72 5f 30 78 35 65  |sr_0x5d.isr_0x5e|
0001a880  00 69 73 72 5f 30 78 35  66 00 69 73 72 5f 30 78  |.isr_0x5f.isr_0x|
0001a890  36 30 00 69 73 72 5f 30  78 36 31 00 69 73 72 5f  |60.isr_0x61.isr_|
0001a8a0  30 78 36 32 00 69 73 72  5f 30 78 36 33 00 69 73  |0x62.isr_0x63.is|
0001a8b0  72 5f 30 78 36 34 00 69  73 72 5f 30 78 36 35 00  |r_0x64.isr_0x65.|
0001a8c0  69 73 72 5f 30 78 36 36  00 69 73 72 5f 30 78 36  |isr_0x66.isr_0x6|
0001a8d0  37 00 69 73 72 5f 30 78  36 38 00 69 73 72 5f 30  |7.isr_0x68.isr_0|
0001a8e0  78 36 39 00 69 73 72 5f  30 78 36 61 00 69 73 72  |x69.isr_0x6a.isr|
0001a8f0  5f 30 78 36 62 00 69 73  72 5f 30 78 36 63 00 69  |_0x6b.isr_0x6c.i|
0001a900  73 72 5f 30 78 36 64 00  69 73 72 5f 30 78 36 65  |sr_0x6d.isr_0x6e|
0001a910  00 69 73 72 5f 30 78 36  66 00 69 73 72 5f 30 78  |.isr_0x6f.isr_0x|
0001a920  37 30 00 69 73 72 5f 30  78 37 31 00 69 73 72 5f  |70.isr_0x71.isr_|
0001a930  30 78 37 32 00 69 73 72  5f 30 78 37 33 00 69 73  |0x72.isr_0x73.is|
0001a940  72 5f 30 78 37 34 00 69  73 72 5f 30 78 37 35 00  |r_0x74.isr_0x75.|
0001a950  69 73 72 5f 30 78 37 36  00 69 73 72 5f 30 78 37  |isr_0x76.isr_0x7|
0001a960  37 00 69 73 72 5f 30 78  37 38 00 69 73 72 5f 30  |7.isr_0x78.isr_0|
0001a970  78 37 39 00 69 73 72 5f  30 78 37 61 00 69 73 72  |x79.isr_0x7a.isr|
0001a980  5f 30 78 37 62 00 69 73  72 5f 30 78 37 63 00 69  |_0x7b.isr_0x7c.i|
0001a990  73 72 5f 30 78 37 64 00  69 73 72 5f 30 78 37 65  |sr_0x7d.isr_0x7e|
0001a9a0  00 69 73 72 5f 30 78 37  66 00 69 73 72 5f 30 78  |.isr_0x7f.isr_0x|
0001a9b0  38 30 00 69 73 72 5f 30  78 38 31 00 69 73 72 5f  |80.isr_0x81.isr_|
0001a9c0  30 78 38 32 00 69 73 72  5f 30 78 38 33 00 69 73  |0x82.isr_0x83.is|
0001a9d0  72 5f 30 78 38 34 00 69  73 72 5f 30 78 38 35 00  |r_0x84.isr_0x85.|
0001a9e0  69 73 72 5f 30 78 38 36  00 69 73 72 5f 30 78 38  |isr_0x86.isr_0x8|
0001a9f0  37 00 69 73 72 5f 30 78  38 38 00 69 73 72 5f 30  |7.isr_0x88.isr_0|
0001aa00  78 38 39 00 69 73 72 5f  30 78 38 61 00 69 73 72  |x89.isr_0x8a.isr|
0001aa10  5f 30 78 38 62 00 69 73  72 5f 30 78 38 63 00 69  |_0x8b.isr_0x8c.i|
0001aa20  73 72 5f 30 78 38 64 00  69 73 72 5f 30 78 38 65  |sr_0x8d.isr_0x8e|
0001aa30  00 69 73 72 5f 30 78 38  66 00 69 73 72 5f 30 78  |.isr_0x8f.isr_0x|
0001aa40  39 30 00 69 73 72 5f 30  78 39 31 00 69 73 72 5f  |90.isr_0x91.isr_|
0001aa50  30 78 39 32 00 69 73 72  5f 30 78 39 33 00 69 73  |0x92.isr_0x93.is|
0001aa60  72 5f 30 78 39 34 00 69  73 72 5f 30 78 39 35 00  |r_0x94.isr_0x95.|
0001aa70  69 73 72 5f 30 78 39 36  00 69 73 72 5f 30 78 39  |isr_0x96.isr_0x9|
0001aa80  37 00 69 73 72 5f 30 78  39 38 00 69 73 72 5f 30  |7.isr_0x98.isr_0|
0001aa90  78 39 39 00 69 73 72 5f  30 78 39 61 00 69 73 72  |x99.isr_0x9a.isr|
0001aaa0  5f 30 78 39 62 00 69 73  72 5f 30 78 39 63 00 69  |_0x9b.isr_0x9c.i|
0001aab0  73 72 5f 30 78 39 64 00  69 73 72 5f 30 78 39 65  |sr_0x9d.isr_0x9e|
0001aac0  00 69 73 72 5f 30 78 39  66 00 69 73 72 5f 30 78  |.isr_0x9f.isr_0x|
0001aad0  61 30 00 69 73 72 5f 30  78 61 31 00 69 73 72 5f  |a0.isr_0xa1.isr_|
0001aae0  30 78 61 32 00 69 73 72  5f 30 78 61 33 00 69 73  |0xa2.isr_0xa3.is|
0001aaf0  72 5f 30 78 61 34 00 69  73 72 5f 30 78 61 35 00  |r_0xa4.isr_0xa5.|
0001ab00  69 73 72 5f 30 78 61 36  00 69 73 72 5f 30 78 61  |isr_0xa6.isr_0xa|
0001ab10  37 00 69 73 72 5f 30 78  61 38 00 69 73 72 5f 30  |7.isr_0xa8.isr_0|
0001ab20  78 61 39 00 69 73 72 5f  30 78 61 61 00 69 73 72  |xa9.isr_0xaa.isr|
0001ab30  5f 30 78 61 62 00 69 73  72 5f 30 78 61 63 00 69  |_0xab.isr_0xac.i|
0001ab40  73 72 5f 30 78 61 64 00  69 73 72 5f 30 78 61 65  |sr_0xad.isr_0xae|
0001ab50  00 69 73 72 5f 30 78 61  66 00 69 73 72 5f 30 78  |.isr_0xaf.isr_0x|
0001ab60  62 30 00 69 73 72 5f 30  78 62 31 00 69 73 72 5f  |b0.isr_0xb1.isr_|
0001ab70  30 78 62 32 00 69 73 72  5f 30 78 62 33 00 69 73  |0xb2.isr_0xb3.is|
0001ab80  72 5f 30 78 62 34 00 69  73 72 5f 30 78 62 35 00  |r_0xb4.isr_0xb5.|
0001ab90  69 73 72 5f 30 78 62 36  00 69 73 72 5f 30 78 62  |isr_0xb6.isr_0xb|
0001aba0  37 00 69 73 72 5f 30 78  62 38 00 69 73 72 5f 30  |7.isr_0xb8.isr_0|
0001abb0  78 62 39 00 69 73 72 5f  30 78 62 61 00 69 73 72  |xb9.isr_0xba.isr|
0001abc0  5f 30 78 62 62 00 69 73  72 5f 30 78 62 63 00 69  |_0xbb.isr_0xbc.i|
0001abd0  73 72 5f 30 78 62 64 00  69 73 72 5f 30 78 62 65  |sr_0xbd.isr_0xbe|
0001abe0  00 69 73 72 5f 30 78 62  66 00 69 73 72 5f 30 78  |.isr_0xbf.isr_0x|
0001abf0  63 30 00 69 73 72 5f 30  78 63 31 00 69 73 72 5f  |c0.isr_0xc1.isr_|
0001ac00  30 78 63 32 00 69 73 72  5f 30 78 63 33 00 69 73  |0xc2.isr_0xc3.is|
0001ac10  72 5f 30 78 63 34 00 69  73 72 5f 30 78 63 35 00  |r_0xc4.isr_0xc5.|
0001ac20  69 73 72 5f 30 78 63 36  00 69 73 72 5f 30 78 63  |isr_0xc6.isr_0xc|
0001ac30  37 00 69 73 72 5f 30 78  63 38 00 69 73 72 5f 30  |7.isr_0xc8.isr_0|
0001ac40  78 63 39 00 69 73 72 5f  30 78 63 61 00 69 73 72  |xc9.isr_0xca.isr|
0001ac50  5f 30 78 63 62 00 69 73  72 5f 30 78 63 63 00 69  |_0xcb.isr_0xcc.i|
0001ac60  73 72 5f 30 78 63 64 00  69 73 72 5f 30 78 63 65  |sr_0xcd.isr_0xce|
0001ac70  00 69 73 72 5f 30 78 63  66 00 69 73 72 5f 30 78  |.isr_0xcf.isr_0x|
0001ac80  64 30 00 69 73 72 5f 30  78 64 31 00 69 73 72 5f  |d0.isr_0xd1.isr_|
0001ac90  30 78 64 32 00 69 73 72  5f 30 78 64 33 00 69 73  |0xd2.isr_0xd3.is|
0001aca0  72 5f 30 78 64 34 00 69  73 72 5f 30 78 64 35 00  |r_0xd4.isr_0xd5.|
0001acb0  69 73 72 5f 30 78 64 36  00 69 73 72 5f 30 78 64  |isr_0xd6.isr_0xd|
0001acc0  37 00 69 73 72 5f 30 78  64 38 00 69 73 72 5f 30  |7.isr_0xd8.isr_0|
0001acd0  78 64 39 00 69 73 72 5f  30 78 64 61 00 69 73 72  |xd9.isr_0xda.isr|
0001ace0  5f 30 78 64 62 00 69 73  72 5f 30 78 64 63 00 69  |_0xdb.isr_0xdc.i|
0001acf0  73 72 5f 30 78 64 64 00  69 73 72 5f 30 78 64 65  |sr_0xdd.isr_0xde|
0001ad00  00 69 73 72 5f 30 78 64  66 00 69 73 72 5f 30 78  |.isr_0xdf.isr_0x|
0001ad10  65 30 00 69 73 72 5f 30  78 65 31 00 69 73 72 5f  |e0.isr_0xe1.isr_|
0001ad20  30 78 65 32 00 69 73 72  5f 30 78 65 33 00 69 73  |0xe2.isr_0xe3.is|
0001ad30  72 5f 30 78 65 34 00 69  73 72 5f 30 78 65 35 00  |r_0xe4.isr_0xe5.|
0001ad40  69 73 72 5f 30 78 65 36  00 69 73 72 5f 30 78 65  |isr_0xe6.isr_0xe|
0001ad50  37 00 69 73 72 5f 30 78  65 38 00 69 73 72 5f 30  |7.isr_0xe8.isr_0|
0001ad60  78 65 39 00 69 73 72 5f  30 78 65 61 00 69 73 72  |xe9.isr_0xea.isr|
0001ad70  5f 30 78 65 62 00 69 73  72 5f 30 78 65 63 00 69  |_0xeb.isr_0xec.i|
0001ad80  73 72 5f 30 78 65 64 00  69 73 72 5f 30 78 65 65  |sr_0xed.isr_0xee|
0001ad90  00 69 73 72 5f 30 78 65  66 00 69 73 72 5f 30 78  |.isr_0xef.isr_0x|
0001ada0  66 30 00 69 73 72 5f 30  78 66 31 00 69 73 72 5f  |f0.isr_0xf1.isr_|
0001adb0  30 78 66 32 00 69 73 72  5f 30 78 66 33 00 69 73  |0xf2.isr_0xf3.is|
0001adc0  72 5f 30 78 66 34 00 69  73 72 5f 30 78 66 35 00  |r_0xf4.isr_0xf5.|
0001add0  69 73 72 5f 30 78 66 36  00 69 73 72 5f 30 78 66  |isr_0xf6.isr_0xf|
0001ade0  37 00 69 73 72 5f 30 78  66 38 00 69 73 72 5f 30  |7.isr_0xf8.isr_0|
0001adf0  78 66 39 00 69 73 72 5f  30 78 66 61 00 69 73 72  |xf9.isr_0xfa.isr|
0001ae00  5f 30 78 66 62 00 69 73  72 5f 30 78 66 63 00 69  |_0xfb.isr_0xfc.i|
0001ae10  73 72 5f 30 78 66 64 00  69 73 72 5f 30 78 66 65  |sr_0xfd.isr_0xfe|
0001ae20  00 69 73 72 5f 30 78 66  66 00 63 69 6f 2e 63 00  |.isr_0xff.cio.c.|
0001ae30  73 63 72 6f 6c 6c 5f 6d  69 6e 5f 78 00 73 63 72  |scroll_min_x.scr|
0001ae40  6f 6c 6c 5f 6d 69 6e 5f  79 00 73 63 72 6f 6c 6c  |oll_min_y.scroll|
0001ae50  5f 6d 61 78 5f 78 00 73  63 72 6f 6c 6c 5f 6d 61  |_max_x.scroll_ma|
0001ae60  78 5f 79 00 63 75 72 72  5f 78 00 63 75 72 72 5f  |x_y.curr_x.curr_|
0001ae70  79 00 64 75 70 5f 74 6f  5f 73 69 6f 00 64 75 70  |y.dup_to_sio.dup|
0001ae80  32 73 69 6f 5f 62 61 6b  00 6e 6f 74 69 66 79 00  |2sio_bak.notify.|
0001ae90  73 65 74 63 75 72 73 6f  72 00 6d 79 70 61 64 00  |setcursor.mypad.|
0001aea0  6d 79 70 61 64 73 74 72  00 64 6f 5f 70 72 69 6e  |mypadstr.do_prin|
0001aeb0  74 66 00 69 6e 70 75 74  5f 62 75 66 66 65 72 00  |tf.input_buffer.|
0001aec0  6e 65 78 74 5f 63 68 61  72 00 6e 65 78 74 5f 73  |next_char.next_s|
0001aed0  70 61 63 65 00 69 6e 63  72 65 6d 65 6e 74 00 69  |pace.increment.i|
0001aee0  6e 70 75 74 5f 73 63 61  6e 5f 63 6f 64 65 00 73  |nput_scan_code.s|
0001aef0  68 69 66 74 2e 31 00 63  74 72 6c 5f 6d 61 73 6b  |hift.1.ctrl_mask|
0001af00  2e 30 00 6b 65 79 62 6f  61 72 64 5f 69 73 72 00  |.0.keyboard_isr.|
0001af10  63 6c 6f 63 6b 2e 63 00  70 69 6e 77 68 65 65 6c  |clock.c.pinwheel|
0001af20  00 70 69 6e 64 65 78 00  63 6c 6b 5f 69 73 72 00  |.pindex.clk_isr.|
0001af30  5f 5f 66 75 6e 63 5f 5f  2e 30 00 6b 65 72 6e 65  |__func__.0.kerne|
0001af40  6c 2e 63 00 6b 72 65 70  6f 72 74 00 6b 6d 65 6d  |l.c.kreport.kmem|
0001af50  2e 63 00 66 72 65 65 5f  70 61 67 65 73 00 66 72  |.c.free_pages.fr|
0001af60  65 65 5f 73 6c 69 63 65  73 00 6e 5f 70 61 67 65  |ee_slices.n_page|
0001af70  73 00 6e 5f 73 6c 69 63  65 73 00 6b 6d 5f 69 6e  |s.n_slices.km_in|
0001af80  69 74 69 61 6c 69 7a 65  64 00 61 64 64 5f 62 6c  |itialized.add_bl|
0001af90  6f 63 6b 00 5f 5f 66 75  6e 63 5f 5f 2e 35 00 5f  |ock.__func__.5._|
0001afa0  5f 66 75 6e 63 5f 5f 2e  34 00 5f 5f 66 75 6e 63  |_func__.4.__func|
0001afb0  5f 5f 2e 33 00 63 61 72  76 65 5f 73 6c 69 63 65  |__.3.carve_slice|
0001afc0  73 00 5f 5f 66 75 6e 63  5f 5f 2e 32 00 5f 5f 66  |s.__func__.2.__f|
0001afd0  75 6e 63 5f 5f 2e 31 00  6c 69 73 74 2e 63 00 70  |unc__.1.list.c.p|
0001afe0  72 6f 63 73 2e 63 00 70  63 62 5f 69 78 00 63 6f  |rocs.c.pcb_ix.co|
0001aff0  6d 70 5f 77 61 6b 65 75  70 00 5f 5f 66 75 6e 63  |mp_wakeup.__func|
0001b000  5f 5f 2e 37 00 5f 5f 66  75 6e 63 5f 5f 2e 36 00  |__.7.__func__.6.|
0001b010  71 75 65 75 65 73 2e 63  00 66 72 65 65 5f 71 6e  |queues.c.free_qn|
0001b020  6f 64 65 73 00 71 75 65  75 65 73 00 71 75 65 75  |odes.queues.queu|
0001b030  65 5f 66 72 65 65 00 71  75 65 5f 69 78 00 71 6e  |e_free.que_ix.qn|
0001b040  6f 64 65 5f 66 72 65 65  00 71 6e 6f 64 65 5f 61  |ode_free.qnode_a|
0001b050  64 64 5f 70 61 67 65 00  71 6e 6f 64 65 5f 61 6c  |dd_page.qnode_al|
0001b060  6c 6f 63 00 73 69 6f 2e  63 00 69 6e 62 75 66 66  |loc.sio.c.inbuff|
0001b070  65 72 00 69 6e 6c 61 73  74 00 69 6e 6e 65 78 74  |er.inlast.innext|
0001b080  00 69 6e 63 6f 75 6e 74  00 6f 75 74 62 75 66 66  |.incount.outbuff|
0001b090  65 72 00 6f 75 74 6c 61  73 74 00 6f 75 74 6e 65  |er.outlast.outne|
0001b0a0  78 74 00 6f 75 74 63 6f  75 6e 74 00 73 65 6e 64  |xt.outcount.send|
0001b0b0  69 6e 67 00 69 65 72 00  73 69 6f 5f 69 73 72 00  |ing.ier.sio_isr.|
0001b0c0  73 74 61 63 6b 73 2e 63  00 66 72 65 65 5f 73 74  |stacks.c.free_st|
0001b0d0  61 63 6b 73 00 73 75 70  70 6f 72 74 2e 63 00 75  |acks.support.c.u|
0001b0e0  6e 65 78 70 65 63 74 65  64 5f 68 61 6e 64 6c 65  |nexpected_handle|
0001b0f0  72 00 69 6c 6c 6f 70 5f  66 61 75 6c 74 00 67 70  |r.illop_fault.gp|
0001b100  5f 66 61 75 6c 74 00 64  65 66 61 75 6c 74 5f 68  |_fault.default_h|
0001b110  61 6e 64 6c 65 72 00 6d  79 73 74 65 72 79 5f 68  |andler.mystery_h|
0001b120  61 6e 64 6c 65 72 00 69  6e 69 74 5f 70 69 63 00  |andler.init_pic.|
0001b130  73 65 74 5f 69 64 74 5f  65 6e 74 72 79 00 69 6e  |set_idt_entry.in|
0001b140  69 74 5f 69 64 74 00 73  79 73 63 61 6c 6c 73 2e  |it_idt.syscalls.|
0001b150  63 00 73 74 61 74 75 73  5f 72 65 74 75 72 6e 00  |c.status_return.|
0001b160  5f 5f 66 75 6e 63 5f 5f  2e 31 31 00 5f 5f 66 75  |__func__.11.__fu|
0001b170  6e 63 5f 5f 2e 31 30 00  5f 5f 66 75 6e 63 5f 5f  |nc__.10.__func__|
0001b180  2e 39 00 5f 5f 66 75 6e  63 5f 5f 2e 38 00 73 79  |.9.__func__.8.sy|
0001b190  73 63 61 6c 6c 73 00 73  79 73 5f 69 73 72 00 6b  |scalls.sys_isr.k|
0001b1a0  65 78 74 72 61 73 2e 63  00 72 5f 65 62 70 00 62  |extras.c.r_ebp.b|
0001b1b0  6c 6b 6d 6f 76 2e 63 00  62 6f 75 6e 64 2e 63 00  |lkmov.c.bound.c.|
0001b1c0  63 76 74 64 65 63 2e 63  00 63 76 74 64 65 63 30  |cvtdec.c.cvtdec0|
0001b1d0  2e 63 00 63 76 74 68 65  78 2e 63 00 63 76 74 6f  |.c.cvthex.c.cvto|
0001b1e0  63 74 2e 63 00 63 76 74  75 6e 73 2e 63 00 63 76  |ct.c.cvtuns.c.cv|
0001b1f0  74 75 6e 73 30 2e 63 00  6d 65 6d 63 6c 72 2e 63  |tuns0.c.memclr.c|
0001b200  00 6d 65 6d 63 70 79 2e  63 00 6d 65 6d 6d 6f 76  |.memcpy.c.memmov|
0001b210  65 2e 63 00 6d 65 6d 73  65 74 2e 63 00 73 70 72  |e.c.memset.c.spr|
0001b220  69 6e 74 2e 63 00 73 74  72 63 6d 70 2e 63 00 73  |int.c.strcmp.c.s|
0001b230  74 72 6c 65 6e 2e 63 00  70 61 64 73 74 72 2e 63  |trlen.c.padstr.c|
0001b240  00 70 61 64 2e 63 00 63  69 6f 5f 70 75 74 63 68  |.pad.c.cio_putch|
0001b250  61 72 5f 61 74 00 73 69  6f 5f 64 69 73 61 62 6c  |ar_at.sio_disabl|
0001b260  65 00 70 63 62 5f 66 69  6e 64 5f 70 69 64 00 62  |e.pcb_find_pid.b|
0001b270  35 31 32 00 63 69 6f 5f  70 75 74 73 00 6b 6d 5f  |512.cio_puts.km_|
0001b280  69 6e 69 74 00 73 69 6f  5f 66 6c 75 73 68 00 73  |init.sio_flush.s|
0001b290  69 6f 5f 64 75 6d 70 00  75 73 65 72 5f 73 65 67  |io_dump.user_seg|
0001b2a0  6d 65 6e 74 00 6d 65 6d  6d 6f 76 65 00 63 74 78  |ment.memmove.ctx|
0001b2b0  5f 73 61 6e 69 74 79 5f  63 68 65 63 6b 00 73 74  |_sanity_check.st|
0001b2c0  6b 5f 69 6e 69 74 00 70  63 62 5f 61 6c 6c 6f 63  |k_init.pcb_alloc|
0001b2d0  00 6b 6d 5f 70 61 67 65  5f 66 72 65 65 00 73 79  |.km_page_free.sy|
0001b2e0  73 5f 66 6f 72 6b 00 63  76 74 75 6e 73 00 71 75  |s_fork.cvtuns.qu|
0001b2f0  65 5f 69 6e 73 65 72 74  00 75 73 65 72 5f 6c 6f  |e_insert.user_lo|
0001b300  63 73 00 5f 65 74 65 78  74 00 63 69 6f 5f 70 75  |cs._etext.cio_pu|
0001b310  74 73 5f 61 74 00 71 75  65 5f 61 6c 6c 6f 63 00  |ts_at.que_alloc.|
0001b320  73 69 6f 72 65 61 64 00  62 70 61 6e 69 63 00 70  |sioread.bpanic.p|
0001b330  63 62 5f 66 69 6e 64 5f  63 68 69 6c 64 5f 6f 66  |cb_find_child_of|
0001b340  00 73 6c 65 65 70 69 6e  67 00 6c 69 73 74 5f 61  |.sleeping.list_a|
0001b350  64 64 00 73 79 73 5f 72  65 61 64 00 6b 6d 5f 70  |dd.sys_read.km_p|
0001b360  61 67 65 5f 66 72 65 65  5f 6d 75 6c 74 69 00 6d  |age_free_multi.m|
0001b370  65 6d 63 70 79 00 62 6c  6b 6d 6f 76 00 73 79 73  |emcpy.blkmov.sys|
0001b380  5f 69 6e 69 74 00 69 6e  69 74 5f 70 63 62 00 63  |_init.init_pcb.c|
0001b390  74 78 5f 64 75 6d 70 5f  61 6c 6c 00 70 74 61 62  |tx_dump_all.ptab|
0001b3a0  6c 65 5f 64 75 6d 70 00  6b 6d 5f 73 6c 69 63 65  |le_dump.km_slice|
0001b3b0  5f 66 72 65 65 00 73 74  6b 5f 64 75 6d 70 00 63  |_free.stk_dump.c|
0001b3c0  69 6f 5f 63 6c 65 61 72  73 63 72 65 65 6e 00 70  |io_clearscreen.p|
0001b3d0  63 62 5f 63 6c 65 61 6e  75 70 00 73 69 6f 5f 69  |cb_cleanup.sio_i|
0001b3e0  6e 71 5f 6c 65 6e 67 74  68 00 73 69 6f 5f 72 65  |nq_length.sio_re|
0001b3f0  61 64 79 00 71 75 65 5f  6c 65 6e 67 74 68 00 62  |ady.que_length.b|
0001b400  6c 6f 63 6b 65 64 00 63  69 6f 5f 73 63 72 6f 6c  |locked.cio_scrol|
0001b410  6c 00 62 65 67 74 65 78  74 00 73 74 61 74 65 5f  |l.begtext.state_|
0001b420  73 74 72 00 63 6c 6b 5f  69 6e 69 74 00 63 69 6f  |str.clk_init.cio|
0001b430  5f 67 65 74 73 00 73 63  68 65 64 75 6c 65 00 71  |_gets.schedule.q|
0001b440  75 65 5f 72 65 6d 6f 76  65 5f 62 79 00 73 69 6f  |ue_remove_by.sio|
0001b450  5f 69 6e 69 74 00 73 79  73 5f 73 6c 65 65 70 00  |_init.sys_sleep.|
0001b460  73 74 6b 5f 73 65 74 75  70 00 69 73 72 5f 72 65  |stk_setup.isr_re|
0001b470  73 74 6f 72 65 00 63 74  78 5f 64 75 6d 70 00 73  |store.ctx_dump.s|
0001b480  70 72 69 6e 74 00 63 76  74 68 65 78 00 62 32 35  |print.cvthex.b25|
0001b490  36 00 63 76 74 75 6e 73  30 00 71 75 65 5f 70 65  |6.cvtuns0.que_pe|
0001b4a0  65 6b 00 5f 72 6f 64 61  74 61 00 62 61 63 6b 74  |ek._rodata.backt|
0001b4b0  72 61 63 65 00 69 6e 73  74 61 6c 6c 5f 69 73 72  |race.install_isr|
0001b4c0  00 70 72 69 6f 5f 73 74  72 00 6b 6d 5f 73 6c 69  |.prio_str.km_sli|
0001b4d0  63 65 5f 61 6c 6c 6f 63  00 6b 6d 5f 70 61 67 65  |ce_alloc.km_page|
0001b4e0  5f 61 6c 6c 6f 63 00 73  79 73 5f 77 72 69 74 65  |_alloc.sys_write|
0001b4f0  00 62 6f 75 6e 64 00 73  79 73 74 65 6d 5f 74 69  |.bound.system_ti|
0001b500  6d 65 00 63 69 6f 5f 77  72 69 74 65 00 63 69 6f  |me.cio_write.cio|
0001b510  5f 73 65 74 73 63 72 6f  6c 6c 00 73 74 6b 5f 61  |_setscroll.stk_a|
0001b520  6c 6c 6f 63 00 71 75 65  5f 66 72 65 65 00 63 75  |lloc.que_free.cu|
0001b530  72 72 65 6e 74 00 6b 6d  5f 64 75 6d 70 00 73 69  |rrent.km_dump.si|
0001b540  6f 5f 77 72 69 74 65 00  63 69 6f 5f 72 65 61 64  |o_write.cio_read|
0001b550  79 00 63 76 74 64 65 63  30 00 75 73 65 72 5f 6f  |y.cvtdec0.user_o|
0001b560  66 66 73 65 74 00 75 73  65 72 5f 73 65 63 74 6f  |ffset.user_secto|
0001b570  72 73 00 64 69 73 70 61  74 63 68 00 70 63 62 5f  |rs.dispatch.pcb_|
0001b580  64 75 6d 70 00 70 63 62  5f 69 6e 69 74 00 7a 6f  |dump.pcb_init.zo|
0001b590  6d 62 69 65 00 63 69 6f  5f 69 6e 69 74 00 68 65  |mbie.cio_init.he|
0001b5a0  78 64 69 67 69 74 73 00  5f 5f 62 73 73 5f 73 74  |xdigits.__bss_st|
0001b5b0  61 72 74 00 6d 65 6d 73  65 74 00 6d 61 69 6e 00  |art.memset.main.|
0001b5c0  69 6e 69 74 5f 69 6e 74  65 72 72 75 70 74 73 00  |init_interrupts.|
0001b5d0  73 69 6f 5f 72 65 61 64  00 69 73 72 5f 74 61 62  |sio_read.isr_tab|
0001b5e0  6c 65 00 70 75 74 5f 63  68 61 72 5f 6f 72 5f 63  |le.put_char_or_c|
0001b5f0  6f 64 65 00 63 69 6f 5f  6f 70 74 5f 73 65 74 00  |ode.cio_opt_set.|
0001b600  73 69 6f 5f 70 75 74 73  00 73 74 72 63 6d 70 00  |sio_puts.strcmp.|
0001b610  6e 65 78 74 5f 70 69 64  00 64 65 6c 61 79 00 70  |next_pid.delay.p|
0001b620  63 62 5f 7a 6f 6d 62 69  66 79 00 71 75 65 5f 69  |cb_zombify.que_i|
0001b630  6e 69 74 00 73 69 6f 5f  72 65 61 64 63 00 6b 70  |nit.sio_readc.kp|
0001b640  61 6e 69 63 00 63 69 6f  5f 70 72 69 6e 74 66 5f  |anic.cio_printf_|
0001b650  61 74 00 6b 65 73 70 00  63 69 6f 5f 69 6e 70 75  |at.kesp.cio_inpu|
0001b660  74 5f 71 75 65 75 65 00  70 63 62 5f 66 72 65 65  |t_queue.pcb_free|
0001b670  00 63 69 6f 5f 70 72 69  6e 74 66 00 5f 64 61 74  |.cio_printf._dat|
0001b680  61 00 73 79 73 5f 67 65  74 74 69 6d 65 00 63 69  |a.sys_gettime.ci|
0001b690  6f 5f 70 75 74 63 68 61  72 00 63 76 74 6f 63 74  |o_putchar.cvtoct|
0001b6a0  00 73 79 73 5f 67 65 74  70 72 69 6f 00 73 69 6f  |.sys_getprio.sio|
0001b6b0  5f 70 75 74 63 68 61 72  00 73 79 73 5f 65 78 65  |_putchar.sys_exe|
0001b6c0  63 00 73 74 6b 5f 66 72  65 65 00 5f 65 64 61 74  |c.stk_free._edat|
0001b6d0  61 00 63 76 74 64 65 63  00 69 73 72 5f 73 74 75  |a.cvtdec.isr_stu|
0001b6e0  62 5f 74 61 62 6c 65 00  5f 65 6e 64 00 73 79 73  |b_table._end.sys|
0001b6f0  5f 77 61 69 74 00 73 79  73 5f 65 78 69 74 00 70  |_wait.sys_exit.p|
0001b700  74 61 62 6c 65 5f 64 75  6d 70 5f 73 74 61 74 73  |table_dump_stats|
0001b710  00 70 74 61 62 6c 65 00  6d 65 6d 63 6c 72 00 73  |.ptable.memclr.s|
0001b720  74 72 6c 65 6e 00 63 69  6f 5f 6d 6f 76 65 74 6f  |trlen.cio_moveto|
0001b730  00 63 69 6f 5f 63 6c 65  61 72 73 63 72 6f 6c 6c  |.cio_clearscroll|
0001b740  00 73 79 73 5f 67 65 74  70 69 64 00 71 75 65 5f  |.sys_getpid.que_|
0001b750  64 75 6d 70 00 73 69 6f  5f 65 6e 61 62 6c 65 00  |dump.sio_enable.|
0001b760  73 69 6f 5f 77 72 69 74  65 63 00 71 75 65 5f 72  |sio_writec.que_r|
0001b770  65 6d 6f 76 65 00 63 69  6f 5f 67 65 74 63 68 61  |emove.cio_getcha|
0001b780  72 00 6c 69 73 74 5f 72  65 6d 6f 76 65 00 63 69  |r.list_remove.ci|
0001b790  6f 5f 6f 70 74 5f 63 6c  65 61 72 00 6b 73 74 61  |o_opt_clear.ksta|
0001b7a0  63 6b 00 5f 65 72 6f 64  61 74 61 00 00 2e 73 79  |ck._erodata...sy|
0001b7b0  6d 74 61 62 00 2e 73 74  72 74 61 62 00 2e 73 68  |mtab..strtab..sh|
0001b7c0  73 74 72 74 61 62 00 2e  74 65 78 74 00 2e 72 6f  |strtab..text..ro|
0001b7d0  64 61 74 61 00 2e 64 61  74 61 00 2e 62 73 73 00  |data..data..bss.|
0001b7e0  2e 64 65 62 75 67 5f 6c  69 6e 65 00 2e 64 65 62  |.debug_line..deb|
0001b7f0  75 67 5f 6c 69 6e 65 5f  73 74 72 00 2e 64 65 62  |ug_line_str..deb|
0001b800  75 67 5f 69 6e 66 6f 00  2e 64 65 62 75 67 5f 61  |ug_info..debug_a|
0001b810  62 62 72 65 76 00 2e 64  65 62 75 67 5f 61 72 61  |bbrev..debug_ara|
0001b820  6e 67 65 73 00 2e 64 65  62 75 67 5f 73 74 72 00  |nges..debug_str.|
0001b830  2e 64 65 62 75 67 5f 72  6e 67 6c 69 73 74 73 00  |.debug_rnglists.|
0001b840  00 00 00 00 00 00 00 00  00 00 00 00 00 00 00 00  |................|
*
0001b860  00 00 00 00 00 00 00 00  1b 00 00 00 01 00 00 00  |................|
0001b870  06 00 00 00 00 00 01 00  00 10 00 00 88 6b 00 00  |.............k..|
0001b880  00 00 00 00 00 00 00 00  01 00 00 00 00 00 00 00  |................|
0001b890  21 00 00 00 01 00 00 00  02 00 00 00 00 70 01 00  |!............p..|
0001b8a0  00 80 00 00 c8 14 00 00  00 00 00 00 00 00 00 00  |................|
0001b8b0  20 00 00 00 00 00 00 00  29 00 00 00 01 00 00 00  | .......).......|
0001b8c0  03 00 00 00 00 90 01 00  00 a0 00 00 0c 05 00 00  |................|
0001b8d0  00 00 00 00 00 00 00 00  20 00 00 00 00 00 00 00  |........ .......|
0001b8e0  2f 00 00 00 08 00 00 00  03 00 00 00 00 a0 01 00  |/...............|
0001b8f0  0c a5 00 00 c0 16 00 00  00 00 00 00 00 00 00 00  |................|
0001b900  20 00 00 00 00 00 00 00  34 00 00 00 01 00 00 00  | .......4.......|
0001b910  00 00 00 00 00 00 00 00  0c a5 00 00 02 33 00 00  |.............3..|
0001b920  00 00 00 00 00 00 00 00  01 00 00 00 00 00 00 00  |................|
0001b930  40 00 00 00 01 00 00 00  30 00 00 00 00 00 00 00  |@.......0.......|
0001b940  0e d8 00 00 61 02 00 00  00 00 00 00 00 00 00 00  |....a...........|
0001b950  01 00 00 00 01 00 00 00  50 00 00 00 01 00 00 00  |........P.......|
0001b960  00 00 00 00 00 00 00 00  6f da 00 00 98 6f 00 00  |........o....o..|
0001b970  00 00 00 00 00 00 00 00  01 00 00 00 00 00 00 00  |................|
0001b980  5c 00 00 00 01 00 00 00  00 00 00 00 00 00 00 00  |\...............|
0001b990  07 4a 01 00 36 27 00 00  00 00 00 00 00 00 00 00  |.J..6'..........|
0001b9a0  01 00 00 00 00 00 00 00  6a 00 00 00 01 00 00 00  |........j.......|
0001b9b0  00 00 00 00 00 00 00 00  40 71 01 00 e0 03 00 00  |........@q......|
0001b9c0  00 00 00 00 00 00 00 00  08 00 00 00 00 00 00 00  |................|
0001b9d0  79 00 00 00 01 00 00 00  30 00 00 00 00 00 00 00  |y.......0.......|
0001b9e0  20 75 01 00 bd 0d 00 00  00 00 00 00 00 00 00 00  | u..............|
0001b9f0  01 00 00 00 01 00 00 00  84 00 00 00 01 00 00 00  |................|
0001ba00  00 00 00 00 00 00 00 00  dd 82 01 00 45 00 00 00  |............E...|
0001ba10  00 00 00 00 00 00 00 00  01 00 00 00 00 00 00 00  |................|
0001ba20  01 00 00 00 02 00 00 00  00 00 00 00 00 00 00 00  |................|
0001ba30  24 83 01 00 e0 21 00 00  0d 00 00 00 91 01 00 00  |$....!..........|
0001ba40  04 00 00 00 10 00 00 00  09 00 00 00 03 00 00 00  |................|
0001ba50  00 00 00 00 00 00 00 00  04 a5 01 00 a8 12 00 00  |................|
0001ba60  00 00 00 00 00 00 00 00  01 00 00 00 00 00 00 00  |................|
0001ba70  11 00 00 00 03 00 00 00  00 00 00 00 00 00 00 00  |................|
0001ba80  ac b7 01 00 94 00 00 00  00 00 00 00 00 00 00 00  |................|
0001ba90  01 00 00 00 00 00 00 00                           |........|
0001ba98
